
> dev
> nuxt dev

|
•  Nuxt 3.13.0 (with Nitro 2.13.4, Vite 5.4.21 and Vue 3.5.34)

  ➜ Local:    http://localhost:3000/
  ➜ Network:  use --host to expose

Using 2024-04-03 as fallback compatibility date.
[nuxt:tailwindcss] i Using default Tailwind CSS file
  ➜ DevTools: press Shift + Alt + D in the browser (v1.7.0)

i Running with compatibility version 4
√ Vite client built in 34ms
√ Vite server built in 1209ms
[nitro] √ Nuxt Nitro server built in 841ms
i Nuxt now supports pinning the behavior of provider and deployment presets with a compatibility date. We recommend you specify a compatibilityDate in your nuxt.config file, or set an environment variable, such as COMPATIBILITY_DATE=2026-05-25.
i Vite client warmed up in 1ms
i Vite server warmed up in 1039ms
i nuxt.config.ts updated. Restarting Nuxt...
Using 2024-04-03 as fallback compatibility date.
[nuxt:tailwindcss] i Using default Tailwind CSS file
  ➜ DevTools: press Shift + Alt + D in the browser (v1.7.0)

i Running with compatibility version 4
√ Vite client built in 16ms
√ Vite server built in 1054ms

 WARN  'manifest-route-rule' middleware already exists at 'D:/domains/ratingo-admin/node_modules/nuxt/dist/app/middleware/manifest-route-rule.js'. You can set override: true to replace it.


 WARN  'manifest-route-rule' middleware already exists at 'D:/domains/ratingo-admin/node_modules/nuxt/dist/app/middleware/manifest-route-rule.js'. You can set override: true to replace it.


 WARN  'manifest-route-rule' middleware already exists at 'D:/domains/ratingo-admin/node_modules/nuxt/dist/app/middleware/manifest-route-rule.js'. You can set override: true to replace it.


 WARN  'manifest-route-rule' middleware already exists at 'D:/domains/ratingo-admin/node_modules/nuxt/dist/app/middleware/manifest-route-rule.js'. You can set override: true to replace it.


 WARN  'manifest-route-rule' middleware already exists at 'D:/domains/ratingo-admin/node_modules/nuxt/dist/app/middleware/manifest-route-rule.js'. You can set override: true to replace it.


 WARN  'manifest-route-rule' middleware already exists at 'D:/domains/ratingo-admin/node_modules/nuxt/dist/app/middleware/manifest-route-rule.js'. You can set override: true to replace it.


 WARN  'manifest-route-rule' middleware already exists at 'D:/domains/ratingo-admin/node_modules/nuxt/dist/app/middleware/manifest-route-rule.js'. You can set override: true to replace it. (repeated 336 times)


 WARN  'manifest-route-rule' middleware already exists at 'D:/domains/ratingo-admin/node_modules/nuxt/dist/app/middleware/manifest-route-rule.js'. You can set override: true to replace it.


 WARN  'manifest-route-rule' middleware already exists at 'D:/domains/ratingo-admin/node_modules/nuxt/dist/app/middleware/manifest-route-rule.js'. You can set override: true to replace it.


 WARN  'manifest-route-rule' middleware already exists at 'D:/domains/ratingo-admin/node_modules/nuxt/dist/app/middleware/manifest-route-rule.js'. You can set override: true to replace it.


 WARN  'manifest-route-rule' middleware already exists at 'D:/domains/ratingo-admin/node_modules/nuxt/dist/app/middleware/manifest-route-rule.js'. You can set override: true to replace it.


 WARN  'manifest-route-rule' middleware already exists at 'D:/domains/ratingo-admin/node_modules/nuxt/dist/app/middleware/manifest-route-rule.js'. You can set override: true to replace it.


 WARN  'manifest-route-rule' middleware already exists at 'D:/domains/ratingo-admin/node_modules/nuxt/dist/app/middleware/manifest-route-rule.js'. You can set override: true to replace it. (repeated 185 times)


 WARN  'manifest-route-rule' middleware already exists at 'D:/domains/ratingo-admin/node_modules/nuxt/dist/app/middleware/manifest-route-rule.js'. You can set override: true to replace it.


 WARN  'manifest-route-rule' middleware already exists at 'D:/domains/ratingo-admin/node_modules/nuxt/dist/app/middleware/manifest-route-rule.js'. You can set override: true to replace it.


 WARN  'manifest-route-rule' middleware already exists at 'D:/domains/ratingo-admin/node_modules/nuxt/dist/app/middleware/manifest-route-rule.js'. You can set override: true to replace it.


 WARN  'manifest-route-rule' middleware already exists at 'D:/domains/ratingo-admin/node_modules/nuxt/dist/app/middleware/manifest-route-rule.js'. You can set override: true to replace it.


 WARN  'manifest-route-rule' middleware already exists at 'D:/domains/ratingo-admin/node_modules/nuxt/dist/app/middleware/manifest-route-rule.js'. You can set override: true to replace it.


 WARN  'manifest-route-rule' middleware already exists at 'D:/domains/ratingo-admin/node_modules/nuxt/dist/app/middleware/manifest-route-rule.js'. You can set override: true to replace it. (repeated 53 times)


 WARN  'manifest-route-rule' middleware already exists at 'D:/domains/ratingo-admin/node_modules/nuxt/dist/app/middleware/manifest-route-rule.js'. You can set override: true to replace it.


 WARN  'manifest-route-rule' middleware already exists at 'D:/domains/ratingo-admin/node_modules/nuxt/dist/app/middleware/manifest-route-rule.js'. You can set override: true to replace it.


 WARN  'manifest-route-rule' middleware already exists at 'D:/domains/ratingo-admin/node_modules/nuxt/dist/app/middleware/manifest-route-rule.js'. You can set override: true to replace it.


 WARN  'manifest-route-rule' middleware already exists at 'D:/domains/ratingo-admin/node_modules/nuxt/dist/app/middleware/manifest-route-rule.js'. You can set override: true to replace it.


 WARN  'manifest-route-rule' middleware already exists at 'D:/domains/ratingo-admin/node_modules/nuxt/dist/app/middleware/manifest-route-rule.js'. You can set override: true to replace it.


 WARN  'manifest-route-rule' middleware already exists at 'D:/domains/ratingo-admin/node_modules/nuxt/dist/app/middleware/manifest-route-rule.js'. You can set override: true to replace it. (repeated 79 times)


 WARN  'manifest-route-rule' middleware already exists at 'D:/domains/ratingo-admin/node_modules/nuxt/dist/app/middleware/manifest-route-rule.js'. You can set override: true to replace it.


 WARN  'manifest-route-rule' middleware already exists at 'D:/domains/ratingo-admin/node_modules/nuxt/dist/app/middleware/manifest-route-rule.js'. You can set override: true to replace it.


 WARN  'manifest-route-rule' middleware already exists at 'D:/domains/ratingo-admin/node_modules/nuxt/dist/app/middleware/manifest-route-rule.js'. You can set override: true to replace it.


 WARN  'manifest-route-rule' middleware already exists at 'D:/domains/ratingo-admin/node_modules/nuxt/dist/app/middleware/manifest-route-rule.js'. You can set override: true to replace it.


 WARN  'manifest-route-rule' middleware already exists at 'D:/domains/ratingo-admin/node_modules/nuxt/dist/app/middleware/manifest-route-rule.js'. You can set override: true to replace it.


 WARN  'manifest-route-rule' middleware already exists at 'D:/domains/ratingo-admin/node_modules/nuxt/dist/app/middleware/manifest-route-rule.js'. You can set override: true to replace it. (repeated 20 times)


 WARN  'manifest-route-rule' middleware already exists at 'D:/domains/ratingo-admin/node_modules/nuxt/dist/app/middleware/manifest-route-rule.js'. You can set override: true to replace it.


 WARN  'manifest-route-rule' middleware already exists at 'D:/domains/ratingo-admin/node_modules/nuxt/dist/app/middleware/manifest-route-rule.js'. You can set override: true to replace it.


 WARN  'manifest-route-rule' middleware already exists at 'D:/domains/ratingo-admin/node_modules/nuxt/dist/app/middleware/manifest-route-rule.js'. You can set override: true to replace it.


 WARN  'manifest-route-rule' middleware already exists at 'D:/domains/ratingo-admin/node_modules/nuxt/dist/app/middleware/manifest-route-rule.js'. You can set override: true to replace it.


 WARN  'manifest-route-rule' middleware already exists at 'D:/domains/ratingo-admin/node_modules/nuxt/dist/app/middleware/manifest-route-rule.js'. You can set override: true to replace it.


 WARN  'manifest-route-rule' middleware already exists at 'D:/domains/ratingo-admin/node_modules/nuxt/dist/app/middleware/manifest-route-rule.js'. You can set override: true to replace it. (repeated 25 times)


 WARN  'manifest-route-rule' middleware already exists at 'D:/domains/ratingo-admin/node_modules/nuxt/dist/app/middleware/manifest-route-rule.js'. You can set override: true to replace it.


 WARN  'manifest-route-rule' middleware already exists at 'D:/domains/ratingo-admin/node_modules/nuxt/dist/app/middleware/manifest-route-rule.js'. You can set override: true to replace it.


 WARN  'manifest-route-rule' middleware already exists at 'D:/domains/ratingo-admin/node_modules/nuxt/dist/app/middleware/manifest-route-rule.js'. You can set override: true to replace it.


 WARN  'manifest-route-rule' middleware already exists at 'D:/domains/ratingo-admin/node_modules/nuxt/dist/app/middleware/manifest-route-rule.js'. You can set override: true to replace it.


 WARN  'manifest-route-rule' middleware already exists at 'D:/domains/ratingo-admin/node_modules/nuxt/dist/app/middleware/manifest-route-rule.js'. You can set override: true to replace it.


 WARN  'manifest-route-rule' middleware already exists at 'D:/domains/ratingo-admin/node_modules/nuxt/dist/app/middleware/manifest-route-rule.js'. You can set override: true to replace it. (repeated 106 times)


 WARN  'manifest-route-rule' middleware already exists at 'D:/domains/ratingo-admin/node_modules/nuxt/dist/app/middleware/manifest-route-rule.js'. You can set override: true to replace it.


 WARN  'manifest-route-rule' middleware already exists at 'D:/domains/ratingo-admin/node_modules/nuxt/dist/app/middleware/manifest-route-rule.js'. You can set override: true to replace it.


 WARN  'manifest-route-rule' middleware already exists at 'D:/domains/ratingo-admin/node_modules/nuxt/dist/app/middleware/manifest-route-rule.js'. You can set override: true to replace it.


 WARN  'manifest-route-rule' middleware already exists at 'D:/domains/ratingo-admin/node_modules/nuxt/dist/app/middleware/manifest-route-rule.js'. You can set override: true to replace it.


 WARN  'manifest-route-rule' middleware already exists at 'D:/domains/ratingo-admin/node_modules/nuxt/dist/app/middleware/manifest-route-rule.js'. You can set override: true to replace it.


 WARN  'manifest-route-rule' middleware already exists at 'D:/domains/ratingo-admin/node_modules/nuxt/dist/app/middleware/manifest-route-rule.js'. You can set override: true to replace it. (repeated 57 times)


 WARN  'manifest-route-rule' middleware already exists at 'D:/domains/ratingo-admin/node_modules/nuxt/dist/app/middleware/manifest-route-rule.js'. You can set override: true to replace it.


 WARN  'manifest-route-rule' middleware already exists at 'D:/domains/ratingo-admin/node_modules/nuxt/dist/app/middleware/manifest-route-rule.js'. You can set override: true to replace it.


 WARN  'manifest-route-rule' middleware already exists at 'D:/domains/ratingo-admin/node_modules/nuxt/dist/app/middleware/manifest-route-rule.js'. You can set override: true to replace it.


 WARN  'manifest-route-rule' middleware already exists at 'D:/domains/ratingo-admin/node_modules/nuxt/dist/app/middleware/manifest-route-rule.js'. You can set override: true to replace it.


 WARN  'manifest-route-rule' middleware already exists at 'D:/domains/ratingo-admin/node_modules/nuxt/dist/app/middleware/manifest-route-rule.js'. You can set override: true to replace it.


 WARN  'manifest-route-rule' middleware already exists at 'D:/domains/ratingo-admin/node_modules/nuxt/dist/app/middleware/manifest-route-rule.js'. You can set override: true to replace it. (repeated 11 times)


 WARN  'manifest-route-rule' middleware already exists at 'D:/domains/ratingo-admin/node_modules/nuxt/dist/app/middleware/manifest-route-rule.js'. You can set override: true to replace it.


 WARN  'manifest-route-rule' middleware already exists at 'D:/domains/ratingo-admin/node_modules/nuxt/dist/app/middleware/manifest-route-rule.js'. You can set override: true to replace it.


 WARN  'manifest-route-rule' middleware already exists at 'D:/domains/ratingo-admin/node_modules/nuxt/dist/app/middleware/manifest-route-rule.js'. You can set override: true to replace it.


 WARN  'manifest-route-rule' middleware already exists at 'D:/domains/ratingo-admin/node_modules/nuxt/dist/app/middleware/manifest-route-rule.js'. You can set override: true to replace it.


 WARN  'manifest-route-rule' middleware already exists at 'D:/domains/ratingo-admin/node_modules/nuxt/dist/app/middleware/manifest-route-rule.js'. You can set override: true to replace it.


 WARN  'manifest-route-rule' middleware already exists at 'D:/domains/ratingo-admin/node_modules/nuxt/dist/app/middleware/manifest-route-rule.js'. You can set override: true to replace it. (repeated 13 times)


 WARN  'manifest-route-rule' middleware already exists at 'D:/domains/ratingo-admin/node_modules/nuxt/dist/app/middleware/manifest-route-rule.js'. You can set override: true to replace it.


 WARN  'manifest-route-rule' middleware already exists at 'D:/domains/ratingo-admin/node_modules/nuxt/dist/app/middleware/manifest-route-rule.js'. You can set override: true to replace it.


 WARN  'manifest-route-rule' middleware already exists at 'D:/domains/ratingo-admin/node_modules/nuxt/dist/app/middleware/manifest-route-rule.js'. You can set override: true to replace it.


 WARN  'manifest-route-rule' middleware already exists at 'D:/domains/ratingo-admin/node_modules/nuxt/dist/app/middleware/manifest-route-rule.js'. You can set override: true to replace it.


 WARN  'manifest-route-rule' middleware already exists at 'D:/domains/ratingo-admin/node_modules/nuxt/dist/app/middleware/manifest-route-rule.js'. You can set override: true to replace it.


 WARN  'manifest-route-rule' middleware already exists at 'D:/domains/ratingo-admin/node_modules/nuxt/dist/app/middleware/manifest-route-rule.js'. You can set override: true to replace it. (repeated 4 times)


 WARN  'manifest-route-rule' middleware already exists at 'D:/domains/ratingo-admin/node_modules/nuxt/dist/app/middleware/manifest-route-rule.js'. You can set override: true to replace it.


 WARN  'manifest-route-rule' middleware already exists at 'D:/domains/ratingo-admin/node_modules/nuxt/dist/app/middleware/manifest-route-rule.js'. You can set override: true to replace it.


 WARN  'manifest-route-rule' middleware already exists at 'D:/domains/ratingo-admin/node_modules/nuxt/dist/app/middleware/manifest-route-rule.js'. You can set override: true to replace it.


 WARN  'manifest-route-rule' middleware already exists at 'D:/domains/ratingo-admin/node_modules/nuxt/dist/app/middleware/manifest-route-rule.js'. You can set override: true to replace it.


 WARN  'manifest-route-rule' middleware already exists at 'D:/domains/ratingo-admin/node_modules/nuxt/dist/app/middleware/manifest-route-rule.js'. You can set override: true to replace it.


 WARN  'manifest-route-rule' middleware already exists at 'D:/domains/ratingo-admin/node_modules/nuxt/dist/app/middleware/manifest-route-rule.js'. You can set override: true to replace it. (repeated 84 times)


 WARN  'manifest-route-rule' middleware already exists at 'D:/domains/ratingo-admin/node_modules/nuxt/dist/app/middleware/manifest-route-rule.js'. You can set override: true to replace it.


 WARN  'manifest-route-rule' middleware already exists at 'D:/domains/ratingo-admin/node_modules/nuxt/dist/app/middleware/manifest-route-rule.js'. You can set override: true to replace it.


 WARN  'manifest-route-rule' middleware already exists at 'D:/domains/ratingo-admin/node_modules/nuxt/dist/app/middleware/manifest-route-rule.js'. You can set override: true to replace it.


 WARN  'manifest-route-rule' middleware already exists at 'D:/domains/ratingo-admin/node_modules/nuxt/dist/app/middleware/manifest-route-rule.js'. You can set override: true to replace it.


 WARN  'manifest-route-rule' middleware already exists at 'D:/domains/ratingo-admin/node_modules/nuxt/dist/app/middleware/manifest-route-rule.js'. You can set override: true to replace it.


 WARN  'manifest-route-rule' middleware already exists at 'D:/domains/ratingo-admin/node_modules/nuxt/dist/app/middleware/manifest-route-rule.js'. You can set override: true to replace it.


 WARN  'manifest-route-rule' middleware already exists at 'D:/domains/ratingo-admin/node_modules/nuxt/dist/app/middleware/manifest-route-rule.js'. You can set override: true to replace it. (repeated 52 times)


 WARN  'manifest-route-rule' middleware already exists at 'D:/domains/ratingo-admin/node_modules/nuxt/dist/app/middleware/manifest-route-rule.js'. You can set override: true to replace it.


 WARN  'manifest-route-rule' middleware already exists at 'D:/domains/ratingo-admin/node_modules/nuxt/dist/app/middleware/manifest-route-rule.js'. You can set override: true to replace it.


 WARN  'manifest-route-rule' middleware already exists at 'D:/domains/ratingo-admin/node_modules/nuxt/dist/app/middleware/manifest-route-rule.js'. You can set override: true to replace it.


 WARN  'manifest-route-rule' middleware already exists at 'D:/domains/ratingo-admin/node_modules/nuxt/dist/app/middleware/manifest-route-rule.js'. You can set override: true to replace it.


 WARN  'manifest-route-rule' middleware already exists at 'D:/domains/ratingo-admin/node_modules/nuxt/dist/app/middleware/manifest-route-rule.js'. You can set override: true to replace it.


 WARN  'manifest-route-rule' middleware already exists at 'D:/domains/ratingo-admin/node_modules/nuxt/dist/app/middleware/manifest-route-rule.js'. You can set override: true to replace it. (repeated 49 times)


 WARN  'manifest-route-rule' middleware already exists at 'D:/domains/ratingo-admin/node_modules/nuxt/dist/app/middleware/manifest-route-rule.js'. You can set override: true to replace it.


 WARN  'manifest-route-rule' middleware already exists at 'D:/domains/ratingo-admin/node_modules/nuxt/dist/app/middleware/manifest-route-rule.js'. You can set override: true to replace it.


 WARN  'manifest-route-rule' middleware already exists at 'D:/domains/ratingo-admin/node_modules/nuxt/dist/app/middleware/manifest-route-rule.js'. You can set override: true to replace it.


 WARN  'manifest-route-rule' middleware already exists at 'D:/domains/ratingo-admin/node_modules/nuxt/dist/app/middleware/manifest-route-rule.js'. You can set override: true to replace it.


 WARN  'manifest-route-rule' middleware already exists at 'D:/domains/ratingo-admin/node_modules/nuxt/dist/app/middleware/manifest-route-rule.js'. You can set override: true to replace it.


 WARN  'manifest-route-rule' middleware already exists at 'D:/domains/ratingo-admin/node_modules/nuxt/dist/app/middleware/manifest-route-rule.js'. You can set override: true to replace it. (repeated 172 times)


 WARN  'manifest-route-rule' middleware already exists at 'D:/domains/ratingo-admin/node_modules/nuxt/dist/app/middleware/manifest-route-rule.js'. You can set override: true to replace it.


 WARN  'manifest-route-rule' middleware already exists at 'D:/domains/ratingo-admin/node_modules/nuxt/dist/app/middleware/manifest-route-rule.js'. You can set override: true to replace it.


 WARN  'manifest-route-rule' middleware already exists at 'D:/domains/ratingo-admin/node_modules/nuxt/dist/app/middleware/manifest-route-rule.js'. You can set override: true to replace it.


 WARN  'manifest-route-rule' middleware already exists at 'D:/domains/ratingo-admin/node_modules/nuxt/dist/app/middleware/manifest-route-rule.js'. You can set override: true to replace it.


 WARN  'manifest-route-rule' middleware already exists at 'D:/domains/ratingo-admin/node_modules/nuxt/dist/app/middleware/manifest-route-rule.js'. You can set override: true to replace it.


 WARN  'manifest-route-rule' middleware already exists at 'D:/domains/ratingo-admin/node_modules/nuxt/dist/app/middleware/manifest-route-rule.js'. You can set override: true to replace it. (repeated 59 times)


 WARN  'manifest-route-rule' middleware already exists at 'D:/domains/ratingo-admin/node_modules/nuxt/dist/app/middleware/manifest-route-rule.js'. You can set override: true to replace it.


 WARN  'manifest-route-rule' middleware already exists at 'D:/domains/ratingo-admin/node_modules/nuxt/dist/app/middleware/manifest-route-rule.js'. You can set override: true to replace it.


 WARN  'manifest-route-rule' middleware already exists at 'D:/domains/ratingo-admin/node_modules/nuxt/dist/app/middleware/manifest-route-rule.js'. You can set override: true to replace it.


 WARN  'manifest-route-rule' middleware already exists at 'D:/domains/ratingo-admin/node_modules/nuxt/dist/app/middleware/manifest-route-rule.js'. You can set override: true to replace it.


 WARN  'manifest-route-rule' middleware already exists at 'D:/domains/ratingo-admin/node_modules/nuxt/dist/app/middleware/manifest-route-rule.js'. You can set override: true to replace it.


 WARN  'manifest-route-rule' middleware already exists at 'D:/domains/ratingo-admin/node_modules/nuxt/dist/app/middleware/manifest-route-rule.js'. You can set override: true to replace it. (repeated 11 times)


 WARN  'manifest-route-rule' middleware already exists at 'D:/domains/ratingo-admin/node_modules/nuxt/dist/app/middleware/manifest-route-rule.js'. You can set override: true to replace it.


 WARN  'manifest-route-rule' middleware already exists at 'D:/domains/ratingo-admin/node_modules/nuxt/dist/app/middleware/manifest-route-rule.js'. You can set override: true to replace it.


 WARN  'manifest-route-rule' middleware already exists at 'D:/domains/ratingo-admin/node_modules/nuxt/dist/app/middleware/manifest-route-rule.js'. You can set override: true to replace it.


 WARN  'manifest-route-rule' middleware already exists at 'D:/domains/ratingo-admin/node_modules/nuxt/dist/app/middleware/manifest-route-rule.js'. You can set override: true to replace it.


 WARN  'manifest-route-rule' middleware already exists at 'D:/domains/ratingo-admin/node_modules/nuxt/dist/app/middleware/manifest-route-rule.js'. You can set override: true to replace it.


 WARN  'manifest-route-rule' middleware already exists at 'D:/domains/ratingo-admin/node_modules/nuxt/dist/app/middleware/manifest-route-rule.js'. You can set override: true to replace it. (repeated 18 times)


 WARN  'manifest-route-rule' middleware already exists at 'D:/domains/ratingo-admin/node_modules/nuxt/dist/app/middleware/manifest-route-rule.js'. You can set override: true to replace it.


 WARN  'manifest-route-rule' middleware already exists at 'D:/domains/ratingo-admin/node_modules/nuxt/dist/app/middleware/manifest-route-rule.js'. You can set override: true to replace it.


 WARN  'manifest-route-rule' middleware already exists at 'D:/domains/ratingo-admin/node_modules/nuxt/dist/app/middleware/manifest-route-rule.js'. You can set override: true to replace it.


 WARN  'manifest-route-rule' middleware already exists at 'D:/domains/ratingo-admin/node_modules/nuxt/dist/app/middleware/manifest-route-rule.js'. You can set override: true to replace it.


 WARN  'manifest-route-rule' middleware already exists at 'D:/domains/ratingo-admin/node_modules/nuxt/dist/app/middleware/manifest-route-rule.js'. You can set override: true to replace it.


 WARN  'manifest-route-rule' middleware already exists at 'D:/domains/ratingo-admin/node_modules/nuxt/dist/app/middleware/manifest-route-rule.js'. You can set override: true to replace it. (repeated 136 times)


 WARN  'manifest-route-rule' middleware already exists at 'D:/domains/ratingo-admin/node_modules/nuxt/dist/app/middleware/manifest-route-rule.js'. You can set override: true to replace it.


 WARN  'manifest-route-rule' middleware already exists at 'D:/domains/ratingo-admin/node_modules/nuxt/dist/app/middleware/manifest-route-rule.js'. You can set override: true to replace it.


 WARN  'manifest-route-rule' middleware already exists at 'D:/domains/ratingo-admin/node_modules/nuxt/dist/app/middleware/manifest-route-rule.js'. You can set override: true to replace it.


 WARN  'manifest-route-rule' middleware already exists at 'D:/domains/ratingo-admin/node_modules/nuxt/dist/app/middleware/manifest-route-rule.js'. You can set override: true to replace it.


 WARN  'manifest-route-rule' middleware already exists at 'D:/domains/ratingo-admin/node_modules/nuxt/dist/app/middleware/manifest-route-rule.js'. You can set override: true to replace it.


 WARN  'manifest-route-rule' middleware already exists at 'D:/domains/ratingo-admin/node_modules/nuxt/dist/app/middleware/manifest-route-rule.js'. You can set override: true to replace it. (repeated 63 times)


 WARN  'manifest-route-rule' middleware already exists at 'D:/domains/ratingo-admin/node_modules/nuxt/dist/app/middleware/manifest-route-rule.js'. You can set override: true to replace it.


 WARN  'manifest-route-rule' middleware already exists at 'D:/domains/ratingo-admin/node_modules/nuxt/dist/app/middleware/manifest-route-rule.js'. You can set override: true to replace it.


 WARN  'manifest-route-rule' middleware already exists at 'D:/domains/ratingo-admin/node_modules/nuxt/dist/app/middleware/manifest-route-rule.js'. You can set override: true to replace it.


 WARN  'manifest-route-rule' middleware already exists at 'D:/domains/ratingo-admin/node_modules/nuxt/dist/app/middleware/manifest-route-rule.js'. You can set override: true to replace it.


 WARN  'manifest-route-rule' middleware already exists at 'D:/domains/ratingo-admin/node_modules/nuxt/dist/app/middleware/manifest-route-rule.js'. You can set override: true to replace it.


 WARN  'manifest-route-rule' middleware already exists at 'D:/domains/ratingo-admin/node_modules/nuxt/dist/app/middleware/manifest-route-rule.js'. You can set override: true to replace it. (repeated 23 times)


 WARN  'manifest-route-rule' middleware already exists at 'D:/domains/ratingo-admin/node_modules/nuxt/dist/app/middleware/manifest-route-rule.js'. You can set override: true to replace it.


 WARN  'manifest-route-rule' middleware already exists at 'D:/domains/ratingo-admin/node_modules/nuxt/dist/app/middleware/manifest-route-rule.js'. You can set override: true to replace it.


 WARN  'manifest-route-rule' middleware already exists at 'D:/domains/ratingo-admin/node_modules/nuxt/dist/app/middleware/manifest-route-rule.js'. You can set override: true to replace it.


 WARN  'manifest-route-rule' middleware already exists at 'D:/domains/ratingo-admin/node_modules/nuxt/dist/app/middleware/manifest-route-rule.js'. You can set override: true to replace it.


 WARN  'manifest-route-rule' middleware already exists at 'D:/domains/ratingo-admin/node_modules/nuxt/dist/app/middleware/manifest-route-rule.js'. You can set override: true to replace it.


 WARN  'manifest-route-rule' middleware already exists at 'D:/domains/ratingo-admin/node_modules/nuxt/dist/app/middleware/manifest-route-rule.js'. You can set override: true to replace it. (repeated 163 times)


 WARN  'manifest-route-rule' middleware already exists at 'D:/domains/ratingo-admin/node_modules/nuxt/dist/app/middleware/manifest-route-rule.js'. You can set override: true to replace it.


 WARN  'manifest-route-rule' middleware already exists at 'D:/domains/ratingo-admin/node_modules/nuxt/dist/app/middleware/manifest-route-rule.js'. You can set override: true to replace it.


 WARN  'manifest-route-rule' middleware already exists at 'D:/domains/ratingo-admin/node_modules/nuxt/dist/app/middleware/manifest-route-rule.js'. You can set override: true to replace it.


 WARN  'manifest-route-rule' middleware already exists at 'D:/domains/ratingo-admin/node_modules/nuxt/dist/app/middleware/manifest-route-rule.js'. You can set override: true to replace it.


 WARN  'manifest-route-rule' middleware already exists at 'D:/domains/ratingo-admin/node_modules/nuxt/dist/app/middleware/manifest-route-rule.js'. You can set override: true to replace it.


 WARN  'manifest-route-rule' middleware already exists at 'D:/domains/ratingo-admin/node_modules/nuxt/dist/app/middleware/manifest-route-rule.js'. You can set override: true to replace it.


 WARN  'manifest-route-rule' middleware already exists at 'D:/domains/ratingo-admin/node_modules/nuxt/dist/app/middleware/manifest-route-rule.js'. You can set override: true to replace it. (repeated 10 times)


 WARN  'manifest-route-rule' middleware already exists at 'D:/domains/ratingo-admin/node_modules/nuxt/dist/app/middleware/manifest-route-rule.js'. You can set override: true to replace it.


 WARN  'manifest-route-rule' middleware already exists at 'D:/domains/ratingo-admin/node_modules/nuxt/dist/app/middleware/manifest-route-rule.js'. You can set override: true to replace it.


 WARN  'manifest-route-rule' middleware already exists at 'D:/domains/ratingo-admin/node_modules/nuxt/dist/app/middleware/manifest-route-rule.js'. You can set override: true to replace it.


 WARN  'manifest-route-rule' middleware already exists at 'D:/domains/ratingo-admin/node_modules/nuxt/dist/app/middleware/manifest-route-rule.js'. You can set override: true to replace it.


 WARN  'manifest-route-rule' middleware already exists at 'D:/domains/ratingo-admin/node_modules/nuxt/dist/app/middleware/manifest-route-rule.js'. You can set override: true to replace it.


 WARN  'manifest-route-rule' middleware already exists at 'D:/domains/ratingo-admin/node_modules/nuxt/dist/app/middleware/manifest-route-rule.js'. You can set override: true to replace it. (repeated 101 times)


 WARN  'manifest-route-rule' middleware already exists at 'D:/domains/ratingo-admin/node_modules/nuxt/dist/app/middleware/manifest-route-rule.js'. You can set override: true to replace it.


 WARN  'manifest-route-rule' middleware already exists at 'D:/domains/ratingo-admin/node_modules/nuxt/dist/app/middleware/manifest-route-rule.js'. You can set override: true to replace it.


 WARN  'manifest-route-rule' middleware already exists at 'D:/domains/ratingo-admin/node_modules/nuxt/dist/app/middleware/manifest-route-rule.js'. You can set override: true to replace it.


 WARN  'manifest-route-rule' middleware already exists at 'D:/domains/ratingo-admin/node_modules/nuxt/dist/app/middleware/manifest-route-rule.js'. You can set override: true to replace it.


 WARN  'manifest-route-rule' middleware already exists at 'D:/domains/ratingo-admin/node_modules/nuxt/dist/app/middleware/manifest-route-rule.js'. You can set override: true to replace it.


 WARN  'manifest-route-rule' middleware already exists at 'D:/domains/ratingo-admin/node_modules/nuxt/dist/app/middleware/manifest-route-rule.js'. You can set override: true to replace it. (repeated 309 times)


 WARN  'manifest-route-rule' middleware already exists at 'D:/domains/ratingo-admin/node_modules/nuxt/dist/app/middleware/manifest-route-rule.js'. You can set override: true to replace it.


 WARN  'manifest-route-rule' middleware already exists at 'D:/domains/ratingo-admin/node_modules/nuxt/dist/app/middleware/manifest-route-rule.js'. You can set override: true to replace it.


 WARN  'manifest-route-rule' middleware already exists at 'D:/domains/ratingo-admin/node_modules/nuxt/dist/app/middleware/manifest-route-rule.js'. You can set override: true to replace it.


 WARN  'manifest-route-rule' middleware already exists at 'D:/domains/ratingo-admin/node_modules/nuxt/dist/app/middleware/manifest-route-rule.js'. You can set override: true to replace it.


 WARN  'manifest-route-rule' middleware already exists at 'D:/domains/ratingo-admin/node_modules/nuxt/dist/app/middleware/manifest-route-rule.js'. You can set override: true to replace it.


 WARN  'manifest-route-rule' middleware already exists at 'D:/domains/ratingo-admin/node_modules/nuxt/dist/app/middleware/manifest-route-rule.js'. You can set override: true to replace it.


 WARN  'manifest-route-rule' middleware already exists at 'D:/domains/ratingo-admin/node_modules/nuxt/dist/app/middleware/manifest-route-rule.js'. You can set override: true to replace it.


 WARN  'manifest-route-rule' middleware already exists at 'D:/domains/ratingo-admin/node_modules/nuxt/dist/app/middleware/manifest-route-rule.js'. You can set override: true to replace it.


 WARN  'manifest-route-rule' middleware already exists at 'D:/domains/ratingo-admin/node_modules/nuxt/dist/app/middleware/manifest-route-rule.js'. You can set override: true to replace it.


 WARN  'manifest-route-rule' middleware already exists at 'D:/domains/ratingo-admin/node_modules/nuxt/dist/app/middleware/manifest-route-rule.js'. You can set override: true to replace it.


 WARN  'manifest-route-rule' middleware already exists at 'D:/domains/ratingo-admin/node_modules/nuxt/dist/app/middleware/manifest-route-rule.js'. You can set override: true to replace it.


 WARN  'manifest-route-rule' middleware already exists at 'D:/domains/ratingo-admin/node_modules/nuxt/dist/app/middleware/manifest-route-rule.js'. You can set override: true to replace it. (repeated 27 times)


 WARN  'manifest-route-rule' middleware already exists at 'D:/domains/ratingo-admin/node_modules/nuxt/dist/app/middleware/manifest-route-rule.js'. You can set override: true to replace it.


 WARN  'manifest-route-rule' middleware already exists at 'D:/domains/ratingo-admin/node_modules/nuxt/dist/app/middleware/manifest-route-rule.js'. You can set override: true to replace it.


 WARN  'manifest-route-rule' middleware already exists at 'D:/domains/ratingo-admin/node_modules/nuxt/dist/app/middleware/manifest-route-rule.js'. You can set override: true to replace it.


 WARN  'manifest-route-rule' middleware already exists at 'D:/domains/ratingo-admin/node_modules/nuxt/dist/app/middleware/manifest-route-rule.js'. You can set override: true to replace it.


 WARN  'manifest-route-rule' middleware already exists at 'D:/domains/ratingo-admin/node_modules/nuxt/dist/app/middleware/manifest-route-rule.js'. You can set override: true to replace it.


 WARN  'manifest-route-rule' middleware already exists at 'D:/domains/ratingo-admin/node_modules/nuxt/dist/app/middleware/manifest-route-rule.js'. You can set override: true to replace it. (repeated 65 times)


 WARN  'manifest-route-rule' middleware already exists at 'D:/domains/ratingo-admin/node_modules/nuxt/dist/app/middleware/manifest-route-rule.js'. You can set override: true to replace it.


 WARN  'manifest-route-rule' middleware already exists at 'D:/domains/ratingo-admin/node_modules/nuxt/dist/app/middleware/manifest-route-rule.js'. You can set override: true to replace it.


 WARN  'manifest-route-rule' middleware already exists at 'D:/domains/ratingo-admin/node_modules/nuxt/dist/app/middleware/manifest-route-rule.js'. You can set override: true to replace it.


 WARN  'manifest-route-rule' middleware already exists at 'D:/domains/ratingo-admin/node_modules/nuxt/dist/app/middleware/manifest-route-rule.js'. You can set override: true to replace it.


 WARN  'manifest-route-rule' middleware already exists at 'D:/domains/ratingo-admin/node_modules/nuxt/dist/app/middleware/manifest-route-rule.js'. You can set override: true to replace it.


 WARN  'manifest-route-rule' middleware already exists at 'D:/domains/ratingo-admin/node_modules/nuxt/dist/app/middleware/manifest-route-rule.js'. You can set override: true to replace it. (repeated 124 times)


 WARN  'manifest-route-rule' middleware already exists at 'D:/domains/ratingo-admin/node_modules/nuxt/dist/app/middleware/manifest-route-rule.js'. You can set override: true to replace it.


 WARN  'manifest-route-rule' middleware already exists at 'D:/domains/ratingo-admin/node_modules/nuxt/dist/app/middleware/manifest-route-rule.js'. You can set override: true to replace it.


 WARN  'manifest-route-rule' middleware already exists at 'D:/domains/ratingo-admin/node_modules/nuxt/dist/app/middleware/manifest-route-rule.js'. You can set override: true to replace it.


 WARN  'manifest-route-rule' middleware already exists at 'D:/domains/ratingo-admin/node_modules/nuxt/dist/app/middleware/manifest-route-rule.js'. You can set override: true to replace it.


 WARN  'manifest-route-rule' middleware already exists at 'D:/domains/ratingo-admin/node_modules/nuxt/dist/app/middleware/manifest-route-rule.js'. You can set override: true to replace it.


 WARN  'manifest-route-rule' middleware already exists at 'D:/domains/ratingo-admin/node_modules/nuxt/dist/app/middleware/manifest-route-rule.js'. You can set override: true to replace it. (repeated 23 times)


 WARN  'manifest-route-rule' middleware already exists at 'D:/domains/ratingo-admin/node_modules/nuxt/dist/app/middleware/manifest-route-rule.js'. You can set override: true to replace it.


 WARN  'manifest-route-rule' middleware already exists at 'D:/domains/ratingo-admin/node_modules/nuxt/dist/app/middleware/manifest-route-rule.js'. You can set override: true to replace it.


 WARN  'manifest-route-rule' middleware already exists at 'D:/domains/ratingo-admin/node_modules/nuxt/dist/app/middleware/manifest-route-rule.js'. You can set override: true to replace it.


 WARN  'manifest-route-rule' middleware already exists at 'D:/domains/ratingo-admin/node_modules/nuxt/dist/app/middleware/manifest-route-rule.js'. You can set override: true to replace it.


 WARN  'manifest-route-rule' middleware already exists at 'D:/domains/ratingo-admin/node_modules/nuxt/dist/app/middleware/manifest-route-rule.js'. You can set override: true to replace it.


 WARN  'manifest-route-rule' middleware already exists at 'D:/domains/ratingo-admin/node_modules/nuxt/dist/app/middleware/manifest-route-rule.js'. You can set override: true to replace it.


 WARN  'manifest-route-rule' middleware already exists at 'D:/domains/ratingo-admin/node_modules/nuxt/dist/app/middleware/manifest-route-rule.js'. You can set override: true to replace it. (repeated 63 times)


 WARN  'manifest-route-rule' middleware already exists at 'D:/domains/ratingo-admin/node_modules/nuxt/dist/app/middleware/manifest-route-rule.js'. You can set override: true to replace it.


 WARN  'manifest-route-rule' middleware already exists at 'D:/domains/ratingo-admin/node_modules/nuxt/dist/app/middleware/manifest-route-rule.js'. You can set override: true to replace it.


 WARN  'manifest-route-rule' middleware already exists at 'D:/domains/ratingo-admin/node_modules/nuxt/dist/app/middleware/manifest-route-rule.js'. You can set override: true to replace it.


 WARN  'manifest-route-rule' middleware already exists at 'D:/domains/ratingo-admin/node_modules/nuxt/dist/app/middleware/manifest-route-rule.js'. You can set override: true to replace it.


 WARN  'manifest-route-rule' middleware already exists at 'D:/domains/ratingo-admin/node_modules/nuxt/dist/app/middleware/manifest-route-rule.js'. You can set override: true to replace it.


 WARN  'manifest-route-rule' middleware already exists at 'D:/domains/ratingo-admin/node_modules/nuxt/dist/app/middleware/manifest-route-rule.js'. You can set override: true to replace it. (repeated 22 times)


 WARN  'manifest-route-rule' middleware already exists at 'D:/domains/ratingo-admin/node_modules/nuxt/dist/app/middleware/manifest-route-rule.js'. You can set override: true to replace it.


 WARN  'manifest-route-rule' middleware already exists at 'D:/domains/ratingo-admin/node_modules/nuxt/dist/app/middleware/manifest-route-rule.js'. You can set override: true to replace it.


 WARN  'manifest-route-rule' middleware already exists at 'D:/domains/ratingo-admin/node_modules/nuxt/dist/app/middleware/manifest-route-rule.js'. You can set override: true to replace it.


 WARN  'manifest-route-rule' middleware already exists at 'D:/domains/ratingo-admin/node_modules/nuxt/dist/app/middleware/manifest-route-rule.js'. You can set override: true to replace it.


 WARN  'manifest-route-rule' middleware already exists at 'D:/domains/ratingo-admin/node_modules/nuxt/dist/app/middleware/manifest-route-rule.js'. You can set override: true to replace it.


 WARN  'manifest-route-rule' middleware already exists at 'D:/domains/ratingo-admin/node_modules/nuxt/dist/app/middleware/manifest-route-rule.js'. You can set override: true to replace it. (repeated 287 times)

i Compiled tailwind/expose/theme/accentColor.mjs in 654.27ms
i Compiled tailwind/expose/theme/animation.mjs in 655.45ms
i Compiled tailwind/expose/theme/aria.mjs in 655.93ms
i Compiled tailwind/expose/theme/aspectRatio.mjs in 656.25ms
i Compiled tailwind/expose/theme/backdropBlur.mjs in 656.9ms
i Compiled tailwind/expose/theme/backdropBrightness.mjs in 657.92ms
i Compiled tailwind/expose/theme/backdropContrast.mjs in 658.5ms
i Compiled tailwind/expose/theme/backdropGrayscale.mjs in 658.92ms
i Compiled tailwind/expose/theme/backdropHueRotate.mjs in 659.34ms
i Compiled tailwind/expose/theme/backdropInvert.mjs in 659.76ms
i Compiled tailwind/expose/theme/backdropOpacity.mjs in 660.17ms
i Compiled tailwind/expose/theme/backdropSaturate.mjs in 660.53ms
i Compiled tailwind/expose/theme/backdropSepia.mjs in 660.85ms
i Compiled tailwind/expose/theme/backgroundColor.mjs in 661.2ms
i Compiled tailwind/expose/theme/backgroundImage.mjs in 661.46ms
i Compiled tailwind/expose/theme/backgroundOpacity.mjs in 661.97ms
i Compiled tailwind/expose/theme/backgroundPosition.mjs in 662.64ms
i Compiled tailwind/expose/theme/backgroundSize.mjs in 663.4ms
i Compiled tailwind/expose/theme/blur.mjs in 663.96ms
i Compiled tailwind/expose/theme/borderColor.mjs in 664.37ms
i Compiled tailwind/expose/theme/borderOpacity.mjs in 664.61ms
i Compiled tailwind/expose/theme/borderRadius.mjs in 665ms
i Compiled tailwind/expose/theme/borderSpacing.mjs in 665.3ms
i Compiled tailwind/expose/theme/borderWidth.mjs in 665.65ms
i Compiled tailwind/expose/theme/boxShadow.mjs in 666.46ms
i Compiled tailwind/expose/theme/boxShadowColor.mjs in 667.24ms
i Compiled tailwind/expose/theme/brightness.mjs in 668.09ms
i Compiled tailwind/expose/theme/caretColor.mjs in 669.67ms
i Compiled tailwind/expose/theme/colors.mjs in 670.14ms
i Compiled tailwind/expose/theme/columns.mjs in 670.47ms
i Compiled tailwind/expose/theme/container.mjs in 670.76ms
i Compiled tailwind/expose/theme/content.mjs in 671.09ms
i Compiled tailwind/expose/theme/contrast.mjs in 671.4ms
i Compiled tailwind/expose/theme/cursor.mjs in 671.69ms
i Compiled tailwind/expose/theme/divideColor.mjs in 671.96ms
i Compiled tailwind/expose/theme/divideOpacity.mjs in 672.18ms
i Compiled tailwind/expose/theme/divideWidth.mjs in 672.47ms
i Compiled tailwind/expose/theme/dropShadow.mjs in 673.35ms
i Compiled tailwind/expose/theme/fill.mjs in 671.3ms
i Compiled tailwind/expose/theme/flex.mjs in 671.49ms
i Compiled tailwind/expose/theme/flexBasis.mjs in 671.76ms
i Compiled tailwind/expose/theme/flexGrow.mjs in 672.04ms
i Compiled tailwind/expose/theme/flexShrink.mjs in 672.35ms
i Compiled tailwind/expose/theme/fontFamily.mjs in 673.68ms
i Compiled tailwind/expose/theme/fontSize.mjs in 672.78ms
i Compiled tailwind/expose/theme/fontWeight.mjs in 667.23ms
i Compiled tailwind/expose/theme/gap.mjs in 667.89ms
i Compiled tailwind/expose/theme/gradientColorStops.mjs in 668.2ms
i Compiled tailwind/expose/theme/gradientColorStopPositions.mjs in 668.42ms
i Compiled tailwind/expose/theme/grayscale.mjs in 668.74ms
i Compiled tailwind/expose/theme/gridAutoColumns.mjs in 669.14ms
i Compiled tailwind/expose/theme/gridAutoRows.mjs in 669.5ms
i Compiled tailwind/expose/theme/gridColumn.mjs in 669.79ms
i Compiled tailwind/expose/theme/gridColumnEnd.mjs in 670.1ms
i Compiled tailwind/expose/theme/gridColumnStart.mjs in 670.45ms
i Compiled tailwind/expose/theme/gridRow.mjs in 670.78ms
i Compiled tailwind/expose/theme/gridRowEnd.mjs in 671.1ms
i Compiled tailwind/expose/theme/gridRowStart.mjs in 671.43ms
i Compiled tailwind/expose/theme/gridTemplateColumns.mjs in 671.73ms
i Compiled tailwind/expose/theme/gridTemplateRows.mjs in 672.12ms
i Compiled tailwind/expose/theme/height.mjs in 672.45ms
i Compiled tailwind/expose/theme/hueRotate.mjs in 672.75ms
i Compiled tailwind/expose/theme/inset.mjs in 673.08ms
i Compiled tailwind/expose/theme/invert.mjs in 673.37ms
i Compiled tailwind/expose/theme/keyframes.mjs in 673.66ms
i Compiled tailwind/expose/theme/letterSpacing.mjs in 673.95ms
i Compiled tailwind/expose/theme/lineHeight.mjs in 674.31ms
i Compiled tailwind/expose/theme/listStyleType.mjs in 674.62ms
i Compiled tailwind/expose/theme/listStyleImage.mjs in 674.91ms
i Compiled tailwind/expose/theme/margin.mjs in 675.24ms
i Compiled tailwind/expose/theme/lineClamp.mjs in 675.55ms
i Compiled tailwind/expose/theme/maxHeight.mjs in 675.88ms
i Compiled tailwind/expose/theme/maxWidth.mjs in 676.23ms
i Compiled tailwind/expose/theme/minHeight.mjs in 676.58ms
i Compiled tailwind/expose/theme/minWidth.mjs in 676.91ms
i Compiled tailwind/expose/theme/objectPosition.mjs in 677.24ms
i Compiled tailwind/expose/theme/opacity.mjs in 677.66ms
i Compiled tailwind/expose/theme/order.mjs in 677.98ms
i Compiled tailwind/expose/theme/outlineColor.mjs in 678.26ms
i Compiled tailwind/expose/theme/outlineOffset.mjs in 678.47ms
i Compiled tailwind/expose/theme/outlineWidth.mjs in 678.81ms
i Compiled tailwind/expose/theme/padding.mjs in 679.1ms
i Compiled tailwind/expose/theme/placeholderColor.mjs in 679.41ms
i Compiled tailwind/expose/theme/placeholderOpacity.mjs in 679.66ms
i Compiled tailwind/expose/theme/ringColor.mjs in 679.96ms
i Compiled tailwind/expose/theme/ringOffsetColor.mjs in 680.13ms
i Compiled tailwind/expose/theme/ringOffsetWidth.mjs in 680.41ms
i Compiled tailwind/expose/theme/ringOpacity.mjs in 680.79ms
i Compiled tailwind/expose/theme/ringWidth.mjs in 681.12ms
i Compiled tailwind/expose/theme/rotate.mjs in 681.47ms
i Compiled tailwind/expose/theme/saturate.mjs in 681.81ms
i Compiled tailwind/expose/theme/scale.mjs in 682.13ms
i Compiled tailwind/expose/theme/screens.mjs in 682.48ms
i Compiled tailwind/expose/theme/scrollMargin.mjs in 682.78ms
i Compiled tailwind/expose/theme/scrollPadding.mjs in 683.06ms
i Compiled tailwind/expose/theme/sepia.mjs in 683.36ms
i Compiled tailwind/expose/theme/skew.mjs in 683.64ms
i Compiled tailwind/expose/theme/space.mjs in 683.92ms
i Compiled tailwind/expose/theme/spacing.mjs in 684.3ms
i Compiled tailwind/expose/theme/stroke.mjs in 684.63ms
i Compiled tailwind/expose/theme/strokeWidth.mjs in 684.81ms
i Compiled tailwind/expose/theme/supports.mjs in 685.19ms
i Compiled tailwind/expose/theme/data.mjs in 685.83ms
i Compiled tailwind/expose/theme/textColor.mjs in 686.35ms
i Compiled tailwind/expose/theme/textDecorationColor.mjs in 686.54ms
i Compiled tailwind/expose/theme/textDecorationThickness.mjs in 686.78ms
i Compiled tailwind/expose/theme/textIndent.mjs in 687.08ms
i Compiled tailwind/expose/theme/textOpacity.mjs in 687.35ms
i Compiled tailwind/expose/theme/textUnderlineOffset.mjs in 687.62ms
i Compiled tailwind/expose/theme/transformOrigin.mjs in 687.94ms
i Compiled tailwind/expose/theme/transitionDelay.mjs in 688.22ms
i Compiled tailwind/expose/theme/transitionDuration.mjs in 688.55ms
i Compiled tailwind/expose/theme/transitionProperty.mjs in 688.89ms
i Compiled tailwind/expose/theme/transitionTimingFunction.mjs in 689.18ms
i Compiled tailwind/expose/theme/translate.mjs in 689.51ms
i Compiled tailwind/expose/theme/size.mjs in 689.78ms
i Compiled tailwind/expose/theme/width.mjs in 690.03ms
i Compiled tailwind/expose/theme/willChange.mjs in 690.27ms
i Compiled tailwind/expose/theme/zIndex.mjs in 690.57ms
i Compiled tailwind/expose/theme.mjs in 690.87ms
i Compiled tailwind/expose/corePlugins.mjs in 710.7ms
i Compiled tailwind/expose/plugins.mjs in 609.31ms
i Compiled tailwind/expose/content/relative.mjs in 609.72ms
i Compiled tailwind/expose/content/files.mjs in 618.1ms
i Compiled tailwind/expose/content/extract.mjs in 555.06ms
i Compiled tailwind/expose/content/transform.mjs in 555.49ms
i Compiled tailwind/expose/content.mjs in 556.02ms
i Compiled tailwind/expose/presets.mjs in 556.43ms
i Compiled tailwind/expose/darkMode.mjs in 556.87ms
i Compiled tailwind/expose/prefix.mjs in 557.3ms
i Compiled tailwind/expose/important.mjs in 558.5ms
i Compiled tailwind/expose/separator.mjs in 559.67ms
i Compiled tailwind/expose/safelist.mjs in 560.5ms
i Compiled tailwind/expose/blocklist.mjs in 560.83ms
i Compiled tailwind/expose/index.mjs in 561.12ms
i Compiled types/tailwind.config.d.ts in 676.29ms
i Compiled tailwind/expose/theme/accentColor.mjs in 2461.06ms
i Compiled tailwind/expose/theme/animation.mjs in 2441.02ms
i Compiled tailwind/expose/theme/aria.mjs in 2441.34ms
i Compiled tailwind/expose/theme/aspectRatio.mjs in 2441.64ms
i Compiled tailwind/expose/theme/backdropBlur.mjs in 2442.1ms
i Compiled tailwind/expose/theme/backdropBrightness.mjs in 2442.47ms
i Compiled tailwind/expose/theme/backdropContrast.mjs in 2437.59ms
i Compiled tailwind/expose/theme/backdropGrayscale.mjs in 2437.94ms
i Compiled tailwind/expose/theme/backdropHueRotate.mjs in 2438.33ms
i Compiled tailwind/expose/theme/backdropInvert.mjs in 2438.67ms
i Compiled tailwind/expose/theme/backdropOpacity.mjs in 2439.07ms
i Compiled tailwind/expose/theme/backdropSaturate.mjs in 2439.39ms
i Compiled tailwind/expose/theme/backdropSepia.mjs in 2439.77ms
i Compiled tailwind/expose/theme/backgroundColor.mjs in 2440.26ms
i Compiled tailwind/expose/theme/backgroundImage.mjs in 2418.64ms
i Compiled tailwind/expose/theme/backgroundOpacity.mjs in 2418.82ms
i Compiled tailwind/expose/theme/backgroundPosition.mjs in 2419.8ms
i Compiled tailwind/expose/theme/backgroundSize.mjs in 2420.93ms
i Compiled tailwind/expose/theme/blur.mjs in 2421.51ms
i Compiled tailwind/expose/theme/borderColor.mjs in 2422.12ms
i Compiled tailwind/expose/theme/borderOpacity.mjs in 2405.66ms
i Compiled tailwind/expose/theme/borderRadius.mjs in 2405.86ms
i Compiled tailwind/expose/theme/borderSpacing.mjs in 2401.05ms
i Compiled tailwind/expose/theme/borderWidth.mjs in 2401.31ms
i Compiled tailwind/expose/theme/boxShadow.mjs in 2401.65ms
i Compiled tailwind/expose/theme/boxShadowColor.mjs in 2402.18ms
i Compiled tailwind/expose/theme/brightness.mjs in 2385.44ms
i Compiled tailwind/expose/theme/caretColor.mjs in 2385.72ms
i Compiled tailwind/expose/theme/colors.mjs in 2363.69ms
i Compiled tailwind/expose/theme/columns.mjs in 2332.56ms
i Compiled tailwind/expose/theme/container.mjs in 2332.9ms
i Compiled tailwind/expose/theme/content.mjs in 2333.38ms
i Compiled tailwind/expose/theme/contrast.mjs in 2334ms
i Compiled tailwind/expose/theme/cursor.mjs in 2333.76ms
i Compiled tailwind/expose/theme/divideColor.mjs in 2319.9ms
i Compiled tailwind/expose/theme/divideOpacity.mjs in 2294.75ms
i Compiled tailwind/expose/theme/divideWidth.mjs in 2294.72ms
i Compiled tailwind/expose/theme/dropShadow.mjs in 2295.01ms
i Compiled tailwind/expose/theme/fill.mjs in 2235.78ms
i Compiled tailwind/expose/theme/flex.mjs in 2214.31ms
i Compiled tailwind/expose/theme/flexBasis.mjs in 2214.58ms
i Compiled tailwind/expose/theme/flexGrow.mjs in 2214.63ms
i Compiled tailwind/expose/theme/flexShrink.mjs in 2214.98ms
i Compiled tailwind/expose/theme/fontFamily.mjs in 2216.07ms
i Compiled tailwind/expose/theme/fontSize.mjs in 2160.53ms
i Compiled tailwind/expose/theme/fontWeight.mjs in 2027ms
i Compiled tailwind/expose/theme/gap.mjs in 2027.34ms
i Compiled tailwind/expose/theme/gradientColorStops.mjs in 2027.94ms
i Compiled tailwind/expose/theme/gradientColorStopPositions.mjs in 2012.05ms
i Compiled tailwind/expose/theme/grayscale.mjs in 2012.81ms
i Compiled tailwind/expose/theme/gridAutoColumns.mjs in 2013.44ms
i Compiled tailwind/expose/theme/gridAutoRows.mjs in 2013.92ms
i Compiled tailwind/expose/theme/gridColumn.mjs in 2014.76ms
i Compiled tailwind/expose/theme/gridColumnEnd.mjs in 2010.43ms
i Compiled tailwind/expose/theme/gridColumnStart.mjs in 2011.61ms
i Compiled tailwind/expose/theme/gridRow.mjs in 2012.46ms
i Compiled tailwind/expose/theme/gridRowEnd.mjs in 2013.49ms
i Compiled tailwind/expose/theme/gridRowStart.mjs in 2014.59ms
i Compiled tailwind/expose/theme/gridTemplateColumns.mjs in 2015.3ms
i Compiled tailwind/expose/theme/gridTemplateRows.mjs in 2015.68ms
i Compiled tailwind/expose/theme/height.mjs in 2016.01ms
i Compiled tailwind/expose/theme/hueRotate.mjs in 2010.94ms
i Compiled tailwind/expose/theme/inset.mjs in 2011.5ms
i Compiled tailwind/expose/theme/invert.mjs in 2012.02ms
i Compiled tailwind/expose/theme/keyframes.mjs in 2012.78ms
i Compiled tailwind/expose/theme/letterSpacing.mjs in 2014.11ms
i Compiled tailwind/expose/theme/lineHeight.mjs in 2015.16ms
i Compiled tailwind/expose/theme/listStyleType.mjs in 2016.25ms
i Compiled tailwind/expose/theme/listStyleImage.mjs in 2017.17ms
i Compiled tailwind/expose/theme/margin.mjs in 2017.73ms
i Compiled tailwind/expose/theme/lineClamp.mjs in 2013ms
i Compiled tailwind/expose/theme/maxHeight.mjs in 2013.48ms
i Compiled tailwind/expose/theme/maxWidth.mjs in 2013.77ms
i Compiled tailwind/expose/theme/minHeight.mjs in 2014.07ms
i Compiled tailwind/expose/theme/minWidth.mjs in 2009.18ms
i Compiled tailwind/expose/theme/objectPosition.mjs in 2009.42ms
i Compiled tailwind/expose/theme/opacity.mjs in 2009.82ms
i Compiled tailwind/expose/theme/order.mjs in 2010.09ms
i Compiled tailwind/expose/theme/outlineColor.mjs in 2010.4ms
i Compiled tailwind/expose/theme/outlineOffset.mjs in 1989.23ms
i Compiled tailwind/expose/theme/outlineWidth.mjs in 1989.57ms
i Compiled tailwind/expose/theme/padding.mjs in 1990.01ms
i Compiled tailwind/expose/theme/placeholderColor.mjs in 1990.29ms
i Compiled tailwind/expose/theme/placeholderOpacity.mjs in 1974.26ms
i Compiled tailwind/expose/theme/ringColor.mjs in 1974.55ms
i Compiled tailwind/expose/theme/ringOffsetColor.mjs in 1953.64ms
i Compiled tailwind/expose/theme/ringOffsetWidth.mjs in 1939.9ms
i Compiled tailwind/expose/theme/ringOpacity.mjs in 1941.04ms
i Compiled tailwind/expose/theme/ringWidth.mjs in 1942.49ms
i Compiled tailwind/expose/theme/rotate.mjs in 1943.54ms
i Compiled tailwind/expose/theme/saturate.mjs in 1944.17ms
i Compiled tailwind/expose/theme/scale.mjs in 1939.34ms
i Compiled tailwind/expose/theme/screens.mjs in 1939.63ms
i Compiled tailwind/expose/theme/scrollMargin.mjs in 1940.02ms
i Compiled tailwind/expose/theme/scrollPadding.mjs in 1939.96ms
i Compiled tailwind/expose/theme/sepia.mjs in 1940.09ms
i Compiled tailwind/expose/theme/skew.mjs in 1940.44ms
i Compiled tailwind/expose/theme/space.mjs in 1941.28ms
i Compiled tailwind/expose/theme/spacing.mjs in 1937.05ms
i Compiled tailwind/expose/theme/stroke.mjs in 1937.47ms
i Compiled tailwind/expose/theme/strokeWidth.mjs in 1921.17ms
i Compiled tailwind/expose/theme/supports.mjs in 1921.52ms
i Compiled tailwind/expose/theme/data.mjs in 1921.95ms
i Compiled tailwind/expose/theme/textColor.mjs in 1922.38ms
i Compiled tailwind/expose/theme/textDecorationColor.mjs in 1901.06ms
i Compiled tailwind/expose/theme/textDecorationThickness.mjs in 1884.66ms
i Compiled tailwind/expose/theme/textIndent.mjs in 1885.32ms
i Compiled tailwind/expose/theme/textOpacity.mjs in 1885.91ms
i Compiled tailwind/expose/theme/textUnderlineOffset.mjs in 1886.24ms
i Compiled tailwind/expose/theme/transformOrigin.mjs in 1886.64ms
i Compiled tailwind/expose/theme/transitionDelay.mjs in 1887.02ms
i Compiled tailwind/expose/theme/transitionDuration.mjs in 1882.1ms
i Compiled tailwind/expose/theme/transitionProperty.mjs in 1882.4ms
i Compiled tailwind/expose/theme/transitionTimingFunction.mjs in 1882.75ms
i Compiled tailwind/expose/theme/translate.mjs in 1883.2ms
i Compiled tailwind/expose/theme/size.mjs in 1883.37ms
i Compiled tailwind/expose/theme/width.mjs in 1878.15ms
i Compiled tailwind/expose/theme/willChange.mjs in 1878.19ms
i Compiled tailwind/expose/theme/zIndex.mjs in 1878.91ms
i Compiled tailwind/expose/theme.mjs in 1879.5ms
i Compiled tailwind/expose/corePlugins.mjs in 1899.81ms
i Compiled tailwind/expose/plugins.mjs in 1298.72ms
i Compiled tailwind/expose/content/relative.mjs in 1299.63ms
i Compiled tailwind/expose/content/files.mjs in 1307.64ms
i Compiled tailwind/expose/content/extract.mjs in 599.32ms
i Compiled tailwind/expose/content/transform.mjs in 600ms
i Compiled tailwind/expose/content.mjs in 600.79ms
i Compiled tailwind/expose/presets.mjs in 601.52ms
i Compiled tailwind/expose/darkMode.mjs in 602.09ms
i Compiled tailwind/expose/prefix.mjs in 602.52ms
i Compiled tailwind/expose/important.mjs in 602.99ms
i Compiled tailwind/expose/separator.mjs in 604.08ms
i Compiled tailwind/expose/safelist.mjs in 605.82ms
i Compiled tailwind/expose/blocklist.mjs in 606.68ms
i Compiled tailwind/expose/index.mjs in 607.16ms
i Compiled types/tailwind.config.d.ts in 636.69ms
i Compiled tailwind/expose/theme/accentColor.mjs in 1125.72ms
i Compiled tailwind/expose/theme/animation.mjs in 1124.68ms
i Compiled tailwind/expose/theme/aria.mjs in 1124.93ms
i Compiled tailwind/expose/theme/aspectRatio.mjs in 1125.01ms
i Compiled tailwind/expose/theme/backdropBlur.mjs in 1125.06ms
i Compiled tailwind/expose/theme/backdropBrightness.mjs in 1125.27ms
i Compiled tailwind/expose/theme/backdropContrast.mjs in 1125.48ms
i Compiled tailwind/expose/theme/backdropGrayscale.mjs in 1125.57ms
i Compiled tailwind/expose/theme/backdropHueRotate.mjs in 1125.6ms
i Compiled tailwind/expose/theme/backdropInvert.mjs in 1125.61ms
i Compiled tailwind/expose/theme/backdropOpacity.mjs in 1125.89ms
i Compiled tailwind/expose/theme/backdropSaturate.mjs in 1125.87ms
i Compiled tailwind/expose/theme/backdropSepia.mjs in 1125.89ms
i Compiled tailwind/expose/theme/backgroundColor.mjs in 1125.91ms
i Compiled tailwind/expose/theme/backgroundImage.mjs in 1124.67ms
i Compiled tailwind/expose/theme/backgroundOpacity.mjs in 1124.57ms
i Compiled tailwind/expose/theme/backgroundPosition.mjs in 1124.47ms
i Compiled tailwind/expose/theme/backgroundSize.mjs in 1124.43ms
i Compiled tailwind/expose/theme/blur.mjs in 1124.41ms
i Compiled tailwind/expose/theme/borderColor.mjs in 1124.38ms
i Compiled tailwind/expose/theme/borderOpacity.mjs in 1122.97ms
i Compiled tailwind/expose/theme/borderRadius.mjs in 1122.84ms
i Compiled tailwind/expose/theme/borderSpacing.mjs in 1123.02ms
i Compiled tailwind/expose/theme/borderWidth.mjs in 1122.96ms
i Compiled tailwind/expose/theme/boxShadow.mjs in 1122.97ms
i Compiled tailwind/expose/theme/boxShadowColor.mjs in 1122.85ms
i Compiled tailwind/expose/theme/brightness.mjs in 1121.57ms
i Compiled tailwind/expose/theme/caretColor.mjs in 1121.5ms
i Compiled tailwind/expose/theme/colors.mjs in 1120.23ms
i Compiled tailwind/expose/theme/columns.mjs in 1119.04ms
i Compiled tailwind/expose/theme/container.mjs in 1118.9ms
i Compiled tailwind/expose/theme/content.mjs in 1118.94ms
i Compiled tailwind/expose/theme/contrast.mjs in 1118.96ms
i Compiled tailwind/expose/theme/cursor.mjs in 1118.96ms
i Compiled tailwind/expose/theme/divideColor.mjs in 1118.98ms
i Compiled tailwind/expose/theme/divideOpacity.mjs in 1118.07ms
i Compiled tailwind/expose/theme/divideWidth.mjs in 1117.98ms
i Compiled tailwind/expose/theme/dropShadow.mjs in 1118.47ms
i Compiled tailwind/expose/theme/fill.mjs in 1098.49ms
i Compiled tailwind/expose/theme/flex.mjs in 1097.45ms
i Compiled tailwind/expose/theme/flexBasis.mjs in 1097.46ms
i Compiled tailwind/expose/theme/flexGrow.mjs in 1097.28ms
i Compiled tailwind/expose/theme/flexShrink.mjs in 1097.27ms
i Compiled tailwind/expose/theme/fontFamily.mjs in 1098.23ms
i Compiled tailwind/expose/theme/fontSize.mjs in 1070.01ms
i Compiled tailwind/expose/theme/fontWeight.mjs in 1012.75ms
i Compiled tailwind/expose/theme/gap.mjs in 1012.22ms
i Compiled tailwind/expose/theme/gradientColorStops.mjs in 1011.9ms
i Compiled tailwind/expose/theme/gradientColorStopPositions.mjs in 1010.36ms
i Compiled tailwind/expose/theme/grayscale.mjs in 1010.23ms
i Compiled tailwind/expose/theme/gridAutoColumns.mjs in 1010.59ms
i Compiled tailwind/expose/theme/gridAutoRows.mjs in 1010.77ms
i Compiled tailwind/expose/theme/gridColumn.mjs in 1010.87ms
i Compiled tailwind/expose/theme/gridColumnEnd.mjs in 1010.92ms
i Compiled tailwind/expose/theme/gridColumnStart.mjs in 1010.95ms
i Compiled tailwind/expose/theme/gridRow.mjs in 1011.02ms
i Compiled tailwind/expose/theme/gridRowEnd.mjs in 1010.98ms
i Compiled tailwind/expose/theme/gridRowStart.mjs in 1010.93ms
i Compiled tailwind/expose/theme/gridTemplateColumns.mjs in 1010.88ms
i Compiled tailwind/expose/theme/gridTemplateRows.mjs in 1010.8ms
i Compiled tailwind/expose/theme/height.mjs in 1010.75ms
i Compiled tailwind/expose/theme/hueRotate.mjs in 1010.52ms
i Compiled tailwind/expose/theme/inset.mjs in 1010.5ms
i Compiled tailwind/expose/theme/invert.mjs in 1010.33ms
i Compiled tailwind/expose/theme/keyframes.mjs in 1010.33ms
i Compiled tailwind/expose/theme/letterSpacing.mjs in 1010.29ms
i Compiled tailwind/expose/theme/lineHeight.mjs in 1010.28ms
i Compiled tailwind/expose/theme/listStyleType.mjs in 1010.23ms
i Compiled tailwind/expose/theme/listStyleImage.mjs in 1010.26ms
i Compiled tailwind/expose/theme/margin.mjs in 1010.29ms
i Compiled tailwind/expose/theme/lineClamp.mjs in 1010.16ms
i Compiled tailwind/expose/theme/maxHeight.mjs in 1010.13ms
i Compiled tailwind/expose/theme/maxWidth.mjs in 1009.91ms
i Compiled tailwind/expose/theme/minHeight.mjs in 1009.68ms
i Compiled tailwind/expose/theme/minWidth.mjs in 1009.55ms
i Compiled tailwind/expose/theme/objectPosition.mjs in 1009.4ms
i Compiled tailwind/expose/theme/opacity.mjs in 1009.41ms
i Compiled tailwind/expose/theme/order.mjs in 1009.35ms
i Compiled tailwind/expose/theme/outlineColor.mjs in 1009.32ms
i Compiled tailwind/expose/theme/outlineOffset.mjs in 1007.52ms
i Compiled tailwind/expose/theme/outlineWidth.mjs in 1007.47ms
i Compiled tailwind/expose/theme/padding.mjs in 1007.47ms
i Compiled tailwind/expose/theme/placeholderColor.mjs in 1007.34ms
i Compiled tailwind/expose/theme/placeholderOpacity.mjs in 1006.34ms
i Compiled tailwind/expose/theme/ringColor.mjs in 1006.36ms
i Compiled tailwind/expose/theme/ringOffsetColor.mjs in 1005.48ms
i Compiled tailwind/expose/theme/ringOffsetWidth.mjs in 1004.34ms
i Compiled tailwind/expose/theme/ringOpacity.mjs in 1004.36ms
i Compiled tailwind/expose/theme/ringWidth.mjs in 1004.28ms
i Compiled tailwind/expose/theme/rotate.mjs in 1004.25ms
i Compiled tailwind/expose/theme/saturate.mjs in 1004.29ms
i Compiled tailwind/expose/theme/scale.mjs in 1004.3ms
i Compiled tailwind/expose/theme/screens.mjs in 1004.59ms
i Compiled tailwind/expose/theme/scrollMargin.mjs in 1004.84ms
i Compiled tailwind/expose/theme/scrollPadding.mjs in 1004.86ms
i Compiled tailwind/expose/theme/sepia.mjs in 1004.82ms
i Compiled tailwind/expose/theme/skew.mjs in 1004.93ms
i Compiled tailwind/expose/theme/space.mjs in 1005.01ms
i Compiled tailwind/expose/theme/spacing.mjs in 1004.91ms
i Compiled tailwind/expose/theme/stroke.mjs in 1004.77ms
i Compiled tailwind/expose/theme/strokeWidth.mjs in 1003.6ms
i Compiled tailwind/expose/theme/supports.mjs in 1003.61ms
i Compiled tailwind/expose/theme/data.mjs in 1003.63ms
i Compiled tailwind/expose/theme/textColor.mjs in 1003.67ms
i Compiled tailwind/expose/theme/textDecorationColor.mjs in 1002.56ms
i Compiled tailwind/expose/theme/textDecorationThickness.mjs in 1001.2ms
i Compiled tailwind/expose/theme/textIndent.mjs in 1001.18ms
i Compiled tailwind/expose/theme/textOpacity.mjs in 1001.04ms
i Compiled tailwind/expose/theme/textUnderlineOffset.mjs in 1000.98ms
i Compiled tailwind/expose/theme/transformOrigin.mjs in 1000.97ms
i Compiled tailwind/expose/theme/transitionDelay.mjs in 1000.97ms
i Compiled tailwind/expose/theme/transitionDuration.mjs in 1000.92ms
i Compiled tailwind/expose/theme/transitionProperty.mjs in 1000.86ms
i Compiled tailwind/expose/theme/transitionTimingFunction.mjs in 1000.84ms
i Compiled tailwind/expose/theme/translate.mjs in 1000.8ms
i Compiled tailwind/expose/theme/size.mjs in 1000.64ms
i Compiled tailwind/expose/theme/width.mjs in 1000.4ms
i Compiled tailwind/expose/theme/willChange.mjs in 1000.16ms
i Compiled tailwind/expose/theme/zIndex.mjs in 1000.11ms
i Compiled tailwind/expose/theme.mjs in 1000.1ms
i Compiled tailwind/expose/corePlugins.mjs in 1003.71ms
i Compiled tailwind/expose/plugins.mjs in 617.01ms
i Compiled tailwind/expose/content/relative.mjs in 616.73ms
i Compiled tailwind/expose/content/files.mjs in 618.29ms
i Compiled tailwind/expose/content/extract.mjs in 536.51ms
i Compiled tailwind/expose/content/transform.mjs in 536.43ms
i Compiled tailwind/expose/content.mjs in 536.47ms
i Compiled tailwind/expose/presets.mjs in 536.47ms
i Compiled tailwind/expose/darkMode.mjs in 536.49ms
i Compiled tailwind/expose/prefix.mjs in 536.52ms
i Compiled tailwind/expose/important.mjs in 536.55ms
i Compiled tailwind/expose/separator.mjs in 536.58ms
i Compiled tailwind/expose/safelist.mjs in 536.6ms
i Compiled tailwind/expose/blocklist.mjs in 536.63ms
i Compiled tailwind/expose/index.mjs in 536.65ms
i Compiled types/tailwind.config.d.ts in 543.06ms

 WARN  'manifest-route-rule' middleware already exists at 'D:/domains/ratingo-admin/node_modules/nuxt/dist/app/middleware/manifest-route-rule.js'. You can set override: true to replace it.


 WARN  'manifest-route-rule' middleware already exists at 'D:/domains/ratingo-admin/node_modules/nuxt/dist/app/middleware/manifest-route-rule.js'. You can set override: true to replace it.


 WARN  'manifest-route-rule' middleware already exists at 'D:/domains/ratingo-admin/node_modules/nuxt/dist/app/middleware/manifest-route-rule.js'. You can set override: true to replace it.


 WARN  'manifest-route-rule' middleware already exists at 'D:/domains/ratingo-admin/node_modules/nuxt/dist/app/middleware/manifest-route-rule.js'. You can set override: true to replace it.


 WARN  'manifest-route-rule' middleware already exists at 'D:/domains/ratingo-admin/node_modules/nuxt/dist/app/middleware/manifest-route-rule.js'. You can set override: true to replace it.


 WARN  'manifest-route-rule' middleware already exists at 'D:/domains/ratingo-admin/node_modules/nuxt/dist/app/middleware/manifest-route-rule.js'. You can set override: true to replace it.


 WARN  'manifest-route-rule' middleware already exists at 'D:/domains/ratingo-admin/node_modules/nuxt/dist/app/middleware/manifest-route-rule.js'. You can set override: true to replace it.


 WARN  'manifest-route-rule' middleware already exists at 'D:/domains/ratingo-admin/node_modules/nuxt/dist/app/middleware/manifest-route-rule.js'. You can set override: true to replace it. (repeated 47 times)


 WARN  'manifest-route-rule' middleware already exists at 'D:/domains/ratingo-admin/node_modules/nuxt/dist/app/middleware/manifest-route-rule.js'. You can set override: true to replace it.


 WARN  'manifest-route-rule' middleware already exists at 'D:/domains/ratingo-admin/node_modules/nuxt/dist/app/middleware/manifest-route-rule.js'. You can set override: true to replace it.


 WARN  'manifest-route-rule' middleware already exists at 'D:/domains/ratingo-admin/node_modules/nuxt/dist/app/middleware/manifest-route-rule.js'. You can set override: true to replace it.


 WARN  'manifest-route-rule' middleware already exists at 'D:/domains/ratingo-admin/node_modules/nuxt/dist/app/middleware/manifest-route-rule.js'. You can set override: true to replace it.


 WARN  'manifest-route-rule' middleware already exists at 'D:/domains/ratingo-admin/node_modules/nuxt/dist/app/middleware/manifest-route-rule.js'. You can set override: true to replace it.


 WARN  'manifest-route-rule' middleware already exists at 'D:/domains/ratingo-admin/node_modules/nuxt/dist/app/middleware/manifest-route-rule.js'. You can set override: true to replace it. (repeated 3 times)


 WARN  'manifest-route-rule' middleware already exists at 'D:/domains/ratingo-admin/node_modules/nuxt/dist/app/middleware/manifest-route-rule.js'. You can set override: true to replace it.


 WARN  'manifest-route-rule' middleware already exists at 'D:/domains/ratingo-admin/node_modules/nuxt/dist/app/middleware/manifest-route-rule.js'. You can set override: true to replace it.


 WARN  'manifest-route-rule' middleware already exists at 'D:/domains/ratingo-admin/node_modules/nuxt/dist/app/middleware/manifest-route-rule.js'. You can set override: true to replace it.


 WARN  'manifest-route-rule' middleware already exists at 'D:/domains/ratingo-admin/node_modules/nuxt/dist/app/middleware/manifest-route-rule.js'. You can set override: true to replace it.


 WARN  'manifest-route-rule' middleware already exists at 'D:/domains/ratingo-admin/node_modules/nuxt/dist/app/middleware/manifest-route-rule.js'. You can set override: true to replace it.


 WARN  'manifest-route-rule' middleware already exists at 'D:/domains/ratingo-admin/node_modules/nuxt/dist/app/middleware/manifest-route-rule.js'. You can set override: true to replace it. (repeated 348 times)


 WARN  'manifest-route-rule' middleware already exists at 'D:/domains/ratingo-admin/node_modules/nuxt/dist/app/middleware/manifest-route-rule.js'. You can set override: true to replace it.


 WARN  'manifest-route-rule' middleware already exists at 'D:/domains/ratingo-admin/node_modules/nuxt/dist/app/middleware/manifest-route-rule.js'. You can set override: true to replace it.


 WARN  'manifest-route-rule' middleware already exists at 'D:/domains/ratingo-admin/node_modules/nuxt/dist/app/middleware/manifest-route-rule.js'. You can set override: true to replace it.


 WARN  'manifest-route-rule' middleware already exists at 'D:/domains/ratingo-admin/node_modules/nuxt/dist/app/middleware/manifest-route-rule.js'. You can set override: true to replace it.


 WARN  'manifest-route-rule' middleware already exists at 'D:/domains/ratingo-admin/node_modules/nuxt/dist/app/middleware/manifest-route-rule.js'. You can set override: true to replace it.


 WARN  'manifest-route-rule' middleware already exists at 'D:/domains/ratingo-admin/node_modules/nuxt/dist/app/middleware/manifest-route-rule.js'. You can set override: true to replace it. (repeated 239 times)


 WARN  'manifest-route-rule' middleware already exists at 'D:/domains/ratingo-admin/node_modules/nuxt/dist/app/middleware/manifest-route-rule.js'. You can set override: true to replace it.


 WARN  'manifest-route-rule' middleware already exists at 'D:/domains/ratingo-admin/node_modules/nuxt/dist/app/middleware/manifest-route-rule.js'. You can set override: true to replace it.


 WARN  'manifest-route-rule' middleware already exists at 'D:/domains/ratingo-admin/node_modules/nuxt/dist/app/middleware/manifest-route-rule.js'. You can set override: true to replace it.


 WARN  'manifest-route-rule' middleware already exists at 'D:/domains/ratingo-admin/node_modules/nuxt/dist/app/middleware/manifest-route-rule.js'. You can set override: true to replace it.


 WARN  'manifest-route-rule' middleware already exists at 'D:/domains/ratingo-admin/node_modules/nuxt/dist/app/middleware/manifest-route-rule.js'. You can set override: true to replace it.


 WARN  'manifest-route-rule' middleware already exists at 'D:/domains/ratingo-admin/node_modules/nuxt/dist/app/middleware/manifest-route-rule.js'. You can set override: true to replace it.


 WARN  'manifest-route-rule' middleware already exists at 'D:/domains/ratingo-admin/node_modules/nuxt/dist/app/middleware/manifest-route-rule.js'. You can set override: true to replace it.


 WARN  'manifest-route-rule' middleware already exists at 'D:/domains/ratingo-admin/node_modules/nuxt/dist/app/middleware/manifest-route-rule.js'. You can set override: true to replace it.


 WARN  'manifest-route-rule' middleware already exists at 'D:/domains/ratingo-admin/node_modules/nuxt/dist/app/middleware/manifest-route-rule.js'. You can set override: true to replace it.


 WARN  'manifest-route-rule' middleware already exists at 'D:/domains/ratingo-admin/node_modules/nuxt/dist/app/middleware/manifest-route-rule.js'. You can set override: true to replace it.


 WARN  'manifest-route-rule' middleware already exists at 'D:/domains/ratingo-admin/node_modules/nuxt/dist/app/middleware/manifest-route-rule.js'. You can set override: true to replace it.


 WARN  'manifest-route-rule' middleware already exists at 'D:/domains/ratingo-admin/node_modules/nuxt/dist/app/middleware/manifest-route-rule.js'. You can set override: true to replace it. (repeated 134 times)


 WARN  'manifest-route-rule' middleware already exists at 'D:/domains/ratingo-admin/node_modules/nuxt/dist/app/middleware/manifest-route-rule.js'. You can set override: true to replace it.


 WARN  'manifest-route-rule' middleware already exists at 'D:/domains/ratingo-admin/node_modules/nuxt/dist/app/middleware/manifest-route-rule.js'. You can set override: true to replace it.


 WARN  'manifest-route-rule' middleware already exists at 'D:/domains/ratingo-admin/node_modules/nuxt/dist/app/middleware/manifest-route-rule.js'. You can set override: true to replace it.


 WARN  'manifest-route-rule' middleware already exists at 'D:/domains/ratingo-admin/node_modules/nuxt/dist/app/middleware/manifest-route-rule.js'. You can set override: true to replace it.


 WARN  'manifest-route-rule' middleware already exists at 'D:/domains/ratingo-admin/node_modules/nuxt/dist/app/middleware/manifest-route-rule.js'. You can set override: true to replace it.


 WARN  'manifest-route-rule' middleware already exists at 'D:/domains/ratingo-admin/node_modules/nuxt/dist/app/middleware/manifest-route-rule.js'. You can set override: true to replace it. (repeated 4 times)


 WARN  'manifest-route-rule' middleware already exists at 'D:/domains/ratingo-admin/node_modules/nuxt/dist/app/middleware/manifest-route-rule.js'. You can set override: true to replace it.


 WARN  'manifest-route-rule' middleware already exists at 'D:/domains/ratingo-admin/node_modules/nuxt/dist/app/middleware/manifest-route-rule.js'. You can set override: true to replace it.


 WARN  'manifest-route-rule' middleware already exists at 'D:/domains/ratingo-admin/node_modules/nuxt/dist/app/middleware/manifest-route-rule.js'. You can set override: true to replace it.


 WARN  'manifest-route-rule' middleware already exists at 'D:/domains/ratingo-admin/node_modules/nuxt/dist/app/middleware/manifest-route-rule.js'. You can set override: true to replace it.


 WARN  'manifest-route-rule' middleware already exists at 'D:/domains/ratingo-admin/node_modules/nuxt/dist/app/middleware/manifest-route-rule.js'. You can set override: true to replace it.


 WARN  'manifest-route-rule' middleware already exists at 'D:/domains/ratingo-admin/node_modules/nuxt/dist/app/middleware/manifest-route-rule.js'. You can set override: true to replace it. (repeated 208 times)


 WARN  'manifest-route-rule' middleware already exists at 'D:/domains/ratingo-admin/node_modules/nuxt/dist/app/middleware/manifest-route-rule.js'. You can set override: true to replace it.


 WARN  'manifest-route-rule' middleware already exists at 'D:/domains/ratingo-admin/node_modules/nuxt/dist/app/middleware/manifest-route-rule.js'. You can set override: true to replace it.


 WARN  'manifest-route-rule' middleware already exists at 'D:/domains/ratingo-admin/node_modules/nuxt/dist/app/middleware/manifest-route-rule.js'. You can set override: true to replace it.


 WARN  'manifest-route-rule' middleware already exists at 'D:/domains/ratingo-admin/node_modules/nuxt/dist/app/middleware/manifest-route-rule.js'. You can set override: true to replace it.


 WARN  'manifest-route-rule' middleware already exists at 'D:/domains/ratingo-admin/node_modules/nuxt/dist/app/middleware/manifest-route-rule.js'. You can set override: true to replace it.


 WARN  'manifest-route-rule' middleware already exists at 'D:/domains/ratingo-admin/node_modules/nuxt/dist/app/middleware/manifest-route-rule.js'. You can set override: true to replace it. (repeated 596 times)


 WARN  'manifest-route-rule' middleware already exists at 'D:/domains/ratingo-admin/node_modules/nuxt/dist/app/middleware/manifest-route-rule.js'. You can set override: true to replace it.


 WARN  'manifest-route-rule' middleware already exists at 'D:/domains/ratingo-admin/node_modules/nuxt/dist/app/middleware/manifest-route-rule.js'. You can set override: true to replace it.


 WARN  'manifest-route-rule' middleware already exists at 'D:/domains/ratingo-admin/node_modules/nuxt/dist/app/middleware/manifest-route-rule.js'. You can set override: true to replace it.


 WARN  'manifest-route-rule' middleware already exists at 'D:/domains/ratingo-admin/node_modules/nuxt/dist/app/middleware/manifest-route-rule.js'. You can set override: true to replace it.


 WARN  'manifest-route-rule' middleware already exists at 'D:/domains/ratingo-admin/node_modules/nuxt/dist/app/middleware/manifest-route-rule.js'. You can set override: true to replace it.


 WARN  'manifest-route-rule' middleware already exists at 'D:/domains/ratingo-admin/node_modules/nuxt/dist/app/middleware/manifest-route-rule.js'. You can set override: true to replace it. (repeated 21 times)


 WARN  'manifest-route-rule' middleware already exists at 'D:/domains/ratingo-admin/node_modules/nuxt/dist/app/middleware/manifest-route-rule.js'. You can set override: true to replace it.


 WARN  'manifest-route-rule' middleware already exists at 'D:/domains/ratingo-admin/node_modules/nuxt/dist/app/middleware/manifest-route-rule.js'. You can set override: true to replace it.


 WARN  'manifest-route-rule' middleware already exists at 'D:/domains/ratingo-admin/node_modules/nuxt/dist/app/middleware/manifest-route-rule.js'. You can set override: true to replace it.


 WARN  'manifest-route-rule' middleware already exists at 'D:/domains/ratingo-admin/node_modules/nuxt/dist/app/middleware/manifest-route-rule.js'. You can set override: true to replace it.


 WARN  'manifest-route-rule' middleware already exists at 'D:/domains/ratingo-admin/node_modules/nuxt/dist/app/middleware/manifest-route-rule.js'. You can set override: true to replace it.


 WARN  'manifest-route-rule' middleware already exists at 'D:/domains/ratingo-admin/node_modules/nuxt/dist/app/middleware/manifest-route-rule.js'. You can set override: true to replace it. (repeated 68 times)


 WARN  'manifest-route-rule' middleware already exists at 'D:/domains/ratingo-admin/node_modules/nuxt/dist/app/middleware/manifest-route-rule.js'. You can set override: true to replace it.


 WARN  'manifest-route-rule' middleware already exists at 'D:/domains/ratingo-admin/node_modules/nuxt/dist/app/middleware/manifest-route-rule.js'. You can set override: true to replace it.


 WARN  'manifest-route-rule' middleware already exists at 'D:/domains/ratingo-admin/node_modules/nuxt/dist/app/middleware/manifest-route-rule.js'. You can set override: true to replace it.


 WARN  'manifest-route-rule' middleware already exists at 'D:/domains/ratingo-admin/node_modules/nuxt/dist/app/middleware/manifest-route-rule.js'. You can set override: true to replace it.


 WARN  'manifest-route-rule' middleware already exists at 'D:/domains/ratingo-admin/node_modules/nuxt/dist/app/middleware/manifest-route-rule.js'. You can set override: true to replace it.


 WARN  'manifest-route-rule' middleware already exists at 'D:/domains/ratingo-admin/node_modules/nuxt/dist/app/middleware/manifest-route-rule.js'. You can set override: true to replace it. (repeated 8 times)


 WARN  'manifest-route-rule' middleware already exists at 'D:/domains/ratingo-admin/node_modules/nuxt/dist/app/middleware/manifest-route-rule.js'. You can set override: true to replace it.


 WARN  'manifest-route-rule' middleware already exists at 'D:/domains/ratingo-admin/node_modules/nuxt/dist/app/middleware/manifest-route-rule.js'. You can set override: true to replace it.


 WARN  'manifest-route-rule' middleware already exists at 'D:/domains/ratingo-admin/node_modules/nuxt/dist/app/middleware/manifest-route-rule.js'. You can set override: true to replace it.


 WARN  'manifest-route-rule' middleware already exists at 'D:/domains/ratingo-admin/node_modules/nuxt/dist/app/middleware/manifest-route-rule.js'. You can set override: true to replace it.


 WARN  'manifest-route-rule' middleware already exists at 'D:/domains/ratingo-admin/node_modules/nuxt/dist/app/middleware/manifest-route-rule.js'. You can set override: true to replace it.


 WARN  'manifest-route-rule' middleware already exists at 'D:/domains/ratingo-admin/node_modules/nuxt/dist/app/middleware/manifest-route-rule.js'. You can set override: true to replace it. (repeated 669 times)


 WARN  'manifest-route-rule' middleware already exists at 'D:/domains/ratingo-admin/node_modules/nuxt/dist/app/middleware/manifest-route-rule.js'. You can set override: true to replace it.


 WARN  'manifest-route-rule' middleware already exists at 'D:/domains/ratingo-admin/node_modules/nuxt/dist/app/middleware/manifest-route-rule.js'. You can set override: true to replace it.


 WARN  'manifest-route-rule' middleware already exists at 'D:/domains/ratingo-admin/node_modules/nuxt/dist/app/middleware/manifest-route-rule.js'. You can set override: true to replace it.


 WARN  'manifest-route-rule' middleware already exists at 'D:/domains/ratingo-admin/node_modules/nuxt/dist/app/middleware/manifest-route-rule.js'. You can set override: true to replace it.


 WARN  'manifest-route-rule' middleware already exists at 'D:/domains/ratingo-admin/node_modules/nuxt/dist/app/middleware/manifest-route-rule.js'. You can set override: true to replace it.


 WARN  'manifest-route-rule' middleware already exists at 'D:/domains/ratingo-admin/node_modules/nuxt/dist/app/middleware/manifest-route-rule.js'. You can set override: true to replace it. (repeated 48 times)


 WARN  'manifest-route-rule' middleware already exists at 'D:/domains/ratingo-admin/node_modules/nuxt/dist/app/middleware/manifest-route-rule.js'. You can set override: true to replace it.


 WARN  'manifest-route-rule' middleware already exists at 'D:/domains/ratingo-admin/node_modules/nuxt/dist/app/middleware/manifest-route-rule.js'. You can set override: true to replace it.


 WARN  'manifest-route-rule' middleware already exists at 'D:/domains/ratingo-admin/node_modules/nuxt/dist/app/middleware/manifest-route-rule.js'. You can set override: true to replace it.


 WARN  'manifest-route-rule' middleware already exists at 'D:/domains/ratingo-admin/node_modules/nuxt/dist/app/middleware/manifest-route-rule.js'. You can set override: true to replace it.


 WARN  'manifest-route-rule' middleware already exists at 'D:/domains/ratingo-admin/node_modules/nuxt/dist/app/middleware/manifest-route-rule.js'. You can set override: true to replace it.


 WARN  'manifest-route-rule' middleware already exists at 'D:/domains/ratingo-admin/node_modules/nuxt/dist/app/middleware/manifest-route-rule.js'. You can set override: true to replace it. (repeated 86 times)


 WARN  'manifest-route-rule' middleware already exists at 'D:/domains/ratingo-admin/node_modules/nuxt/dist/app/middleware/manifest-route-rule.js'. You can set override: true to replace it.


 WARN  'manifest-route-rule' middleware already exists at 'D:/domains/ratingo-admin/node_modules/nuxt/dist/app/middleware/manifest-route-rule.js'. You can set override: true to replace it.


 WARN  'manifest-route-rule' middleware already exists at 'D:/domains/ratingo-admin/node_modules/nuxt/dist/app/middleware/manifest-route-rule.js'. You can set override: true to replace it.


 WARN  'manifest-route-rule' middleware already exists at 'D:/domains/ratingo-admin/node_modules/nuxt/dist/app/middleware/manifest-route-rule.js'. You can set override: true to replace it.


 WARN  'manifest-route-rule' middleware already exists at 'D:/domains/ratingo-admin/node_modules/nuxt/dist/app/middleware/manifest-route-rule.js'. You can set override: true to replace it.


 WARN  'manifest-route-rule' middleware already exists at 'D:/domains/ratingo-admin/node_modules/nuxt/dist/app/middleware/manifest-route-rule.js'. You can set override: true to replace it. (repeated 167 times)


 WARN  'manifest-route-rule' middleware already exists at 'D:/domains/ratingo-admin/node_modules/nuxt/dist/app/middleware/manifest-route-rule.js'. You can set override: true to replace it.


 WARN  'manifest-route-rule' middleware already exists at 'D:/domains/ratingo-admin/node_modules/nuxt/dist/app/middleware/manifest-route-rule.js'. You can set override: true to replace it.


 WARN  'manifest-route-rule' middleware already exists at 'D:/domains/ratingo-admin/node_modules/nuxt/dist/app/middleware/manifest-route-rule.js'. You can set override: true to replace it.


 WARN  'manifest-route-rule' middleware already exists at 'D:/domains/ratingo-admin/node_modules/nuxt/dist/app/middleware/manifest-route-rule.js'. You can set override: true to replace it.


 WARN  'manifest-route-rule' middleware already exists at 'D:/domains/ratingo-admin/node_modules/nuxt/dist/app/middleware/manifest-route-rule.js'. You can set override: true to replace it.


 WARN  'manifest-route-rule' middleware already exists at 'D:/domains/ratingo-admin/node_modules/nuxt/dist/app/middleware/manifest-route-rule.js'. You can set override: true to replace it.


 WARN  'manifest-route-rule' middleware already exists at 'D:/domains/ratingo-admin/node_modules/nuxt/dist/app/middleware/manifest-route-rule.js'. You can set override: true to replace it. (repeated 436 times)


 WARN  'manifest-route-rule' middleware already exists at 'D:/domains/ratingo-admin/node_modules/nuxt/dist/app/middleware/manifest-route-rule.js'. You can set override: true to replace it.


 WARN  'manifest-route-rule' middleware already exists at 'D:/domains/ratingo-admin/node_modules/nuxt/dist/app/middleware/manifest-route-rule.js'. You can set override: true to replace it.


 WARN  'manifest-route-rule' middleware already exists at 'D:/domains/ratingo-admin/node_modules/nuxt/dist/app/middleware/manifest-route-rule.js'. You can set override: true to replace it.


 WARN  'manifest-route-rule' middleware already exists at 'D:/domains/ratingo-admin/node_modules/nuxt/dist/app/middleware/manifest-route-rule.js'. You can set override: true to replace it.


 WARN  'manifest-route-rule' middleware already exists at 'D:/domains/ratingo-admin/node_modules/nuxt/dist/app/middleware/manifest-route-rule.js'. You can set override: true to replace it.


 WARN  'manifest-route-rule' middleware already exists at 'D:/domains/ratingo-admin/node_modules/nuxt/dist/app/middleware/manifest-route-rule.js'. You can set override: true to replace it. (repeated 219 times)


 WARN  'manifest-route-rule' middleware already exists at 'D:/domains/ratingo-admin/node_modules/nuxt/dist/app/middleware/manifest-route-rule.js'. You can set override: true to replace it.


 WARN  'manifest-route-rule' middleware already exists at 'D:/domains/ratingo-admin/node_modules/nuxt/dist/app/middleware/manifest-route-rule.js'. You can set override: true to replace it.


 WARN  'manifest-route-rule' middleware already exists at 'D:/domains/ratingo-admin/node_modules/nuxt/dist/app/middleware/manifest-route-rule.js'. You can set override: true to replace it.


 WARN  'manifest-route-rule' middleware already exists at 'D:/domains/ratingo-admin/node_modules/nuxt/dist/app/middleware/manifest-route-rule.js'. You can set override: true to replace it.


 WARN  'manifest-route-rule' middleware already exists at 'D:/domains/ratingo-admin/node_modules/nuxt/dist/app/middleware/manifest-route-rule.js'. You can set override: true to replace it.


 WARN  'manifest-route-rule' middleware already exists at 'D:/domains/ratingo-admin/node_modules/nuxt/dist/app/middleware/manifest-route-rule.js'. You can set override: true to replace it. (repeated 84 times)


 WARN  'manifest-route-rule' middleware already exists at 'D:/domains/ratingo-admin/node_modules/nuxt/dist/app/middleware/manifest-route-rule.js'. You can set override: true to replace it.


 WARN  'manifest-route-rule' middleware already exists at 'D:/domains/ratingo-admin/node_modules/nuxt/dist/app/middleware/manifest-route-rule.js'. You can set override: true to replace it.


 WARN  'manifest-route-rule' middleware already exists at 'D:/domains/ratingo-admin/node_modules/nuxt/dist/app/middleware/manifest-route-rule.js'. You can set override: true to replace it.


 WARN  'manifest-route-rule' middleware already exists at 'D:/domains/ratingo-admin/node_modules/nuxt/dist/app/middleware/manifest-route-rule.js'. You can set override: true to replace it.


 WARN  'manifest-route-rule' middleware already exists at 'D:/domains/ratingo-admin/node_modules/nuxt/dist/app/middleware/manifest-route-rule.js'. You can set override: true to replace it.


 WARN  'manifest-route-rule' middleware already exists at 'D:/domains/ratingo-admin/node_modules/nuxt/dist/app/middleware/manifest-route-rule.js'. You can set override: true to replace it. (repeated 13 times)


 WARN  'manifest-route-rule' middleware already exists at 'D:/domains/ratingo-admin/node_modules/nuxt/dist/app/middleware/manifest-route-rule.js'. You can set override: true to replace it.


 WARN  'manifest-route-rule' middleware already exists at 'D:/domains/ratingo-admin/node_modules/nuxt/dist/app/middleware/manifest-route-rule.js'. You can set override: true to replace it.


 WARN  'manifest-route-rule' middleware already exists at 'D:/domains/ratingo-admin/node_modules/nuxt/dist/app/middleware/manifest-route-rule.js'. You can set override: true to replace it.


 WARN  'manifest-route-rule' middleware already exists at 'D:/domains/ratingo-admin/node_modules/nuxt/dist/app/middleware/manifest-route-rule.js'. You can set override: true to replace it.


 WARN  'manifest-route-rule' middleware already exists at 'D:/domains/ratingo-admin/node_modules/nuxt/dist/app/middleware/manifest-route-rule.js'. You can set override: true to replace it.


 WARN  'manifest-route-rule' middleware already exists at 'D:/domains/ratingo-admin/node_modules/nuxt/dist/app/middleware/manifest-route-rule.js'. You can set override: true to replace it. (repeated 26 times)


 WARN  'manifest-route-rule' middleware already exists at 'D:/domains/ratingo-admin/node_modules/nuxt/dist/app/middleware/manifest-route-rule.js'. You can set override: true to replace it.


 WARN  'manifest-route-rule' middleware already exists at 'D:/domains/ratingo-admin/node_modules/nuxt/dist/app/middleware/manifest-route-rule.js'. You can set override: true to replace it.


 WARN  'manifest-route-rule' middleware already exists at 'D:/domains/ratingo-admin/node_modules/nuxt/dist/app/middleware/manifest-route-rule.js'. You can set override: true to replace it.


 WARN  'manifest-route-rule' middleware already exists at 'D:/domains/ratingo-admin/node_modules/nuxt/dist/app/middleware/manifest-route-rule.js'. You can set override: true to replace it.


 WARN  'manifest-route-rule' middleware already exists at 'D:/domains/ratingo-admin/node_modules/nuxt/dist/app/middleware/manifest-route-rule.js'. You can set override: true to replace it.


 WARN  'manifest-route-rule' middleware already exists at 'D:/domains/ratingo-admin/node_modules/nuxt/dist/app/middleware/manifest-route-rule.js'. You can set override: true to replace it. (repeated 7 times)


 WARN  'manifest-route-rule' middleware already exists at 'D:/domains/ratingo-admin/node_modules/nuxt/dist/app/middleware/manifest-route-rule.js'. You can set override: true to replace it.


 WARN  'manifest-route-rule' middleware already exists at 'D:/domains/ratingo-admin/node_modules/nuxt/dist/app/middleware/manifest-route-rule.js'. You can set override: true to replace it.


 WARN  'manifest-route-rule' middleware already exists at 'D:/domains/ratingo-admin/node_modules/nuxt/dist/app/middleware/manifest-route-rule.js'. You can set override: true to replace it.


 WARN  'manifest-route-rule' middleware already exists at 'D:/domains/ratingo-admin/node_modules/nuxt/dist/app/middleware/manifest-route-rule.js'. You can set override: true to replace it.


 WARN  'manifest-route-rule' middleware already exists at 'D:/domains/ratingo-admin/node_modules/nuxt/dist/app/middleware/manifest-route-rule.js'. You can set override: true to replace it.


 WARN  'manifest-route-rule' middleware already exists at 'D:/domains/ratingo-admin/node_modules/nuxt/dist/app/middleware/manifest-route-rule.js'. You can set override: true to replace it. (repeated 687 times)


 WARN  'manifest-route-rule' middleware already exists at 'D:/domains/ratingo-admin/node_modules/nuxt/dist/app/middleware/manifest-route-rule.js'. You can set override: true to replace it.


 WARN  'manifest-route-rule' middleware already exists at 'D:/domains/ratingo-admin/node_modules/nuxt/dist/app/middleware/manifest-route-rule.js'. You can set override: true to replace it.


 WARN  'manifest-route-rule' middleware already exists at 'D:/domains/ratingo-admin/node_modules/nuxt/dist/app/middleware/manifest-route-rule.js'. You can set override: true to replace it.


 WARN  'manifest-route-rule' middleware already exists at 'D:/domains/ratingo-admin/node_modules/nuxt/dist/app/middleware/manifest-route-rule.js'. You can set override: true to replace it.


 WARN  'manifest-route-rule' middleware already exists at 'D:/domains/ratingo-admin/node_modules/nuxt/dist/app/middleware/manifest-route-rule.js'. You can set override: true to replace it.


 WARN  'manifest-route-rule' middleware already exists at 'D:/domains/ratingo-admin/node_modules/nuxt/dist/app/middleware/manifest-route-rule.js'. You can set override: true to replace it. (repeated 180 times)


 WARN  'manifest-route-rule' middleware already exists at 'D:/domains/ratingo-admin/node_modules/nuxt/dist/app/middleware/manifest-route-rule.js'. You can set override: true to replace it.


 WARN  'manifest-route-rule' middleware already exists at 'D:/domains/ratingo-admin/node_modules/nuxt/dist/app/middleware/manifest-route-rule.js'. You can set override: true to replace it.


 WARN  'manifest-route-rule' middleware already exists at 'D:/domains/ratingo-admin/node_modules/nuxt/dist/app/middleware/manifest-route-rule.js'. You can set override: true to replace it.


 WARN  'manifest-route-rule' middleware already exists at 'D:/domains/ratingo-admin/node_modules/nuxt/dist/app/middleware/manifest-route-rule.js'. You can set override: true to replace it.


 WARN  'manifest-route-rule' middleware already exists at 'D:/domains/ratingo-admin/node_modules/nuxt/dist/app/middleware/manifest-route-rule.js'. You can set override: true to replace it.


 WARN  'manifest-route-rule' middleware already exists at 'D:/domains/ratingo-admin/node_modules/nuxt/dist/app/middleware/manifest-route-rule.js'. You can set override: true to replace it.


 WARN  'manifest-route-rule' middleware already exists at 'D:/domains/ratingo-admin/node_modules/nuxt/dist/app/middleware/manifest-route-rule.js'. You can set override: true to replace it.


 WARN  'manifest-route-rule' middleware already exists at 'D:/domains/ratingo-admin/node_modules/nuxt/dist/app/middleware/manifest-route-rule.js'. You can set override: true to replace it.


 WARN  'manifest-route-rule' middleware already exists at 'D:/domains/ratingo-admin/node_modules/nuxt/dist/app/middleware/manifest-route-rule.js'. You can set override: true to replace it.


 WARN  'manifest-route-rule' middleware already exists at 'D:/domains/ratingo-admin/node_modules/nuxt/dist/app/middleware/manifest-route-rule.js'. You can set override: true to replace it.


 WARN  'manifest-route-rule' middleware already exists at 'D:/domains/ratingo-admin/node_modules/nuxt/dist/app/middleware/manifest-route-rule.js'. You can set override: true to replace it.


 WARN  'manifest-route-rule' middleware already exists at 'D:/domains/ratingo-admin/node_modules/nuxt/dist/app/middleware/manifest-route-rule.js'. You can set override: true to replace it. (repeated 4 times)


 WARN  'manifest-route-rule' middleware already exists at 'D:/domains/ratingo-admin/node_modules/nuxt/dist/app/middleware/manifest-route-rule.js'. You can set override: true to replace it.


 WARN  'manifest-route-rule' middleware already exists at 'D:/domains/ratingo-admin/node_modules/nuxt/dist/app/middleware/manifest-route-rule.js'. You can set override: true to replace it.


 WARN  'manifest-route-rule' middleware already exists at 'D:/domains/ratingo-admin/node_modules/nuxt/dist/app/middleware/manifest-route-rule.js'. You can set override: true to replace it.


 WARN  'manifest-route-rule' middleware already exists at 'D:/domains/ratingo-admin/node_modules/nuxt/dist/app/middleware/manifest-route-rule.js'. You can set override: true to replace it.


 WARN  'manifest-route-rule' middleware already exists at 'D:/domains/ratingo-admin/node_modules/nuxt/dist/app/middleware/manifest-route-rule.js'. You can set override: true to replace it.


 WARN  'manifest-route-rule' middleware already exists at 'D:/domains/ratingo-admin/node_modules/nuxt/dist/app/middleware/manifest-route-rule.js'. You can set override: true to replace it. (repeated 8 times)


 WARN  'manifest-route-rule' middleware already exists at 'D:/domains/ratingo-admin/node_modules/nuxt/dist/app/middleware/manifest-route-rule.js'. You can set override: true to replace it.


 WARN  'manifest-route-rule' middleware already exists at 'D:/domains/ratingo-admin/node_modules/nuxt/dist/app/middleware/manifest-route-rule.js'. You can set override: true to replace it.


 WARN  'manifest-route-rule' middleware already exists at 'D:/domains/ratingo-admin/node_modules/nuxt/dist/app/middleware/manifest-route-rule.js'. You can set override: true to replace it.


 WARN  'manifest-route-rule' middleware already exists at 'D:/domains/ratingo-admin/node_modules/nuxt/dist/app/middleware/manifest-route-rule.js'. You can set override: true to replace it.


 WARN  'manifest-route-rule' middleware already exists at 'D:/domains/ratingo-admin/node_modules/nuxt/dist/app/middleware/manifest-route-rule.js'. You can set override: true to replace it.


 WARN  'manifest-route-rule' middleware already exists at 'D:/domains/ratingo-admin/node_modules/nuxt/dist/app/middleware/manifest-route-rule.js'. You can set override: true to replace it. (repeated 503 times)


 WARN  'manifest-route-rule' middleware already exists at 'D:/domains/ratingo-admin/node_modules/nuxt/dist/app/middleware/manifest-route-rule.js'. You can set override: true to replace it.


 WARN  'manifest-route-rule' middleware already exists at 'D:/domains/ratingo-admin/node_modules/nuxt/dist/app/middleware/manifest-route-rule.js'. You can set override: true to replace it.


 WARN  'manifest-route-rule' middleware already exists at 'D:/domains/ratingo-admin/node_modules/nuxt/dist/app/middleware/manifest-route-rule.js'. You can set override: true to replace it.


 WARN  'manifest-route-rule' middleware already exists at 'D:/domains/ratingo-admin/node_modules/nuxt/dist/app/middleware/manifest-route-rule.js'. You can set override: true to replace it.


 WARN  'manifest-route-rule' middleware already exists at 'D:/domains/ratingo-admin/node_modules/nuxt/dist/app/middleware/manifest-route-rule.js'. You can set override: true to replace it.


 WARN  'manifest-route-rule' middleware already exists at 'D:/domains/ratingo-admin/node_modules/nuxt/dist/app/middleware/manifest-route-rule.js'. You can set override: true to replace it. (repeated 116 times)


 WARN  'manifest-route-rule' middleware already exists at 'D:/domains/ratingo-admin/node_modules/nuxt/dist/app/middleware/manifest-route-rule.js'. You can set override: true to replace it.


 WARN  'manifest-route-rule' middleware already exists at 'D:/domains/ratingo-admin/node_modules/nuxt/dist/app/middleware/manifest-route-rule.js'. You can set override: true to replace it.


 WARN  'manifest-route-rule' middleware already exists at 'D:/domains/ratingo-admin/node_modules/nuxt/dist/app/middleware/manifest-route-rule.js'. You can set override: true to replace it.


 WARN  'manifest-route-rule' middleware already exists at 'D:/domains/ratingo-admin/node_modules/nuxt/dist/app/middleware/manifest-route-rule.js'. You can set override: true to replace it.


 WARN  'manifest-route-rule' middleware already exists at 'D:/domains/ratingo-admin/node_modules/nuxt/dist/app/middleware/manifest-route-rule.js'. You can set override: true to replace it.


 WARN  'manifest-route-rule' middleware already exists at 'D:/domains/ratingo-admin/node_modules/nuxt/dist/app/middleware/manifest-route-rule.js'. You can set override: true to replace it. (repeated 704 times)


 WARN  'manifest-route-rule' middleware already exists at 'D:/domains/ratingo-admin/node_modules/nuxt/dist/app/middleware/manifest-route-rule.js'. You can set override: true to replace it.


 WARN  'manifest-route-rule' middleware already exists at 'D:/domains/ratingo-admin/node_modules/nuxt/dist/app/middleware/manifest-route-rule.js'. You can set override: true to replace it.


 WARN  'manifest-route-rule' middleware already exists at 'D:/domains/ratingo-admin/node_modules/nuxt/dist/app/middleware/manifest-route-rule.js'. You can set override: true to replace it.


 WARN  'manifest-route-rule' middleware already exists at 'D:/domains/ratingo-admin/node_modules/nuxt/dist/app/middleware/manifest-route-rule.js'. You can set override: true to replace it.


 WARN  'manifest-route-rule' middleware already exists at 'D:/domains/ratingo-admin/node_modules/nuxt/dist/app/middleware/manifest-route-rule.js'. You can set override: true to replace it.


 WARN  'manifest-route-rule' middleware already exists at 'D:/domains/ratingo-admin/node_modules/nuxt/dist/app/middleware/manifest-route-rule.js'. You can set override: true to replace it. (repeated 67 times)


 WARN  'manifest-route-rule' middleware already exists at 'D:/domains/ratingo-admin/node_modules/nuxt/dist/app/middleware/manifest-route-rule.js'. You can set override: true to replace it.


 WARN  'manifest-route-rule' middleware already exists at 'D:/domains/ratingo-admin/node_modules/nuxt/dist/app/middleware/manifest-route-rule.js'. You can set override: true to replace it.


 WARN  'manifest-route-rule' middleware already exists at 'D:/domains/ratingo-admin/node_modules/nuxt/dist/app/middleware/manifest-route-rule.js'. You can set override: true to replace it.


 WARN  'manifest-route-rule' middleware already exists at 'D:/domains/ratingo-admin/node_modules/nuxt/dist/app/middleware/manifest-route-rule.js'. You can set override: true to replace it.


 WARN  'manifest-route-rule' middleware already exists at 'D:/domains/ratingo-admin/node_modules/nuxt/dist/app/middleware/manifest-route-rule.js'. You can set override: true to replace it.


 WARN  'manifest-route-rule' middleware already exists at 'D:/domains/ratingo-admin/node_modules/nuxt/dist/app/middleware/manifest-route-rule.js'. You can set override: true to replace it. (repeated 35 times)


 WARN  'manifest-route-rule' middleware already exists at 'D:/domains/ratingo-admin/node_modules/nuxt/dist/app/middleware/manifest-route-rule.js'. You can set override: true to replace it.


 WARN  'manifest-route-rule' middleware already exists at 'D:/domains/ratingo-admin/node_modules/nuxt/dist/app/middleware/manifest-route-rule.js'. You can set override: true to replace it.

i Compiled tailwind/expose/theme/accentColor.mjs in 510.03ms
i Compiled tailwind/expose/theme/animation.mjs in 510.03ms
i Compiled tailwind/expose/theme/aria.mjs in 510.07ms
i Compiled tailwind/expose/theme/aspectRatio.mjs in 510.09ms
i Compiled tailwind/expose/theme/backdropBlur.mjs in 510.11ms
i Compiled tailwind/expose/theme/backdropBrightness.mjs in 510.14ms
i Compiled tailwind/expose/theme/backdropContrast.mjs in 510.18ms
i Compiled tailwind/expose/theme/backdropGrayscale.mjs in 510.21ms
i Compiled tailwind/expose/theme/backdropHueRotate.mjs in 510.24ms
i Compiled tailwind/expose/theme/backdropInvert.mjs in 510.27ms
i Compiled tailwind/expose/theme/backdropOpacity.mjs in 510.29ms
i Compiled tailwind/expose/theme/backdropSaturate.mjs in 510.31ms
i Compiled tailwind/expose/theme/backdropSepia.mjs in 510.34ms
i Compiled tailwind/expose/theme/backgroundColor.mjs in 510.37ms
i Compiled tailwind/expose/theme/backgroundImage.mjs in 510.15ms
i Compiled tailwind/expose/theme/backgroundOpacity.mjs in 510.17ms
i Compiled tailwind/expose/theme/backgroundPosition.mjs in 510.18ms
i Compiled tailwind/expose/theme/backgroundSize.mjs in 510.21ms
i Compiled tailwind/expose/theme/blur.mjs in 510.24ms
i Compiled tailwind/expose/theme/borderColor.mjs in 510.27ms
i Compiled tailwind/expose/theme/borderOpacity.mjs in 510.1ms
i Compiled tailwind/expose/theme/borderRadius.mjs in 510.14ms
i Compiled tailwind/expose/theme/borderSpacing.mjs in 510.18ms
i Compiled tailwind/expose/theme/borderWidth.mjs in 510.19ms
i Compiled tailwind/expose/theme/boxShadow.mjs in 510.22ms
i Compiled tailwind/expose/theme/boxShadowColor.mjs in 510.25ms
i Compiled tailwind/expose/theme/brightness.mjs in 510.06ms
i Compiled tailwind/expose/theme/caretColor.mjs in 510.08ms
i Compiled tailwind/expose/theme/colors.mjs in 509.93ms
i Compiled tailwind/expose/theme/columns.mjs in 509.77ms
i Compiled tailwind/expose/theme/container.mjs in 509.79ms
i Compiled tailwind/expose/theme/content.mjs in 509.82ms
i Compiled tailwind/expose/theme/contrast.mjs in 509.84ms
i Compiled tailwind/expose/theme/cursor.mjs in 509.86ms
i Compiled tailwind/expose/theme/divideColor.mjs in 509.87ms
i Compiled tailwind/expose/theme/divideOpacity.mjs in 509.67ms
i Compiled tailwind/expose/theme/divideWidth.mjs in 509.72ms
i Compiled tailwind/expose/theme/dropShadow.mjs in 510.25ms
i Compiled tailwind/expose/theme/fill.mjs in 502.52ms
i Compiled tailwind/expose/theme/flex.mjs in 502.28ms
i Compiled tailwind/expose/theme/flexBasis.mjs in 502.3ms
i Compiled tailwind/expose/theme/flexGrow.mjs in 502.3ms
i Compiled tailwind/expose/theme/flexShrink.mjs in 502.33ms
i Compiled tailwind/expose/theme/fontFamily.mjs in 502.82ms
i Compiled tailwind/expose/corePlugins.mjs in 537.54ms
i Compiled tailwind/expose/theme/accentColor.mjs in 563.2ms
i Compiled tailwind/expose/theme/animation.mjs in 563.2ms
i Compiled tailwind/expose/theme/aria.mjs in 563.23ms
i Compiled tailwind/expose/theme/aspectRatio.mjs in 563.26ms
i Compiled tailwind/expose/theme/backdropBlur.mjs in 563.29ms
i Compiled tailwind/expose/theme/backdropBrightness.mjs in 563.31ms
i Compiled tailwind/expose/theme/backdropContrast.mjs in 563.34ms
i Compiled tailwind/expose/theme/backdropGrayscale.mjs in 563.36ms
i Compiled tailwind/expose/theme/backdropHueRotate.mjs in 563.4ms
i Compiled tailwind/expose/theme/backdropInvert.mjs in 563.42ms
i Compiled tailwind/expose/theme/backdropOpacity.mjs in 563.44ms
i Compiled tailwind/expose/theme/backdropSaturate.mjs in 563.45ms
i Compiled tailwind/expose/theme/backdropSepia.mjs in 563.48ms
i Compiled tailwind/expose/theme/backgroundColor.mjs in 563.51ms
i Compiled tailwind/expose/theme/backgroundImage.mjs in 563.4ms
i Compiled tailwind/expose/theme/backgroundOpacity.mjs in 563.43ms
i Compiled tailwind/expose/theme/backgroundPosition.mjs in 563.46ms
i Compiled tailwind/expose/theme/backgroundSize.mjs in 563.48ms
i Compiled tailwind/expose/theme/blur.mjs in 563.51ms
i Compiled tailwind/expose/theme/borderColor.mjs in 563.54ms
i Compiled tailwind/expose/theme/borderOpacity.mjs in 563.5ms
i Compiled tailwind/expose/theme/borderRadius.mjs in 563.67ms
i Compiled tailwind/expose/theme/borderSpacing.mjs in 563.73ms
i Compiled tailwind/expose/theme/borderWidth.mjs in 563.74ms
i Compiled tailwind/expose/theme/boxShadow.mjs in 563.78ms
i Compiled tailwind/expose/theme/boxShadowColor.mjs in 563.79ms
i Compiled tailwind/expose/theme/brightness.mjs in 563.66ms
i Compiled tailwind/expose/theme/caretColor.mjs in 563.69ms
i Compiled tailwind/expose/theme/colors.mjs in 563.56ms
i Compiled tailwind/expose/theme/columns.mjs in 563.43ms
i Compiled tailwind/expose/theme/container.mjs in 563.44ms
i Compiled tailwind/expose/theme/content.mjs in 563.47ms
i Compiled tailwind/expose/theme/contrast.mjs in 563.5ms
i Compiled tailwind/expose/theme/cursor.mjs in 563.52ms
i Compiled tailwind/expose/theme/divideColor.mjs in 563.52ms
i Compiled tailwind/expose/theme/divideOpacity.mjs in 563.39ms
i Compiled tailwind/expose/theme/divideWidth.mjs in 563.41ms
i Compiled tailwind/expose/theme/dropShadow.mjs in 563.94ms
i Compiled tailwind/expose/theme/fill.mjs in 553.39ms
i Compiled tailwind/expose/theme/flex.mjs in 553.06ms
i Compiled tailwind/expose/theme/flexBasis.mjs in 553.08ms
i Compiled tailwind/expose/theme/flexGrow.mjs in 553.07ms
i Compiled tailwind/expose/theme/flexShrink.mjs in 553.1ms
i Compiled tailwind/expose/theme/fontFamily.mjs in 553.56ms
i Compiled tailwind/expose/theme/fontSize.mjs in 532.14ms
i Compiled tailwind/expose/theme/fontWeight.mjs in 506.15ms
i Compiled tailwind/expose/theme/gap.mjs in 506.14ms
i Compiled tailwind/expose/theme/gradientColorStops.mjs in 506.15ms
i Compiled tailwind/expose/theme/gradientColorStopPositions.mjs in 506ms
i Compiled tailwind/expose/theme/grayscale.mjs in 505.9ms
i Compiled tailwind/expose/theme/gridAutoColumns.mjs in 505.93ms
i Compiled tailwind/expose/theme/gridAutoRows.mjs in 505.96ms
i Compiled tailwind/expose/theme/gridColumn.mjs in 505.98ms
i Compiled tailwind/expose/theme/gridColumnEnd.mjs in 506ms
i Compiled tailwind/expose/theme/gridColumnStart.mjs in 506.01ms
i Compiled tailwind/expose/theme/gridRow.mjs in 506.04ms
i Compiled tailwind/expose/theme/gridRowEnd.mjs in 506.08ms
i Compiled tailwind/expose/theme/gridRowStart.mjs in 506.11ms
i Compiled tailwind/expose/theme/gridTemplateColumns.mjs in 506.13ms
i Compiled tailwind/expose/theme/gridTemplateRows.mjs in 506.14ms
i Compiled tailwind/expose/theme/height.mjs in 506.16ms
i Compiled tailwind/expose/theme/hueRotate.mjs in 506.15ms
i Compiled tailwind/expose/theme/inset.mjs in 506.18ms
i Compiled tailwind/expose/theme/invert.mjs in 506.18ms
i Compiled tailwind/expose/theme/keyframes.mjs in 506.2ms
i Compiled tailwind/expose/theme/letterSpacing.mjs in 506.23ms
i Compiled tailwind/expose/theme/lineHeight.mjs in 506.25ms
i Compiled tailwind/expose/theme/listStyleType.mjs in 506.26ms
i Compiled tailwind/expose/theme/listStyleImage.mjs in 506.29ms
i Compiled tailwind/expose/theme/margin.mjs in 506.31ms
i Compiled tailwind/expose/theme/lineClamp.mjs in 506.33ms
i Compiled tailwind/expose/theme/maxHeight.mjs in 506.36ms
i Compiled tailwind/expose/theme/maxWidth.mjs in 506.36ms
i Compiled tailwind/expose/theme/minHeight.mjs in 506.35ms
i Compiled tailwind/expose/theme/minWidth.mjs in 506.36ms
i Compiled tailwind/expose/theme/objectPosition.mjs in 506.36ms
i Compiled tailwind/expose/theme/opacity.mjs in 506.38ms
i Compiled tailwind/expose/theme/order.mjs in 506.39ms
i Compiled tailwind/expose/theme/outlineColor.mjs in 506.4ms
i Compiled tailwind/expose/theme/outlineOffset.mjs in 505.98ms
i Compiled tailwind/expose/theme/outlineWidth.mjs in 506ms
i Compiled tailwind/expose/theme/padding.mjs in 506.02ms
i Compiled tailwind/expose/theme/placeholderColor.mjs in 506.04ms
i Compiled tailwind/expose/theme/placeholderOpacity.mjs in 505.9ms
i Compiled tailwind/expose/theme/ringColor.mjs in 505.91ms
i Compiled tailwind/expose/theme/ringOffsetColor.mjs in 505.65ms
i Compiled tailwind/expose/theme/ringOffsetWidth.mjs in 505.52ms
i Compiled tailwind/expose/theme/ringOpacity.mjs in 505.54ms
i Compiled tailwind/expose/theme/ringWidth.mjs in 505.54ms
i Compiled tailwind/expose/theme/rotate.mjs in 505.57ms
i Compiled tailwind/expose/theme/saturate.mjs in 505.59ms
i Compiled tailwind/expose/theme/scale.mjs in 505.61ms
i Compiled tailwind/expose/theme/screens.mjs in 505.63ms
i Compiled tailwind/expose/theme/scrollMargin.mjs in 505.65ms
i Compiled tailwind/expose/theme/scrollPadding.mjs in 505.66ms
i Compiled tailwind/expose/theme/sepia.mjs in 505.66ms
i Compiled tailwind/expose/theme/skew.mjs in 505.68ms
i Compiled tailwind/expose/theme/space.mjs in 505.71ms
i Compiled tailwind/expose/theme/spacing.mjs in 505.73ms
i Compiled tailwind/expose/theme/stroke.mjs in 505.74ms
i Compiled tailwind/expose/theme/strokeWidth.mjs in 505.6ms
i Compiled tailwind/expose/theme/supports.mjs in 505.63ms
i Compiled tailwind/expose/theme/data.mjs in 505.55ms
i Compiled tailwind/expose/theme/textColor.mjs in 505.57ms
i Compiled tailwind/expose/theme/textDecorationColor.mjs in 505.44ms
i Compiled tailwind/expose/theme/textDecorationThickness.mjs in 505.29ms
i Compiled tailwind/expose/theme/textIndent.mjs in 505.31ms
i Compiled tailwind/expose/theme/textOpacity.mjs in 505.32ms
i Compiled tailwind/expose/theme/textUnderlineOffset.mjs in 505.33ms
i Compiled tailwind/expose/theme/transformOrigin.mjs in 505.35ms
i Compiled tailwind/expose/theme/transitionDelay.mjs in 505.37ms
i Compiled tailwind/expose/theme/transitionDuration.mjs in 505.4ms
i Compiled tailwind/expose/theme/transitionProperty.mjs in 505.42ms
i Compiled tailwind/expose/theme/transitionTimingFunction.mjs in 505.45ms
i Compiled tailwind/expose/theme/translate.mjs in 505.46ms
i Compiled tailwind/expose/theme/size.mjs in 505.48ms
i Compiled tailwind/expose/theme/width.mjs in 505.47ms
i Compiled tailwind/expose/theme/willChange.mjs in 505.46ms
i Compiled tailwind/expose/theme/zIndex.mjs in 505.48ms
i Compiled tailwind/expose/theme.mjs in 505.49ms
i Compiled tailwind/expose/corePlugins.mjs in 519.5ms
i Compiled tailwind/expose/theme/accentColor.mjs in 516.95ms
i Compiled tailwind/expose/theme/animation.mjs in 517.08ms
i Compiled tailwind/expose/theme/aria.mjs in 517.11ms
i Compiled tailwind/expose/theme/aspectRatio.mjs in 517.14ms
i Compiled tailwind/expose/theme/backdropBlur.mjs in 517.16ms
i Compiled tailwind/expose/theme/backdropBrightness.mjs in 517.2ms
i Compiled tailwind/expose/theme/backdropContrast.mjs in 517.23ms
i Compiled tailwind/expose/theme/backdropGrayscale.mjs in 517.26ms
i Compiled tailwind/expose/theme/backdropHueRotate.mjs in 517.29ms
i Compiled tailwind/expose/theme/backdropInvert.mjs in 517.32ms
i Compiled tailwind/expose/theme/backdropOpacity.mjs in 517.34ms
i Compiled tailwind/expose/theme/backdropSaturate.mjs in 517.38ms
i Compiled tailwind/expose/theme/backdropSepia.mjs in 517.47ms
i Compiled tailwind/expose/theme/backgroundColor.mjs in 517.52ms
i Compiled tailwind/expose/theme/backgroundImage.mjs in 517.46ms
i Compiled tailwind/expose/theme/backgroundOpacity.mjs in 517.48ms
i Compiled tailwind/expose/theme/backgroundPosition.mjs in 517.51ms
i Compiled tailwind/expose/theme/backgroundSize.mjs in 517.55ms
i Compiled tailwind/expose/theme/blur.mjs in 517.58ms
i Compiled tailwind/expose/theme/borderColor.mjs in 517.64ms
i Compiled tailwind/expose/theme/borderOpacity.mjs in 517.61ms
i Compiled tailwind/expose/theme/borderRadius.mjs in 517.63ms
i Compiled tailwind/expose/theme/borderSpacing.mjs in 517.66ms
i Compiled tailwind/expose/theme/borderWidth.mjs in 517.69ms
i Compiled tailwind/expose/theme/boxShadow.mjs in 517.72ms
i Compiled tailwind/expose/theme/boxShadowColor.mjs in 517.75ms
i Compiled tailwind/expose/theme/brightness.mjs in 517.68ms
i Compiled tailwind/expose/theme/caretColor.mjs in 517.71ms
i Compiled tailwind/expose/theme/colors.mjs in 517.66ms
i Compiled tailwind/expose/theme/columns.mjs in 517.6ms
i Compiled tailwind/expose/theme/container.mjs in 517.62ms
i Compiled tailwind/expose/theme/content.mjs in 517.65ms
i Compiled tailwind/expose/theme/contrast.mjs in 517.68ms
i Compiled tailwind/expose/theme/cursor.mjs in 517.71ms
i Compiled tailwind/expose/theme/divideColor.mjs in 517.73ms
i Compiled tailwind/expose/theme/divideOpacity.mjs in 517.68ms
i Compiled tailwind/expose/theme/divideWidth.mjs in 517.73ms
i Compiled tailwind/expose/theme/dropShadow.mjs in 518.35ms
i Compiled tailwind/expose/theme/fill.mjs in 511.58ms
i Compiled tailwind/expose/theme/flex.mjs in 511.46ms
i Compiled tailwind/expose/theme/flexBasis.mjs in 511.5ms
i Compiled tailwind/expose/theme/flexGrow.mjs in 511.53ms
i Compiled tailwind/expose/theme/flexShrink.mjs in 511.6ms
i Compiled tailwind/expose/theme/fontFamily.mjs in 512.38ms
i Compiled tailwind/expose/theme/fontSize.mjs in 505.2ms
i Compiled tailwind/expose/corePlugins.mjs in 506.17ms

 WARN  'manifest-route-rule' middleware already exists at 'D:/domains/ratingo-admin/node_modules/nuxt/dist/app/middleware/manifest-route-rule.js'. You can set override: true to replace it.


 WARN  'manifest-route-rule' middleware already exists at 'D:/domains/ratingo-admin/node_modules/nuxt/dist/app/middleware/manifest-route-rule.js'. You can set override: true to replace it.


 WARN  'manifest-route-rule' middleware already exists at 'D:/domains/ratingo-admin/node_modules/nuxt/dist/app/middleware/manifest-route-rule.js'. You can set override: true to replace it.


 WARN  'manifest-route-rule' middleware already exists at 'D:/domains/ratingo-admin/node_modules/nuxt/dist/app/middleware/manifest-route-rule.js'. You can set override: true to replace it.


 WARN  'manifest-route-rule' middleware already exists at 'D:/domains/ratingo-admin/node_modules/nuxt/dist/app/middleware/manifest-route-rule.js'. You can set override: true to replace it.


 WARN  'manifest-route-rule' middleware already exists at 'D:/domains/ratingo-admin/node_modules/nuxt/dist/app/middleware/manifest-route-rule.js'. You can set override: true to replace it. (repeated 245 times)


 WARN  'manifest-route-rule' middleware already exists at 'D:/domains/ratingo-admin/node_modules/nuxt/dist/app/middleware/manifest-route-rule.js'. You can set override: true to replace it.


 WARN  'manifest-route-rule' middleware already exists at 'D:/domains/ratingo-admin/node_modules/nuxt/dist/app/middleware/manifest-route-rule.js'. You can set override: true to replace it.


 WARN  'manifest-route-rule' middleware already exists at 'D:/domains/ratingo-admin/node_modules/nuxt/dist/app/middleware/manifest-route-rule.js'. You can set override: true to replace it.


 WARN  'manifest-route-rule' middleware already exists at 'D:/domains/ratingo-admin/node_modules/nuxt/dist/app/middleware/manifest-route-rule.js'. You can set override: true to replace it.


 WARN  'manifest-route-rule' middleware already exists at 'D:/domains/ratingo-admin/node_modules/nuxt/dist/app/middleware/manifest-route-rule.js'. You can set override: true to replace it.


 WARN  'manifest-route-rule' middleware already exists at 'D:/domains/ratingo-admin/node_modules/nuxt/dist/app/middleware/manifest-route-rule.js'. You can set override: true to replace it. (repeated 304 times)

i Compiled tailwind/expose/theme/accentColor.mjs in 523.08ms
i Compiled tailwind/expose/theme/animation.mjs in 518.71ms
i Compiled tailwind/expose/theme/aria.mjs in 518.73ms
i Compiled tailwind/expose/theme/aspectRatio.mjs in 518.75ms
i Compiled tailwind/expose/theme/backdropBlur.mjs in 518.78ms
i Compiled tailwind/expose/theme/backdropBrightness.mjs in 518.81ms
i Compiled tailwind/expose/theme/backdropContrast.mjs in 518.83ms
i Compiled tailwind/expose/theme/backdropGrayscale.mjs in 518.86ms
i Compiled tailwind/expose/theme/backdropHueRotate.mjs in 518.89ms
i Compiled tailwind/expose/theme/backdropInvert.mjs in 518.92ms
i Compiled tailwind/expose/theme/backdropOpacity.mjs in 518.95ms
i Compiled tailwind/expose/theme/backdropSaturate.mjs in 518.95ms
i Compiled tailwind/expose/theme/backdropSepia.mjs in 518.97ms
i Compiled tailwind/expose/theme/backgroundColor.mjs in 519ms
i Compiled tailwind/expose/theme/backgroundImage.mjs in 518.84ms
i Compiled tailwind/expose/theme/backgroundOpacity.mjs in 518.86ms
i Compiled tailwind/expose/theme/backgroundPosition.mjs in 518.88ms
i Compiled tailwind/expose/theme/backgroundSize.mjs in 518.9ms
i Compiled tailwind/expose/theme/blur.mjs in 518.92ms
i Compiled tailwind/expose/theme/borderColor.mjs in 518.95ms
i Compiled tailwind/expose/theme/borderOpacity.mjs in 518.65ms
i Compiled tailwind/expose/theme/borderRadius.mjs in 518.67ms
i Compiled tailwind/expose/theme/borderSpacing.mjs in 518.7ms
i Compiled tailwind/expose/theme/borderWidth.mjs in 518.7ms
i Compiled tailwind/expose/theme/boxShadow.mjs in 518.73ms
i Compiled tailwind/expose/theme/boxShadowColor.mjs in 518.76ms
i Compiled tailwind/expose/theme/brightness.mjs in 518.63ms
i Compiled tailwind/expose/theme/caretColor.mjs in 518.66ms
i Compiled tailwind/expose/theme/colors.mjs in 518.39ms
i Compiled tailwind/expose/theme/columns.mjs in 518.13ms
i Compiled tailwind/expose/theme/container.mjs in 518.13ms
i Compiled tailwind/expose/theme/content.mjs in 518.16ms
i Compiled tailwind/expose/theme/contrast.mjs in 518.19ms
i Compiled tailwind/expose/theme/cursor.mjs in 518.21ms
i Compiled tailwind/expose/theme/divideColor.mjs in 518.22ms
i Compiled tailwind/expose/theme/divideOpacity.mjs in 517.83ms
i Compiled tailwind/expose/theme/divideWidth.mjs in 517.84ms
i Compiled tailwind/expose/theme/dropShadow.mjs in 518.38ms
i Compiled tailwind/expose/theme/fill.mjs in 508.39ms
i Compiled tailwind/expose/theme/flex.mjs in 508.21ms
i Compiled tailwind/expose/theme/flexBasis.mjs in 508.23ms
i Compiled tailwind/expose/theme/flexGrow.mjs in 508.22ms
i Compiled tailwind/expose/theme/flexShrink.mjs in 508.24ms
i Compiled tailwind/expose/theme/fontFamily.mjs in 508.72ms
i Compiled tailwind/expose/theme/accentColor.mjs in 506.16ms
i Compiled tailwind/expose/theme/animation.mjs in 506.13ms
i Compiled tailwind/expose/theme/aria.mjs in 506.15ms
i Compiled tailwind/expose/theme/aspectRatio.mjs in 506.18ms
i Compiled tailwind/expose/theme/backdropBlur.mjs in 506.2ms
i Compiled tailwind/expose/theme/backdropBrightness.mjs in 506.24ms
i Compiled tailwind/expose/theme/backdropContrast.mjs in 506.26ms
i Compiled tailwind/expose/theme/backdropGrayscale.mjs in 506.28ms
i Compiled tailwind/expose/theme/backdropHueRotate.mjs in 506.31ms
i Compiled tailwind/expose/theme/backdropInvert.mjs in 506.34ms
i Compiled tailwind/expose/theme/backdropOpacity.mjs in 506.37ms
i Compiled tailwind/expose/theme/backdropSaturate.mjs in 506.38ms
i Compiled tailwind/expose/theme/backdropSepia.mjs in 506.4ms
i Compiled tailwind/expose/theme/backgroundColor.mjs in 506.43ms
i Compiled tailwind/expose/theme/backgroundImage.mjs in 506.28ms
i Compiled tailwind/expose/theme/backgroundOpacity.mjs in 506.31ms
i Compiled tailwind/expose/theme/backgroundPosition.mjs in 506.33ms
i Compiled tailwind/expose/theme/backgroundSize.mjs in 506.35ms
i Compiled tailwind/expose/theme/blur.mjs in 506.39ms
i Compiled tailwind/expose/theme/borderColor.mjs in 506.41ms
i Compiled tailwind/expose/theme/borderOpacity.mjs in 506.28ms
i Compiled tailwind/expose/theme/borderRadius.mjs in 506.3ms
i Compiled tailwind/expose/theme/borderSpacing.mjs in 506.32ms
i Compiled tailwind/expose/theme/borderWidth.mjs in 506.33ms
i Compiled tailwind/expose/theme/boxShadow.mjs in 506.35ms
i Compiled tailwind/expose/theme/boxShadowColor.mjs in 506.37ms
i Compiled tailwind/expose/theme/brightness.mjs in 506.22ms
i Compiled tailwind/expose/theme/caretColor.mjs in 506.28ms
i Compiled tailwind/expose/theme/colors.mjs in 506.2ms
i Compiled tailwind/expose/theme/columns.mjs in 506.07ms
i Compiled tailwind/expose/theme/container.mjs in 506.08ms
i Compiled tailwind/expose/theme/content.mjs in 506.11ms
i Compiled tailwind/expose/theme/contrast.mjs in 506.16ms
i Compiled tailwind/expose/theme/cursor.mjs in 506.19ms
i Compiled tailwind/expose/theme/divideColor.mjs in 506.2ms
i Compiled tailwind/expose/theme/divideOpacity.mjs in 506.06ms
i Compiled tailwind/expose/theme/divideWidth.mjs in 506.08ms
i Compiled tailwind/expose/theme/dropShadow.mjs in 506.66ms
i Compiled tailwind/expose/theme/accentColor.mjs in 512.89ms
i Compiled tailwind/expose/theme/animation.mjs in 512.93ms
i Compiled tailwind/expose/theme/aria.mjs in 512.96ms
i Compiled tailwind/expose/theme/aspectRatio.mjs in 512.99ms
i Compiled tailwind/expose/theme/backdropBlur.mjs in 513.01ms
i Compiled tailwind/expose/theme/backdropBrightness.mjs in 513.04ms
i Compiled tailwind/expose/theme/backdropContrast.mjs in 513.06ms
i Compiled tailwind/expose/theme/backdropGrayscale.mjs in 513.08ms
i Compiled tailwind/expose/theme/backdropHueRotate.mjs in 513.12ms
i Compiled tailwind/expose/theme/backdropInvert.mjs in 513.15ms
i Compiled tailwind/expose/theme/backdropOpacity.mjs in 513.17ms
i Compiled tailwind/expose/theme/backdropSaturate.mjs in 513.19ms
i Compiled tailwind/expose/theme/backdropSepia.mjs in 513.22ms
i Compiled tailwind/expose/theme/backgroundColor.mjs in 513.25ms
i Compiled tailwind/expose/theme/backgroundImage.mjs in 513.07ms
i Compiled tailwind/expose/theme/backgroundOpacity.mjs in 513.12ms
i Compiled tailwind/expose/theme/backgroundPosition.mjs in 513.16ms
i Compiled tailwind/expose/theme/backgroundSize.mjs in 513.2ms
i Compiled tailwind/expose/theme/blur.mjs in 513.23ms
i Compiled tailwind/expose/theme/borderColor.mjs in 513.26ms
i Compiled tailwind/expose/theme/borderOpacity.mjs in 513.07ms
i Compiled tailwind/expose/theme/borderRadius.mjs in 513.1ms
i Compiled tailwind/expose/theme/borderSpacing.mjs in 513.12ms
i Compiled tailwind/expose/theme/borderWidth.mjs in 513.12ms
i Compiled tailwind/expose/theme/boxShadow.mjs in 513.15ms
i Compiled tailwind/expose/theme/boxShadowColor.mjs in 513.18ms
i Compiled tailwind/expose/theme/brightness.mjs in 513.09ms
i Compiled tailwind/expose/theme/caretColor.mjs in 513.13ms
i Compiled tailwind/expose/theme/colors.mjs in 513.05ms
i Compiled tailwind/expose/theme/columns.mjs in 512.97ms
i Compiled tailwind/expose/theme/container.mjs in 512.99ms
i Compiled tailwind/expose/theme/content.mjs in 513.01ms
i Compiled tailwind/expose/theme/contrast.mjs in 513.03ms
i Compiled tailwind/expose/theme/cursor.mjs in 513.06ms
i Compiled tailwind/expose/theme/divideColor.mjs in 513.07ms
i Compiled tailwind/expose/theme/divideOpacity.mjs in 512.98ms
i Compiled tailwind/expose/theme/divideWidth.mjs in 513ms
i Compiled tailwind/expose/theme/dropShadow.mjs in 513.43ms
i Compiled tailwind/expose/theme/fill.mjs in 505.63ms
i Compiled tailwind/expose/theme/flex.mjs in 505.42ms
i Compiled tailwind/expose/theme/flexBasis.mjs in 505.44ms
i Compiled tailwind/expose/theme/flexGrow.mjs in 505.45ms
i Compiled tailwind/expose/theme/flexShrink.mjs in 505.47ms
i Compiled tailwind/expose/theme/fontFamily.mjs in 505.95ms
i Compiled tailwind/expose/theme/accentColor.mjs in 563.45ms
i Compiled tailwind/expose/theme/animation.mjs in 563.56ms
i Compiled tailwind/expose/theme/aria.mjs in 563.6ms
i Compiled tailwind/expose/theme/aspectRatio.mjs in 563.63ms
i Compiled tailwind/expose/theme/backdropBlur.mjs in 563.65ms
i Compiled tailwind/expose/theme/backdropBrightness.mjs in 563.69ms
i Compiled tailwind/expose/theme/backdropContrast.mjs in 563.71ms
i Compiled tailwind/expose/theme/backdropGrayscale.mjs in 563.74ms
i Compiled tailwind/expose/theme/backdropHueRotate.mjs in 563.78ms
i Compiled tailwind/expose/theme/backdropInvert.mjs in 563.81ms
i Compiled tailwind/expose/theme/backdropOpacity.mjs in 563.84ms
i Compiled tailwind/expose/theme/backdropSaturate.mjs in 563.86ms
i Compiled tailwind/expose/theme/backdropSepia.mjs in 563.89ms
i Compiled tailwind/expose/theme/backgroundColor.mjs in 563.91ms
i Compiled tailwind/expose/theme/backgroundImage.mjs in 563.84ms
i Compiled tailwind/expose/theme/backgroundOpacity.mjs in 563.88ms
i Compiled tailwind/expose/theme/backgroundPosition.mjs in 563.93ms
i Compiled tailwind/expose/theme/backgroundSize.mjs in 563.98ms
i Compiled tailwind/expose/theme/blur.mjs in 564.01ms
i Compiled tailwind/expose/theme/borderColor.mjs in 564.04ms
i Compiled tailwind/expose/theme/borderOpacity.mjs in 563.97ms
i Compiled tailwind/expose/theme/borderRadius.mjs in 564ms
i Compiled tailwind/expose/theme/borderSpacing.mjs in 564.02ms
i Compiled tailwind/expose/theme/borderWidth.mjs in 564.04ms
i Compiled tailwind/expose/theme/boxShadow.mjs in 564.07ms
i Compiled tailwind/expose/theme/boxShadowColor.mjs in 564.09ms
i Compiled tailwind/expose/theme/brightness.mjs in 564.03ms
i Compiled tailwind/expose/theme/caretColor.mjs in 564.06ms
i Compiled tailwind/expose/theme/colors.mjs in 564ms
i Compiled tailwind/expose/theme/columns.mjs in 563.94ms
i Compiled tailwind/expose/theme/container.mjs in 563.99ms
i Compiled tailwind/expose/theme/content.mjs in 564.06ms
i Compiled tailwind/expose/theme/contrast.mjs in 564.09ms
i Compiled tailwind/expose/theme/cursor.mjs in 564.13ms
i Compiled tailwind/expose/theme/divideColor.mjs in 564.14ms
i Compiled tailwind/expose/theme/divideOpacity.mjs in 564.07ms
i Compiled tailwind/expose/theme/divideWidth.mjs in 564.1ms
i Compiled tailwind/expose/theme/dropShadow.mjs in 564.73ms
i Compiled tailwind/expose/theme/fill.mjs in 558ms
i Compiled tailwind/expose/theme/flex.mjs in 557.91ms
i Compiled tailwind/expose/theme/flexBasis.mjs in 557.94ms
i Compiled tailwind/expose/theme/flexGrow.mjs in 557.95ms
i Compiled tailwind/expose/theme/flexShrink.mjs in 557.98ms
i Compiled tailwind/expose/theme/fontFamily.mjs in 558.65ms
i Compiled tailwind/expose/theme/fontSize.mjs in 551.56ms
i Compiled tailwind/expose/theme/fontWeight.mjs in 535.31ms
i Compiled tailwind/expose/theme/gap.mjs in 535.32ms
i Compiled tailwind/expose/theme/gradientColorStops.mjs in 535.34ms
i Compiled tailwind/expose/theme/gradientColorStopPositions.mjs in 535.26ms
i Compiled tailwind/expose/theme/grayscale.mjs in 535.29ms
i Compiled tailwind/expose/theme/gridAutoColumns.mjs in 535.32ms
i Compiled tailwind/expose/theme/gridAutoRows.mjs in 535.35ms
i Compiled tailwind/expose/theme/gridColumn.mjs in 535.39ms
i Compiled tailwind/expose/theme/gridColumnEnd.mjs in 535.43ms
i Compiled tailwind/expose/theme/gridColumnStart.mjs in 535.47ms
i Compiled tailwind/expose/theme/gridRow.mjs in 535.52ms
i Compiled tailwind/expose/theme/gridRowEnd.mjs in 535.56ms
i Compiled tailwind/expose/theme/gridRowStart.mjs in 535.6ms
i Compiled tailwind/expose/theme/gridTemplateColumns.mjs in 535.65ms
i Compiled tailwind/expose/theme/gridTemplateRows.mjs in 535.68ms
i Compiled tailwind/expose/theme/height.mjs in 535.71ms
i Compiled tailwind/expose/theme/hueRotate.mjs in 535.73ms
i Compiled tailwind/expose/theme/inset.mjs in 535.78ms
i Compiled tailwind/expose/theme/invert.mjs in 535.81ms
i Compiled tailwind/expose/theme/keyframes.mjs in 535.85ms
i Compiled tailwind/expose/theme/letterSpacing.mjs in 535.89ms
i Compiled tailwind/expose/theme/lineHeight.mjs in 535.91ms
i Compiled tailwind/expose/theme/listStyleType.mjs in 535.94ms
i Compiled tailwind/expose/theme/listStyleImage.mjs in 535.96ms
i Compiled tailwind/expose/theme/margin.mjs in 536ms
i Compiled tailwind/expose/theme/lineClamp.mjs in 536.04ms
i Compiled tailwind/expose/theme/maxHeight.mjs in 536.08ms
i Compiled tailwind/expose/theme/maxWidth.mjs in 536.11ms
i Compiled tailwind/expose/theme/minHeight.mjs in 536.13ms
i Compiled tailwind/expose/theme/minWidth.mjs in 536.17ms
i Compiled tailwind/expose/theme/objectPosition.mjs in 536.21ms
i Compiled tailwind/expose/theme/opacity.mjs in 536.25ms
i Compiled tailwind/expose/theme/order.mjs in 536.29ms
i Compiled tailwind/expose/theme/outlineColor.mjs in 536.33ms
i Compiled tailwind/expose/theme/outlineOffset.mjs in 536.27ms
i Compiled tailwind/expose/theme/outlineWidth.mjs in 536.33ms
i Compiled tailwind/expose/theme/padding.mjs in 536.37ms
i Compiled tailwind/expose/theme/placeholderColor.mjs in 536.41ms
i Compiled tailwind/expose/theme/placeholderOpacity.mjs in 536.36ms
i Compiled tailwind/expose/theme/ringColor.mjs in 536.41ms
i Compiled tailwind/expose/theme/ringOffsetColor.mjs in 536.36ms
i Compiled tailwind/expose/theme/ringOffsetWidth.mjs in 536.3ms
i Compiled tailwind/expose/theme/ringOpacity.mjs in 536.34ms
i Compiled tailwind/expose/theme/ringWidth.mjs in 536.37ms
i Compiled tailwind/expose/theme/rotate.mjs in 536.42ms
i Compiled tailwind/expose/theme/saturate.mjs in 536.45ms
i Compiled tailwind/expose/theme/scale.mjs in 536.48ms
i Compiled tailwind/expose/theme/screens.mjs in 536.5ms
i Compiled tailwind/expose/theme/scrollMargin.mjs in 536.54ms
i Compiled tailwind/expose/theme/scrollPadding.mjs in 536.57ms
i Compiled tailwind/expose/theme/sepia.mjs in 536.6ms
i Compiled tailwind/expose/theme/skew.mjs in 536.65ms
i Compiled tailwind/expose/theme/space.mjs in 536.68ms
i Compiled tailwind/expose/theme/spacing.mjs in 536.72ms
i Compiled tailwind/expose/theme/stroke.mjs in 536.75ms
i Compiled tailwind/expose/theme/strokeWidth.mjs in 536.7ms
i Compiled tailwind/expose/theme/supports.mjs in 536.74ms
i Compiled tailwind/expose/theme/data.mjs in 536.78ms
i Compiled tailwind/expose/theme/textColor.mjs in 536.82ms
i Compiled tailwind/expose/theme/textDecorationColor.mjs in 536.75ms
i Compiled tailwind/expose/theme/textDecorationThickness.mjs in 536.69ms
i Compiled tailwind/expose/theme/textIndent.mjs in 536.72ms
i Compiled tailwind/expose/theme/textOpacity.mjs in 536.74ms
i Compiled tailwind/expose/theme/textUnderlineOffset.mjs in 536.76ms
i Compiled tailwind/expose/theme/transformOrigin.mjs in 536.79ms
i Compiled tailwind/expose/theme/transitionDelay.mjs in 536.82ms
i Compiled tailwind/expose/theme/transitionDuration.mjs in 536.85ms
i Compiled tailwind/expose/theme/transitionProperty.mjs in 536.88ms
i Compiled tailwind/expose/theme/transitionTimingFunction.mjs in 536.93ms
i Compiled tailwind/expose/theme/translate.mjs in 537ms
i Compiled tailwind/expose/theme/size.mjs in 537.03ms
i Compiled tailwind/expose/theme/width.mjs in 537.05ms
i Compiled tailwind/expose/theme/willChange.mjs in 537.08ms
i Compiled tailwind/expose/theme/zIndex.mjs in 537.13ms
i Compiled tailwind/expose/theme.mjs in 537.17ms
i Compiled tailwind/expose/corePlugins.mjs in 559.9ms
i Compiled tailwind/expose/theme/accentColor.mjs in 531.93ms
i Compiled tailwind/expose/theme/animation.mjs in 523.89ms
i Compiled tailwind/expose/theme/aria.mjs in 523.9ms
i Compiled tailwind/expose/theme/aspectRatio.mjs in 523.92ms
i Compiled tailwind/expose/theme/backdropBlur.mjs in 523.95ms
i Compiled tailwind/expose/theme/backdropBrightness.mjs in 523.97ms
i Compiled tailwind/expose/theme/backdropContrast.mjs in 523.99ms
i Compiled tailwind/expose/theme/backdropGrayscale.mjs in 524.01ms
i Compiled tailwind/expose/theme/backdropHueRotate.mjs in 524.04ms
i Compiled tailwind/expose/theme/backdropInvert.mjs in 524.07ms
i Compiled tailwind/expose/theme/backdropOpacity.mjs in 524.1ms
i Compiled tailwind/expose/theme/backdropSaturate.mjs in 524.11ms
i Compiled tailwind/expose/theme/backdropSepia.mjs in 524.14ms
i Compiled tailwind/expose/theme/backgroundColor.mjs in 524.17ms
i Compiled tailwind/expose/theme/backgroundImage.mjs in 523.98ms
i Compiled tailwind/expose/theme/backgroundOpacity.mjs in 524.01ms
i Compiled tailwind/expose/theme/backgroundPosition.mjs in 524.03ms
i Compiled tailwind/expose/theme/backgroundSize.mjs in 524.06ms
i Compiled tailwind/expose/theme/blur.mjs in 524.09ms
i Compiled tailwind/expose/theme/borderColor.mjs in 524.12ms
i Compiled tailwind/expose/theme/borderOpacity.mjs in 523.9ms
i Compiled tailwind/expose/theme/borderRadius.mjs in 523.93ms
i Compiled tailwind/expose/theme/borderSpacing.mjs in 523.95ms
i Compiled tailwind/expose/theme/borderWidth.mjs in 523.99ms
i Compiled tailwind/expose/theme/boxShadow.mjs in 524.06ms
i Compiled tailwind/expose/theme/boxShadowColor.mjs in 524.08ms
i Compiled tailwind/expose/theme/brightness.mjs in 523.89ms
i Compiled tailwind/expose/theme/caretColor.mjs in 523.92ms
i Compiled tailwind/expose/theme/colors.mjs in 523.74ms
i Compiled tailwind/expose/theme/columns.mjs in 523.54ms
i Compiled tailwind/expose/theme/container.mjs in 523.55ms
i Compiled tailwind/expose/theme/content.mjs in 523.58ms
i Compiled tailwind/expose/theme/contrast.mjs in 523.6ms
i Compiled tailwind/expose/theme/cursor.mjs in 523.63ms
i Compiled tailwind/expose/theme/divideColor.mjs in 523.64ms
i Compiled tailwind/expose/theme/divideOpacity.mjs in 523.46ms
i Compiled tailwind/expose/theme/divideWidth.mjs in 523.48ms
i Compiled tailwind/expose/theme/dropShadow.mjs in 523.98ms
i Compiled tailwind/expose/theme/fill.mjs in 516.33ms
i Compiled tailwind/expose/theme/flex.mjs in 516.08ms
i Compiled tailwind/expose/theme/flexBasis.mjs in 516.11ms
i Compiled tailwind/expose/theme/flexGrow.mjs in 516.11ms
i Compiled tailwind/expose/theme/flexShrink.mjs in 516.13ms
i Compiled tailwind/expose/theme/fontFamily.mjs in 516.56ms
i Compiled tailwind/expose/theme/fontSize.mjs in 508.01ms
i Compiled tailwind/expose/corePlugins.mjs in 500.89ms
i Compiled tailwind/expose/theme/accentColor.mjs in 516.27ms
i Compiled tailwind/expose/theme/animation.mjs in 516.2ms
i Compiled tailwind/expose/theme/aria.mjs in 516.22ms
i Compiled tailwind/expose/theme/aspectRatio.mjs in 516.25ms
i Compiled tailwind/expose/theme/backdropBlur.mjs in 516.28ms
i Compiled tailwind/expose/theme/backdropBrightness.mjs in 516.31ms
i Compiled tailwind/expose/theme/backdropContrast.mjs in 516.33ms
i Compiled tailwind/expose/theme/backdropGrayscale.mjs in 516.36ms
i Compiled tailwind/expose/theme/backdropHueRotate.mjs in 516.4ms
i Compiled tailwind/expose/theme/backdropInvert.mjs in 516.43ms
i Compiled tailwind/expose/theme/backdropOpacity.mjs in 516.45ms
i Compiled tailwind/expose/theme/backdropSaturate.mjs in 516.47ms
i Compiled tailwind/expose/theme/backdropSepia.mjs in 516.49ms
i Compiled tailwind/expose/theme/backgroundColor.mjs in 516.52ms
i Compiled tailwind/expose/theme/backgroundImage.mjs in 516.23ms
i Compiled tailwind/expose/theme/backgroundOpacity.mjs in 516.26ms
i Compiled tailwind/expose/theme/backgroundPosition.mjs in 516.3ms
i Compiled tailwind/expose/theme/backgroundSize.mjs in 516.32ms
i Compiled tailwind/expose/theme/blur.mjs in 516.35ms
i Compiled tailwind/expose/theme/borderColor.mjs in 516.38ms
i Compiled tailwind/expose/theme/borderOpacity.mjs in 516.16ms
i Compiled tailwind/expose/theme/borderRadius.mjs in 516.21ms
i Compiled tailwind/expose/theme/borderSpacing.mjs in 516.25ms
i Compiled tailwind/expose/theme/borderWidth.mjs in 516.25ms
i Compiled tailwind/expose/theme/boxShadow.mjs in 516.28ms
i Compiled tailwind/expose/theme/boxShadowColor.mjs in 516.3ms
i Compiled tailwind/expose/theme/brightness.mjs in 516.1ms
i Compiled tailwind/expose/theme/caretColor.mjs in 516.14ms
i Compiled tailwind/expose/theme/colors.mjs in 515.93ms
i Compiled tailwind/expose/theme/columns.mjs in 515.83ms
i Compiled tailwind/expose/theme/container.mjs in 515.84ms
i Compiled tailwind/expose/theme/content.mjs in 515.87ms
i Compiled tailwind/expose/theme/contrast.mjs in 515.9ms
i Compiled tailwind/expose/theme/cursor.mjs in 515.93ms
i Compiled tailwind/expose/theme/divideColor.mjs in 515.93ms
i Compiled tailwind/expose/theme/divideOpacity.mjs in 515.66ms
i Compiled tailwind/expose/theme/divideWidth.mjs in 515.7ms
i Compiled tailwind/expose/theme/dropShadow.mjs in 516.31ms
i Compiled tailwind/expose/theme/fill.mjs in 508.81ms
i Compiled tailwind/expose/theme/flex.mjs in 508.69ms
i Compiled tailwind/expose/theme/flexBasis.mjs in 508.71ms
i Compiled tailwind/expose/theme/flexGrow.mjs in 508.7ms
i Compiled tailwind/expose/theme/flexShrink.mjs in 508.73ms
i Compiled tailwind/expose/theme/fontFamily.mjs in 509.37ms
i Compiled tailwind/expose/theme/fontSize.mjs in 500.57ms
i Compiled tailwind/expose/theme/accentColor.mjs in 525.86ms
i Compiled tailwind/expose/theme/animation.mjs in 525.9ms
i Compiled tailwind/expose/theme/aria.mjs in 525.93ms
i Compiled tailwind/expose/theme/aspectRatio.mjs in 525.95ms
i Compiled tailwind/expose/theme/backdropBlur.mjs in 525.97ms
i Compiled tailwind/expose/theme/backdropBrightness.mjs in 526ms
i Compiled tailwind/expose/theme/backdropContrast.mjs in 526.03ms
i Compiled tailwind/expose/theme/backdropGrayscale.mjs in 526.05ms
i Compiled tailwind/expose/theme/backdropHueRotate.mjs in 526.08ms
i Compiled tailwind/expose/theme/backdropInvert.mjs in 526.11ms
i Compiled tailwind/expose/theme/backdropOpacity.mjs in 526.14ms
i Compiled tailwind/expose/theme/backdropSaturate.mjs in 526.15ms
i Compiled tailwind/expose/theme/backdropSepia.mjs in 526.19ms
i Compiled tailwind/expose/theme/backgroundColor.mjs in 526.22ms
i Compiled tailwind/expose/theme/backgroundImage.mjs in 526ms
i Compiled tailwind/expose/theme/backgroundOpacity.mjs in 526.03ms
i Compiled tailwind/expose/theme/backgroundPosition.mjs in 526.06ms
i Compiled tailwind/expose/theme/backgroundSize.mjs in 526.09ms
i Compiled tailwind/expose/theme/blur.mjs in 526.12ms
i Compiled tailwind/expose/theme/borderColor.mjs in 526.15ms
i Compiled tailwind/expose/theme/borderOpacity.mjs in 526.03ms
i Compiled tailwind/expose/theme/borderRadius.mjs in 526.05ms
i Compiled tailwind/expose/theme/borderSpacing.mjs in 526.07ms
i Compiled tailwind/expose/theme/borderWidth.mjs in 526.09ms
i Compiled tailwind/expose/theme/boxShadow.mjs in 526.11ms
i Compiled tailwind/expose/theme/boxShadowColor.mjs in 526.13ms
i Compiled tailwind/expose/theme/brightness.mjs in 526.05ms
i Compiled tailwind/expose/theme/caretColor.mjs in 526.08ms
i Compiled tailwind/expose/theme/colors.mjs in 525.89ms
i Compiled tailwind/expose/theme/columns.mjs in 525.79ms
i Compiled tailwind/expose/theme/container.mjs in 525.8ms
i Compiled tailwind/expose/theme/content.mjs in 525.82ms
i Compiled tailwind/expose/theme/contrast.mjs in 525.84ms
i Compiled tailwind/expose/theme/cursor.mjs in 525.87ms
i Compiled tailwind/expose/theme/divideColor.mjs in 525.88ms
i Compiled tailwind/expose/theme/divideOpacity.mjs in 525.8ms
i Compiled tailwind/expose/theme/divideWidth.mjs in 525.82ms
i Compiled tailwind/expose/theme/dropShadow.mjs in 526.33ms
i Compiled tailwind/expose/theme/fill.mjs in 518.97ms
i Compiled tailwind/expose/theme/flex.mjs in 518.74ms
i Compiled tailwind/expose/theme/flexBasis.mjs in 518.76ms
i Compiled tailwind/expose/theme/flexGrow.mjs in 518.77ms
i Compiled tailwind/expose/theme/flexShrink.mjs in 518.79ms
i Compiled tailwind/expose/theme/fontFamily.mjs in 519.23ms
i Compiled tailwind/expose/theme/fontSize.mjs in 510.53ms
i Compiled tailwind/expose/corePlugins.mjs in 504.11ms

 WARN  'manifest-route-rule' middleware already exists at 'D:/domains/ratingo-admin/node_modules/nuxt/dist/app/middleware/manifest-route-rule.js'. You can set override: true to replace it.


 WARN  'manifest-route-rule' middleware already exists at 'D:/domains/ratingo-admin/node_modules/nuxt/dist/app/middleware/manifest-route-rule.js'. You can set override: true to replace it.


 WARN  'manifest-route-rule' middleware already exists at 'D:/domains/ratingo-admin/node_modules/nuxt/dist/app/middleware/manifest-route-rule.js'. You can set override: true to replace it.


 WARN  'manifest-route-rule' middleware already exists at 'D:/domains/ratingo-admin/node_modules/nuxt/dist/app/middleware/manifest-route-rule.js'. You can set override: true to replace it.


 WARN  'manifest-route-rule' middleware already exists at 'D:/domains/ratingo-admin/node_modules/nuxt/dist/app/middleware/manifest-route-rule.js'. You can set override: true to replace it.


 WARN  'manifest-route-rule' middleware already exists at 'D:/domains/ratingo-admin/node_modules/nuxt/dist/app/middleware/manifest-route-rule.js'. You can set override: true to replace it.


 WARN  'manifest-route-rule' middleware already exists at 'D:/domains/ratingo-admin/node_modules/nuxt/dist/app/middleware/manifest-route-rule.js'. You can set override: true to replace it. (repeated 1089 times)


 WARN  'manifest-route-rule' middleware already exists at 'D:/domains/ratingo-admin/node_modules/nuxt/dist/app/middleware/manifest-route-rule.js'. You can set override: true to replace it.


 WARN  'manifest-route-rule' middleware already exists at 'D:/domains/ratingo-admin/node_modules/nuxt/dist/app/middleware/manifest-route-rule.js'. You can set override: true to replace it.


 WARN  'manifest-route-rule' middleware already exists at 'D:/domains/ratingo-admin/node_modules/nuxt/dist/app/middleware/manifest-route-rule.js'. You can set override: true to replace it.


 WARN  'manifest-route-rule' middleware already exists at 'D:/domains/ratingo-admin/node_modules/nuxt/dist/app/middleware/manifest-route-rule.js'. You can set override: true to replace it.


 WARN  'manifest-route-rule' middleware already exists at 'D:/domains/ratingo-admin/node_modules/nuxt/dist/app/middleware/manifest-route-rule.js'. You can set override: true to replace it.


 WARN  'manifest-route-rule' middleware already exists at 'D:/domains/ratingo-admin/node_modules/nuxt/dist/app/middleware/manifest-route-rule.js'. You can set override: true to replace it. (repeated 10 times)


 WARN  'manifest-route-rule' middleware already exists at 'D:/domains/ratingo-admin/node_modules/nuxt/dist/app/middleware/manifest-route-rule.js'. You can set override: true to replace it.


 WARN  'manifest-route-rule' middleware already exists at 'D:/domains/ratingo-admin/node_modules/nuxt/dist/app/middleware/manifest-route-rule.js'. You can set override: true to replace it.


 WARN  'manifest-route-rule' middleware already exists at 'D:/domains/ratingo-admin/node_modules/nuxt/dist/app/middleware/manifest-route-rule.js'. You can set override: true to replace it.


 WARN  'manifest-route-rule' middleware already exists at 'D:/domains/ratingo-admin/node_modules/nuxt/dist/app/middleware/manifest-route-rule.js'. You can set override: true to replace it.


 WARN  'manifest-route-rule' middleware already exists at 'D:/domains/ratingo-admin/node_modules/nuxt/dist/app/middleware/manifest-route-rule.js'. You can set override: true to replace it.


 WARN  'manifest-route-rule' middleware already exists at 'D:/domains/ratingo-admin/node_modules/nuxt/dist/app/middleware/manifest-route-rule.js'. You can set override: true to replace it. (repeated 534 times)

i Compiled tailwind/expose/theme/accentColor.mjs in 584.89ms
i Compiled tailwind/expose/theme/animation.mjs in 584.87ms
i Compiled tailwind/expose/theme/aria.mjs in 584.9ms
i Compiled tailwind/expose/theme/aspectRatio.mjs in 584.92ms
i Compiled tailwind/expose/theme/backdropBlur.mjs in 584.95ms
i Compiled tailwind/expose/theme/backdropBrightness.mjs in 584.99ms
i Compiled tailwind/expose/theme/backdropContrast.mjs in 585.01ms
i Compiled tailwind/expose/theme/backdropGrayscale.mjs in 585.04ms
i Compiled tailwind/expose/theme/backdropHueRotate.mjs in 585.06ms
i Compiled tailwind/expose/theme/backdropInvert.mjs in 585.08ms
i Compiled tailwind/expose/theme/backdropOpacity.mjs in 585.12ms
i Compiled tailwind/expose/theme/backdropSaturate.mjs in 585.13ms
i Compiled tailwind/expose/theme/backdropSepia.mjs in 585.15ms
i Compiled tailwind/expose/theme/backgroundColor.mjs in 585.18ms
i Compiled tailwind/expose/theme/backgroundImage.mjs in 585ms
i Compiled tailwind/expose/theme/backgroundOpacity.mjs in 585.02ms
i Compiled tailwind/expose/theme/backgroundPosition.mjs in 585.05ms
i Compiled tailwind/expose/theme/backgroundSize.mjs in 585.06ms
i Compiled tailwind/expose/theme/blur.mjs in 585.08ms
i Compiled tailwind/expose/theme/borderColor.mjs in 585.11ms
i Compiled tailwind/expose/theme/borderOpacity.mjs in 585.02ms
i Compiled tailwind/expose/theme/borderRadius.mjs in 585.06ms
i Compiled tailwind/expose/theme/borderSpacing.mjs in 585.11ms
i Compiled tailwind/expose/theme/borderWidth.mjs in 585.11ms
i Compiled tailwind/expose/theme/boxShadow.mjs in 585.14ms
i Compiled tailwind/expose/theme/boxShadowColor.mjs in 585.16ms
i Compiled tailwind/expose/theme/brightness.mjs in 584.99ms
i Compiled tailwind/expose/theme/caretColor.mjs in 585.01ms
i Compiled tailwind/expose/theme/colors.mjs in 584.92ms
i Compiled tailwind/expose/theme/columns.mjs in 584.79ms
i Compiled tailwind/expose/theme/container.mjs in 584.8ms
i Compiled tailwind/expose/theme/content.mjs in 584.83ms
i Compiled tailwind/expose/theme/contrast.mjs in 584.85ms
i Compiled tailwind/expose/theme/cursor.mjs in 584.87ms
i Compiled tailwind/expose/theme/divideColor.mjs in 584.87ms
i Compiled tailwind/expose/theme/divideOpacity.mjs in 584.73ms
i Compiled tailwind/expose/theme/divideWidth.mjs in 584.74ms
i Compiled tailwind/expose/theme/dropShadow.mjs in 585.51ms
i Compiled tailwind/expose/theme/fill.mjs in 576.01ms
i Compiled tailwind/expose/theme/flex.mjs in 575.72ms
i Compiled tailwind/expose/theme/flexBasis.mjs in 575.75ms
i Compiled tailwind/expose/theme/flexGrow.mjs in 575.62ms
i Compiled tailwind/expose/theme/flexShrink.mjs in 575.67ms
i Compiled tailwind/expose/theme/fontFamily.mjs in 576.35ms
i Compiled tailwind/expose/theme/fontSize.mjs in 565.81ms
i Compiled tailwind/expose/theme/fontWeight.mjs in 538.38ms
i Compiled tailwind/expose/theme/gap.mjs in 538.37ms
i Compiled tailwind/expose/theme/gradientColorStops.mjs in 538.38ms
i Compiled tailwind/expose/theme/gradientColorStopPositions.mjs in 538.1ms
i Compiled tailwind/expose/theme/grayscale.mjs in 538.12ms
i Compiled tailwind/expose/theme/gridAutoColumns.mjs in 538.14ms
i Compiled tailwind/expose/theme/gridAutoRows.mjs in 538.16ms
i Compiled tailwind/expose/theme/gridColumn.mjs in 538.19ms
i Compiled tailwind/expose/theme/gridColumnEnd.mjs in 538.22ms
i Compiled tailwind/expose/theme/gridColumnStart.mjs in 538.25ms
i Compiled tailwind/expose/theme/gridRow.mjs in 538.27ms
i Compiled tailwind/expose/theme/gridRowEnd.mjs in 538.28ms
i Compiled tailwind/expose/theme/gridRowStart.mjs in 538.32ms
i Compiled tailwind/expose/theme/gridTemplateColumns.mjs in 538.34ms
i Compiled tailwind/expose/theme/gridTemplateRows.mjs in 538.36ms
i Compiled tailwind/expose/theme/height.mjs in 538.36ms
i Compiled tailwind/expose/theme/hueRotate.mjs in 538.33ms
i Compiled tailwind/expose/theme/inset.mjs in 538.35ms
i Compiled tailwind/expose/theme/invert.mjs in 538.36ms
i Compiled tailwind/expose/theme/keyframes.mjs in 538.39ms
i Compiled tailwind/expose/theme/letterSpacing.mjs in 538.4ms
i Compiled tailwind/expose/theme/lineHeight.mjs in 538.42ms
i Compiled tailwind/expose/theme/listStyleType.mjs in 538.44ms
i Compiled tailwind/expose/theme/listStyleImage.mjs in 538.47ms
i Compiled tailwind/expose/theme/margin.mjs in 538.49ms
i Compiled tailwind/expose/theme/lineClamp.mjs in 538.51ms
i Compiled tailwind/expose/theme/maxHeight.mjs in 538.54ms
i Compiled tailwind/expose/theme/maxWidth.mjs in 538.55ms
i Compiled tailwind/expose/theme/minHeight.mjs in 538.55ms
i Compiled tailwind/expose/theme/minWidth.mjs in 538.57ms
i Compiled tailwind/expose/theme/objectPosition.mjs in 538.58ms
i Compiled tailwind/expose/theme/opacity.mjs in 538.6ms
i Compiled tailwind/expose/theme/order.mjs in 538.62ms
i Compiled tailwind/expose/theme/outlineColor.mjs in 538.63ms
i Compiled tailwind/expose/theme/outlineOffset.mjs in 538.42ms
i Compiled tailwind/expose/theme/outlineWidth.mjs in 538.44ms
i Compiled tailwind/expose/theme/padding.mjs in 538.47ms
i Compiled tailwind/expose/theme/placeholderColor.mjs in 538.48ms
i Compiled tailwind/expose/theme/placeholderOpacity.mjs in 538.26ms
i Compiled tailwind/expose/theme/ringColor.mjs in 538.29ms
i Compiled tailwind/expose/theme/ringOffsetColor.mjs in 538.04ms
i Compiled tailwind/expose/theme/ringOffsetWidth.mjs in 537.84ms
i Compiled tailwind/expose/theme/ringOpacity.mjs in 537.86ms
i Compiled tailwind/expose/theme/ringWidth.mjs in 537.87ms
i Compiled tailwind/expose/theme/rotate.mjs in 537.89ms
i Compiled tailwind/expose/theme/saturate.mjs in 537.91ms
i Compiled tailwind/expose/theme/scale.mjs in 537.93ms
i Compiled tailwind/expose/theme/screens.mjs in 537.96ms
i Compiled tailwind/expose/theme/scrollMargin.mjs in 537.98ms
i Compiled tailwind/expose/theme/scrollPadding.mjs in 538ms
i Compiled tailwind/expose/theme/sepia.mjs in 538.01ms
i Compiled tailwind/expose/theme/skew.mjs in 538.03ms
i Compiled tailwind/expose/theme/space.mjs in 538.05ms
i Compiled tailwind/expose/theme/spacing.mjs in 538.06ms
i Compiled tailwind/expose/theme/stroke.mjs in 538.08ms
i Compiled tailwind/expose/theme/strokeWidth.mjs in 537.87ms
i Compiled tailwind/expose/theme/supports.mjs in 537.9ms
i Compiled tailwind/expose/theme/data.mjs in 537.92ms
i Compiled tailwind/expose/theme/textColor.mjs in 537.95ms
i Compiled tailwind/expose/theme/textDecorationColor.mjs in 537.86ms
i Compiled tailwind/expose/theme/textDecorationThickness.mjs in 537.64ms
i Compiled tailwind/expose/theme/textIndent.mjs in 537.67ms
i Compiled tailwind/expose/theme/textOpacity.mjs in 537.68ms
i Compiled tailwind/expose/theme/textUnderlineOffset.mjs in 537.6ms
i Compiled tailwind/expose/theme/transformOrigin.mjs in 537.62ms
i Compiled tailwind/expose/theme/transitionDelay.mjs in 537.64ms
i Compiled tailwind/expose/theme/transitionDuration.mjs in 537.66ms
i Compiled tailwind/expose/theme/transitionProperty.mjs in 537.69ms
i Compiled tailwind/expose/theme/transitionTimingFunction.mjs in 537.71ms
i Compiled tailwind/expose/theme/translate.mjs in 537.73ms
i Compiled tailwind/expose/theme/size.mjs in 537.74ms
i Compiled tailwind/expose/theme/width.mjs in 537.74ms
i Compiled tailwind/expose/theme/willChange.mjs in 537.73ms
i Compiled tailwind/expose/theme/zIndex.mjs in 537.76ms
i Compiled tailwind/expose/theme.mjs in 537.78ms
i Compiled tailwind/expose/corePlugins.mjs in 551.91ms
i Compiled tailwind/expose/theme/accentColor.mjs in 583.66ms
i Compiled tailwind/expose/theme/animation.mjs in 583.55ms
i Compiled tailwind/expose/theme/aria.mjs in 583.58ms
i Compiled tailwind/expose/theme/aspectRatio.mjs in 583.6ms
i Compiled tailwind/expose/theme/backdropBlur.mjs in 583.62ms
i Compiled tailwind/expose/theme/backdropBrightness.mjs in 583.65ms
i Compiled tailwind/expose/theme/backdropContrast.mjs in 583.67ms
i Compiled tailwind/expose/theme/backdropGrayscale.mjs in 583.7ms
i Compiled tailwind/expose/theme/backdropHueRotate.mjs in 583.73ms
i Compiled tailwind/expose/theme/backdropInvert.mjs in 583.74ms
i Compiled tailwind/expose/theme/backdropOpacity.mjs in 583.77ms
i Compiled tailwind/expose/theme/backdropSaturate.mjs in 583.78ms
i Compiled tailwind/expose/theme/backdropSepia.mjs in 583.81ms
i Compiled tailwind/expose/theme/backgroundColor.mjs in 583.83ms
i Compiled tailwind/expose/theme/backgroundImage.mjs in 583.63ms
i Compiled tailwind/expose/theme/backgroundOpacity.mjs in 583.67ms
i Compiled tailwind/expose/theme/backgroundPosition.mjs in 583.7ms
i Compiled tailwind/expose/theme/backgroundSize.mjs in 583.73ms
i Compiled tailwind/expose/theme/blur.mjs in 583.76ms
i Compiled tailwind/expose/theme/borderColor.mjs in 583.78ms
i Compiled tailwind/expose/theme/borderOpacity.mjs in 583.53ms
i Compiled tailwind/expose/theme/borderRadius.mjs in 583.54ms
i Compiled tailwind/expose/theme/borderSpacing.mjs in 583.56ms
i Compiled tailwind/expose/theme/borderWidth.mjs in 583.57ms
i Compiled tailwind/expose/theme/boxShadow.mjs in 583.59ms
i Compiled tailwind/expose/theme/boxShadowColor.mjs in 583.61ms
i Compiled tailwind/expose/theme/brightness.mjs in 583.4ms
i Compiled tailwind/expose/theme/caretColor.mjs in 583.43ms
i Compiled tailwind/expose/theme/colors.mjs in 583.35ms
i Compiled tailwind/expose/theme/columns.mjs in 583ms
i Compiled tailwind/expose/theme/container.mjs in 583.03ms
i Compiled tailwind/expose/theme/content.mjs in 583.06ms
i Compiled tailwind/expose/theme/contrast.mjs in 583.09ms
i Compiled tailwind/expose/theme/cursor.mjs in 583.11ms
i Compiled tailwind/expose/theme/divideColor.mjs in 583.12ms
i Compiled tailwind/expose/theme/divideOpacity.mjs in 582.92ms
i Compiled tailwind/expose/theme/divideWidth.mjs in 582.94ms
i Compiled tailwind/expose/theme/dropShadow.mjs in 583.47ms
i Compiled tailwind/expose/theme/fill.mjs in 574.82ms
i Compiled tailwind/expose/theme/flex.mjs in 574.55ms
i Compiled tailwind/expose/theme/flexBasis.mjs in 574.57ms
i Compiled tailwind/expose/theme/flexGrow.mjs in 574.57ms
i Compiled tailwind/expose/theme/flexShrink.mjs in 574.59ms
i Compiled tailwind/expose/theme/fontFamily.mjs in 575.19ms
i Compiled tailwind/expose/theme/fontSize.mjs in 566.41ms
i Compiled tailwind/expose/theme/fontWeight.mjs in 546.39ms
i Compiled tailwind/expose/theme/gap.mjs in 546.4ms
i Compiled tailwind/expose/theme/gradientColorStops.mjs in 546.41ms
i Compiled tailwind/expose/theme/gradientColorStopPositions.mjs in 546.31ms
i Compiled tailwind/expose/theme/grayscale.mjs in 546.32ms
i Compiled tailwind/expose/theme/gridAutoColumns.mjs in 546.35ms
i Compiled tailwind/expose/theme/gridAutoRows.mjs in 546.38ms
i Compiled tailwind/expose/theme/gridColumn.mjs in 546.41ms
i Compiled tailwind/expose/theme/gridColumnEnd.mjs in 546.44ms
i Compiled tailwind/expose/theme/gridColumnStart.mjs in 546.46ms
i Compiled tailwind/expose/theme/gridRow.mjs in 546.49ms
i Compiled tailwind/expose/theme/gridRowEnd.mjs in 546.51ms
i Compiled tailwind/expose/theme/gridRowStart.mjs in 546.54ms
i Compiled tailwind/expose/theme/gridTemplateColumns.mjs in 546.56ms
i Compiled tailwind/expose/theme/gridTemplateRows.mjs in 546.58ms
i Compiled tailwind/expose/theme/height.mjs in 546.6ms
i Compiled tailwind/expose/theme/hueRotate.mjs in 546.6ms
i Compiled tailwind/expose/theme/inset.mjs in 546.62ms
i Compiled tailwind/expose/theme/invert.mjs in 546.63ms
i Compiled tailwind/expose/theme/keyframes.mjs in 546.67ms
i Compiled tailwind/expose/theme/letterSpacing.mjs in 546.69ms
i Compiled tailwind/expose/theme/lineHeight.mjs in 546.72ms
i Compiled tailwind/expose/theme/listStyleType.mjs in 546.74ms
i Compiled tailwind/expose/theme/listStyleImage.mjs in 546.77ms
i Compiled tailwind/expose/theme/margin.mjs in 546.8ms
i Compiled tailwind/expose/theme/lineClamp.mjs in 546.81ms
i Compiled tailwind/expose/theme/maxHeight.mjs in 546.84ms
i Compiled tailwind/expose/theme/maxWidth.mjs in 546.87ms
i Compiled tailwind/expose/theme/minHeight.mjs in 546.87ms
i Compiled tailwind/expose/theme/minWidth.mjs in 546.88ms
i Compiled tailwind/expose/theme/objectPosition.mjs in 546.89ms
i Compiled tailwind/expose/theme/opacity.mjs in 546.92ms
i Compiled tailwind/expose/theme/order.mjs in 546.95ms
i Compiled tailwind/expose/theme/outlineColor.mjs in 546.98ms
i Compiled tailwind/expose/theme/outlineOffset.mjs in 546.84ms
i Compiled tailwind/expose/theme/outlineWidth.mjs in 546.88ms
i Compiled tailwind/expose/theme/padding.mjs in 546.92ms
i Compiled tailwind/expose/theme/placeholderColor.mjs in 546.95ms
i Compiled tailwind/expose/theme/placeholderOpacity.mjs in 546.87ms
i Compiled tailwind/expose/theme/ringColor.mjs in 546.91ms
i Compiled tailwind/expose/theme/accentColor.mjs in 607.44ms
i Compiled tailwind/expose/theme/animation.mjs in 607.33ms
i Compiled tailwind/expose/theme/aria.mjs in 607.36ms
i Compiled tailwind/expose/theme/aspectRatio.mjs in 607.38ms
i Compiled tailwind/expose/theme/backdropBlur.mjs in 607.4ms
i Compiled tailwind/expose/theme/backdropBrightness.mjs in 607.43ms
i Compiled tailwind/expose/theme/backdropContrast.mjs in 607.46ms
i Compiled tailwind/expose/theme/backdropGrayscale.mjs in 607.48ms
i Compiled tailwind/expose/theme/backdropHueRotate.mjs in 607.52ms
i Compiled tailwind/expose/theme/backdropInvert.mjs in 607.54ms
i Compiled tailwind/expose/theme/backdropOpacity.mjs in 607.56ms
i Compiled tailwind/expose/theme/backdropSaturate.mjs in 607.59ms
i Compiled tailwind/expose/theme/backdropSepia.mjs in 607.62ms
i Compiled tailwind/expose/theme/backgroundColor.mjs in 607.65ms
i Compiled tailwind/expose/theme/backgroundImage.mjs in 607.42ms
i Compiled tailwind/expose/theme/backgroundOpacity.mjs in 607.44ms
i Compiled tailwind/expose/theme/backgroundPosition.mjs in 607.47ms
i Compiled tailwind/expose/theme/backgroundSize.mjs in 607.5ms
i Compiled tailwind/expose/theme/blur.mjs in 607.53ms
i Compiled tailwind/expose/theme/borderColor.mjs in 607.55ms
i Compiled tailwind/expose/theme/borderOpacity.mjs in 607.33ms
i Compiled tailwind/expose/theme/borderRadius.mjs in 607.35ms
i Compiled tailwind/expose/theme/borderSpacing.mjs in 607.37ms
i Compiled tailwind/expose/theme/borderWidth.mjs in 607.37ms
i Compiled tailwind/expose/theme/boxShadow.mjs in 607.4ms
i Compiled tailwind/expose/theme/boxShadowColor.mjs in 607.42ms
i Compiled tailwind/expose/theme/brightness.mjs in 607.2ms
i Compiled tailwind/expose/theme/caretColor.mjs in 607.23ms
i Compiled tailwind/expose/theme/colors.mjs in 607.02ms
i Compiled tailwind/expose/theme/columns.mjs in 606.69ms
i Compiled tailwind/expose/theme/container.mjs in 606.7ms
i Compiled tailwind/expose/theme/content.mjs in 606.73ms
i Compiled tailwind/expose/theme/contrast.mjs in 606.76ms
i Compiled tailwind/expose/theme/cursor.mjs in 606.79ms
i Compiled tailwind/expose/theme/divideColor.mjs in 606.8ms
i Compiled tailwind/expose/theme/divideOpacity.mjs in 606.64ms
i Compiled tailwind/expose/theme/divideWidth.mjs in 606.66ms
i Compiled tailwind/expose/theme/dropShadow.mjs in 607.28ms
i Compiled tailwind/expose/theme/fill.mjs in 598.49ms
i Compiled tailwind/expose/theme/flex.mjs in 598.3ms
i Compiled tailwind/expose/theme/flexBasis.mjs in 598.33ms
i Compiled tailwind/expose/theme/flexGrow.mjs in 598.23ms
i Compiled tailwind/expose/theme/flexShrink.mjs in 598.25ms
i Compiled tailwind/expose/theme/fontFamily.mjs in 598.9ms
i Compiled tailwind/expose/theme/fontSize.mjs in 589.71ms
i Compiled tailwind/expose/theme/fontWeight.mjs in 569.33ms
i Compiled tailwind/expose/theme/gap.mjs in 569.34ms
i Compiled tailwind/expose/theme/gradientColorStops.mjs in 569.35ms
i Compiled tailwind/expose/theme/gradientColorStopPositions.mjs in 569.02ms
i Compiled tailwind/expose/theme/grayscale.mjs in 568.99ms
i Compiled tailwind/expose/theme/gridAutoColumns.mjs in 569.02ms
i Compiled tailwind/expose/theme/gridAutoRows.mjs in 569.05ms
i Compiled tailwind/expose/theme/gridColumn.mjs in 569.13ms
i Compiled tailwind/expose/theme/gridColumnEnd.mjs in 569.27ms
i Compiled tailwind/expose/theme/gridColumnStart.mjs in 569.3ms
i Compiled tailwind/expose/theme/gridRow.mjs in 569.35ms
i Compiled tailwind/expose/theme/gridRowEnd.mjs in 569.38ms
i Compiled tailwind/expose/theme/gridRowStart.mjs in 569.4ms
i Compiled tailwind/expose/theme/gridTemplateColumns.mjs in 569.42ms
i Compiled tailwind/expose/theme/gridTemplateRows.mjs in 569.44ms
i Compiled tailwind/expose/theme/height.mjs in 569.47ms
i Compiled tailwind/expose/theme/hueRotate.mjs in 569.47ms
i Compiled tailwind/expose/theme/inset.mjs in 569.54ms
i Compiled tailwind/expose/theme/invert.mjs in 569.56ms
i Compiled tailwind/expose/theme/keyframes.mjs in 569.59ms
i Compiled tailwind/expose/theme/letterSpacing.mjs in 569.61ms
i Compiled tailwind/expose/theme/lineHeight.mjs in 569.63ms
i Compiled tailwind/expose/theme/listStyleType.mjs in 569.65ms
i Compiled tailwind/expose/theme/listStyleImage.mjs in 569.68ms
i Compiled tailwind/expose/theme/margin.mjs in 569.7ms
i Compiled tailwind/expose/theme/lineClamp.mjs in 569.72ms
i Compiled tailwind/expose/theme/maxHeight.mjs in 569.74ms
i Compiled tailwind/expose/theme/maxWidth.mjs in 569.75ms
i Compiled tailwind/expose/theme/minHeight.mjs in 569.75ms
i Compiled tailwind/expose/theme/minWidth.mjs in 569.77ms
i Compiled tailwind/expose/theme/objectPosition.mjs in 569.78ms
i Compiled tailwind/expose/theme/opacity.mjs in 569.8ms
i Compiled tailwind/expose/theme/order.mjs in 569.82ms
i Compiled tailwind/expose/theme/outlineColor.mjs in 569.88ms
i Compiled tailwind/expose/theme/outlineOffset.mjs in 569.74ms
i Compiled tailwind/expose/theme/outlineWidth.mjs in 569.76ms
i Compiled tailwind/expose/theme/padding.mjs in 569.79ms
i Compiled tailwind/expose/theme/placeholderColor.mjs in 569.8ms
i Compiled tailwind/expose/theme/placeholderOpacity.mjs in 569.71ms
i Compiled tailwind/expose/theme/ringColor.mjs in 569.73ms
i Compiled tailwind/expose/theme/ringOffsetColor.mjs in 569.64ms
i Compiled tailwind/expose/theme/ringOffsetWidth.mjs in 569.45ms
i Compiled tailwind/expose/theme/ringOpacity.mjs in 569.49ms
i Compiled tailwind/expose/theme/ringWidth.mjs in 569.51ms
i Compiled tailwind/expose/theme/rotate.mjs in 569.53ms
i Compiled tailwind/expose/theme/saturate.mjs in 569.56ms
i Compiled tailwind/expose/theme/scale.mjs in 569.58ms
i Compiled tailwind/expose/theme/screens.mjs in 569.6ms
i Compiled tailwind/expose/theme/scrollMargin.mjs in 569.66ms
i Compiled tailwind/expose/theme/scrollPadding.mjs in 569.69ms
i Compiled tailwind/expose/theme/sepia.mjs in 569.71ms
i Compiled tailwind/expose/theme/skew.mjs in 569.73ms
i Compiled tailwind/expose/theme/space.mjs in 569.75ms
i Compiled tailwind/expose/theme/spacing.mjs in 569.76ms
i Compiled tailwind/expose/theme/stroke.mjs in 569.78ms
i Compiled tailwind/expose/theme/strokeWidth.mjs in 569.62ms
i Compiled tailwind/expose/theme/supports.mjs in 569.65ms
i Compiled tailwind/expose/theme/data.mjs in 569.67ms
i Compiled tailwind/expose/theme/textColor.mjs in 569.7ms
i Compiled tailwind/expose/theme/textDecorationColor.mjs in 569.61ms
i Compiled tailwind/expose/theme/textDecorationThickness.mjs in 569.4ms
i Compiled tailwind/expose/theme/textIndent.mjs in 569.42ms
i Compiled tailwind/expose/theme/textOpacity.mjs in 569.43ms
i Compiled tailwind/expose/theme/textUnderlineOffset.mjs in 569.45ms
i Compiled tailwind/expose/theme/transformOrigin.mjs in 569.49ms
i Compiled tailwind/expose/theme/transitionDelay.mjs in 569.52ms
i Compiled tailwind/expose/theme/transitionDuration.mjs in 569.55ms
i Compiled tailwind/expose/theme/transitionProperty.mjs in 569.57ms
i Compiled tailwind/expose/theme/transitionTimingFunction.mjs in 569.59ms
i Compiled tailwind/expose/theme/translate.mjs in 569.62ms
i Compiled tailwind/expose/theme/size.mjs in 569.62ms
i Compiled tailwind/expose/theme/width.mjs in 569.62ms
i Compiled tailwind/expose/theme/willChange.mjs in 569.62ms
i Compiled tailwind/expose/theme/zIndex.mjs in 569.64ms
i Compiled tailwind/expose/theme.mjs in 569.66ms
i Compiled tailwind/expose/corePlugins.mjs in 584.13ms
i Compiled tailwind/expose/theme/accentColor.mjs in 591.88ms
i Compiled tailwind/expose/theme/animation.mjs in 591.87ms
i Compiled tailwind/expose/theme/aria.mjs in 591.9ms
i Compiled tailwind/expose/theme/aspectRatio.mjs in 591.92ms
i Compiled tailwind/expose/theme/backdropBlur.mjs in 591.95ms
i Compiled tailwind/expose/theme/backdropBrightness.mjs in 591.98ms
i Compiled tailwind/expose/theme/backdropContrast.mjs in 592ms
i Compiled tailwind/expose/theme/backdropGrayscale.mjs in 592.02ms
i Compiled tailwind/expose/theme/backdropHueRotate.mjs in 592.05ms
i Compiled tailwind/expose/theme/backdropInvert.mjs in 592.07ms
i Compiled tailwind/expose/theme/backdropOpacity.mjs in 592.1ms
i Compiled tailwind/expose/theme/backdropSaturate.mjs in 592.12ms
i Compiled tailwind/expose/theme/backdropSepia.mjs in 592.14ms
i Compiled tailwind/expose/theme/backgroundColor.mjs in 592.19ms
i Compiled tailwind/expose/theme/backgroundImage.mjs in 592.11ms
i Compiled tailwind/expose/theme/backgroundOpacity.mjs in 592.14ms
i Compiled tailwind/expose/theme/backgroundPosition.mjs in 592.16ms
i Compiled tailwind/expose/theme/backgroundSize.mjs in 592.18ms
i Compiled tailwind/expose/theme/blur.mjs in 592.2ms
i Compiled tailwind/expose/theme/borderColor.mjs in 592.23ms
i Compiled tailwind/expose/theme/borderOpacity.mjs in 592.15ms
i Compiled tailwind/expose/theme/borderRadius.mjs in 592.17ms
i Compiled tailwind/expose/theme/borderSpacing.mjs in 592.19ms
i Compiled tailwind/expose/theme/borderWidth.mjs in 592.19ms
i Compiled tailwind/expose/theme/boxShadow.mjs in 592.21ms
i Compiled tailwind/expose/theme/boxShadowColor.mjs in 592.23ms
i Compiled tailwind/expose/theme/brightness.mjs in 592.12ms
i Compiled tailwind/expose/theme/caretColor.mjs in 592.15ms
i Compiled tailwind/expose/theme/colors.mjs in 592.01ms
i Compiled tailwind/expose/theme/columns.mjs in 591.87ms
i Compiled tailwind/expose/theme/container.mjs in 591.89ms
i Compiled tailwind/expose/theme/content.mjs in 591.91ms
i Compiled tailwind/expose/theme/contrast.mjs in 591.95ms
i Compiled tailwind/expose/theme/cursor.mjs in 591.98ms
i Compiled tailwind/expose/theme/divideColor.mjs in 591.98ms
i Compiled tailwind/expose/theme/divideOpacity.mjs in 591.85ms
i Compiled tailwind/expose/theme/divideWidth.mjs in 591.87ms
i Compiled tailwind/expose/theme/dropShadow.mjs in 592.44ms
i Compiled tailwind/expose/theme/fill.mjs in 584.09ms
i Compiled tailwind/expose/theme/flex.mjs in 583.81ms
i Compiled tailwind/expose/theme/flexBasis.mjs in 583.83ms
i Compiled tailwind/expose/theme/flexGrow.mjs in 583.82ms
i Compiled tailwind/expose/theme/flexShrink.mjs in 583.84ms
i Compiled tailwind/expose/theme/fontFamily.mjs in 584.37ms
i Compiled tailwind/expose/theme/fontSize.mjs in 575.35ms
i Compiled tailwind/expose/theme/fontWeight.mjs in 555.64ms
i Compiled tailwind/expose/theme/gap.mjs in 555.64ms
i Compiled tailwind/expose/theme/gradientColorStops.mjs in 555.66ms
i Compiled tailwind/expose/theme/gradientColorStopPositions.mjs in 555.43ms
i Compiled tailwind/expose/theme/grayscale.mjs in 555.45ms
i Compiled tailwind/expose/theme/gridAutoColumns.mjs in 555.48ms
i Compiled tailwind/expose/theme/gridAutoRows.mjs in 555.5ms
i Compiled tailwind/expose/theme/gridColumn.mjs in 555.53ms
i Compiled tailwind/expose/theme/gridColumnEnd.mjs in 555.55ms
i Compiled tailwind/expose/theme/gridColumnStart.mjs in 555.57ms
i Compiled tailwind/expose/theme/gridRow.mjs in 555.6ms
i Compiled tailwind/expose/theme/gridRowEnd.mjs in 555.62ms
i Compiled tailwind/expose/theme/gridRowStart.mjs in 555.64ms
i Compiled tailwind/expose/theme/gridTemplateColumns.mjs in 555.66ms
i Compiled tailwind/expose/theme/gridTemplateRows.mjs in 555.68ms
i Compiled tailwind/expose/theme/height.mjs in 555.7ms
i Compiled tailwind/expose/theme/hueRotate.mjs in 555.69ms
i Compiled tailwind/expose/theme/inset.mjs in 555.72ms
i Compiled tailwind/expose/theme/invert.mjs in 555.74ms
i Compiled tailwind/expose/theme/keyframes.mjs in 555.78ms
i Compiled tailwind/expose/theme/letterSpacing.mjs in 555.79ms
i Compiled tailwind/expose/theme/lineHeight.mjs in 555.81ms
i Compiled tailwind/expose/theme/listStyleType.mjs in 555.83ms
i Compiled tailwind/expose/theme/listStyleImage.mjs in 555.85ms
i Compiled tailwind/expose/theme/margin.mjs in 555.88ms
i Compiled tailwind/expose/theme/lineClamp.mjs in 555.89ms
i Compiled tailwind/expose/theme/maxHeight.mjs in 555.92ms
i Compiled tailwind/expose/theme/maxWidth.mjs in 555.93ms
i Compiled tailwind/expose/theme/minHeight.mjs in 555.92ms
i Compiled tailwind/expose/theme/minWidth.mjs in 555.94ms
i Compiled tailwind/expose/theme/objectPosition.mjs in 555.95ms
i Compiled tailwind/expose/theme/opacity.mjs in 555.97ms
i Compiled tailwind/expose/theme/order.mjs in 555.99ms
i Compiled tailwind/expose/theme/outlineColor.mjs in 556ms
i Compiled tailwind/expose/theme/outlineOffset.mjs in 555.76ms
i Compiled tailwind/expose/theme/outlineWidth.mjs in 555.78ms
i Compiled tailwind/expose/theme/padding.mjs in 555.81ms
i Compiled tailwind/expose/theme/placeholderColor.mjs in 555.83ms
i Compiled tailwind/expose/theme/placeholderOpacity.mjs in 555.5ms
i Compiled tailwind/expose/theme/ringColor.mjs in 555.52ms
i Compiled tailwind/expose/theme/ringOffsetColor.mjs in 555.29ms
i Compiled tailwind/expose/theme/ringOffsetWidth.mjs in 555.03ms
i Compiled tailwind/expose/theme/ringOpacity.mjs in 555.05ms
i Compiled tailwind/expose/theme/ringWidth.mjs in 555.06ms
i Compiled tailwind/expose/theme/rotate.mjs in 555.08ms
i Compiled tailwind/expose/theme/saturate.mjs in 555.09ms
i Compiled tailwind/expose/theme/scale.mjs in 555.11ms
i Compiled tailwind/expose/theme/screens.mjs in 555.13ms
i Compiled tailwind/expose/theme/scrollMargin.mjs in 555.16ms
i Compiled tailwind/expose/theme/scrollPadding.mjs in 555.16ms
i Compiled tailwind/expose/theme/sepia.mjs in 555.17ms
i Compiled tailwind/expose/theme/skew.mjs in 555.2ms
i Compiled tailwind/expose/theme/space.mjs in 555.22ms
i Compiled tailwind/expose/theme/spacing.mjs in 555.22ms
i Compiled tailwind/expose/theme/stroke.mjs in 555.24ms
i Compiled tailwind/expose/theme/strokeWidth.mjs in 555.03ms
i Compiled tailwind/expose/theme/supports.mjs in 555.05ms
i Compiled tailwind/expose/theme/data.mjs in 554.96ms
i Compiled tailwind/expose/theme/textColor.mjs in 554.99ms
i Compiled tailwind/expose/theme/textDecorationColor.mjs in 554.73ms
i Compiled tailwind/expose/theme/textDecorationThickness.mjs in 554.5ms
i Compiled tailwind/expose/theme/textIndent.mjs in 554.53ms
i Compiled tailwind/expose/theme/textOpacity.mjs in 554.53ms
i Compiled tailwind/expose/theme/textUnderlineOffset.mjs in 554.55ms
i Compiled tailwind/expose/theme/transformOrigin.mjs in 554.56ms
i Compiled tailwind/expose/theme/transitionDelay.mjs in 554.58ms
i Compiled tailwind/expose/theme/transitionDuration.mjs in 554.6ms
i Compiled tailwind/expose/theme/transitionProperty.mjs in 554.62ms
i Compiled tailwind/expose/theme/transitionTimingFunction.mjs in 554.64ms
i Compiled tailwind/expose/theme/translate.mjs in 554.66ms
i Compiled tailwind/expose/theme/size.mjs in 554.67ms
i Compiled tailwind/expose/theme/width.mjs in 554.68ms
i Compiled tailwind/expose/theme/willChange.mjs in 554.68ms
i Compiled tailwind/expose/theme/zIndex.mjs in 554.7ms
i Compiled tailwind/expose/theme.mjs in 554.72ms
i Compiled tailwind/expose/corePlugins.mjs in 568.87ms
i Compiled tailwind/expose/theme/accentColor.mjs in 600.89ms
i Compiled tailwind/expose/theme/animation.mjs in 600.52ms
i Compiled tailwind/expose/theme/aria.mjs in 600.52ms
i Compiled tailwind/expose/theme/aspectRatio.mjs in 600.54ms
i Compiled tailwind/expose/theme/backdropBlur.mjs in 600.57ms
i Compiled tailwind/expose/theme/backdropBrightness.mjs in 600.6ms
i Compiled tailwind/expose/theme/backdropContrast.mjs in 600.61ms
i Compiled tailwind/expose/theme/backdropGrayscale.mjs in 600.63ms
i Compiled tailwind/expose/theme/backdropHueRotate.mjs in 600.67ms
i Compiled tailwind/expose/theme/backdropInvert.mjs in 600.69ms
i Compiled tailwind/expose/theme/backdropOpacity.mjs in 600.72ms
i Compiled tailwind/expose/theme/backdropSaturate.mjs in 600.72ms
i Compiled tailwind/expose/theme/backdropSepia.mjs in 600.74ms
i Compiled tailwind/expose/theme/backgroundColor.mjs in 600.76ms
i Compiled tailwind/expose/theme/backgroundImage.mjs in 600.27ms
i Compiled tailwind/expose/theme/backgroundOpacity.mjs in 600.27ms
i Compiled tailwind/expose/theme/backgroundPosition.mjs in 600.29ms
i Compiled tailwind/expose/theme/backgroundSize.mjs in 600.32ms
i Compiled tailwind/expose/theme/blur.mjs in 600.35ms
i Compiled tailwind/expose/theme/borderColor.mjs in 600.37ms
i Compiled tailwind/expose/theme/borderOpacity.mjs in 600.07ms
i Compiled tailwind/expose/theme/borderRadius.mjs in 599.99ms
i Compiled tailwind/expose/theme/borderSpacing.mjs in 600ms
i Compiled tailwind/expose/theme/borderWidth.mjs in 599.98ms
i Compiled tailwind/expose/theme/boxShadow.mjs in 600.01ms
i Compiled tailwind/expose/theme/boxShadowColor.mjs in 599.72ms
i Compiled tailwind/expose/theme/brightness.mjs in 599.35ms
i Compiled tailwind/expose/theme/caretColor.mjs in 599.36ms
i Compiled tailwind/expose/theme/colors.mjs in 598.99ms
i Compiled tailwind/expose/theme/columns.mjs in 598.46ms
i Compiled tailwind/expose/theme/container.mjs in 598.44ms
i Compiled tailwind/expose/theme/content.mjs in 598.47ms
i Compiled tailwind/expose/theme/contrast.mjs in 598.5ms
i Compiled tailwind/expose/theme/cursor.mjs in 598.54ms
i Compiled tailwind/expose/theme/divideColor.mjs in 598.56ms
i Compiled tailwind/expose/theme/divideOpacity.mjs in 598.28ms
i Compiled tailwind/expose/theme/divideWidth.mjs in 598.29ms
i Compiled tailwind/expose/theme/dropShadow.mjs in 598.86ms
i Compiled tailwind/expose/theme/fill.mjs in 585.12ms
i Compiled tailwind/expose/theme/flex.mjs in 584.74ms
i Compiled tailwind/expose/theme/flexBasis.mjs in 584.75ms
i Compiled tailwind/expose/theme/flexGrow.mjs in 584.74ms
i Compiled tailwind/expose/theme/flexShrink.mjs in 584.76ms
i Compiled tailwind/expose/theme/fontFamily.mjs in 585.32ms
i Compiled tailwind/expose/theme/fontSize.mjs in 570.8ms
i Compiled tailwind/expose/theme/fontWeight.mjs in 538.7ms
i Compiled tailwind/expose/theme/gap.mjs in 538.69ms
i Compiled tailwind/expose/theme/gradientColorStops.mjs in 538.69ms
i Compiled tailwind/expose/theme/gradientColorStopPositions.mjs in 538.51ms
i Compiled tailwind/expose/theme/grayscale.mjs in 538.52ms
i Compiled tailwind/expose/theme/gridAutoColumns.mjs in 538.55ms
i Compiled tailwind/expose/theme/gridAutoRows.mjs in 538.58ms
i Compiled tailwind/expose/theme/gridColumn.mjs in 538.6ms
i Compiled tailwind/expose/theme/gridColumnEnd.mjs in 538.62ms
i Compiled tailwind/expose/theme/gridColumnStart.mjs in 538.64ms
i Compiled tailwind/expose/theme/gridRow.mjs in 538.67ms
i Compiled tailwind/expose/theme/gridRowEnd.mjs in 538.68ms
i Compiled tailwind/expose/theme/gridRowStart.mjs in 538.71ms
i Compiled tailwind/expose/theme/gridTemplateColumns.mjs in 538.73ms
i Compiled tailwind/expose/theme/gridTemplateRows.mjs in 538.75ms
i Compiled tailwind/expose/theme/height.mjs in 538.76ms
i Compiled tailwind/expose/theme/hueRotate.mjs in 538.75ms
i Compiled tailwind/expose/theme/inset.mjs in 538.77ms
i Compiled tailwind/expose/theme/invert.mjs in 538.78ms
i Compiled tailwind/expose/theme/keyframes.mjs in 538.8ms
i Compiled tailwind/expose/theme/letterSpacing.mjs in 538.82ms
i Compiled tailwind/expose/theme/lineHeight.mjs in 538.84ms
i Compiled tailwind/expose/theme/listStyleType.mjs in 538.85ms
i Compiled tailwind/expose/theme/listStyleImage.mjs in 538.88ms
i Compiled tailwind/expose/theme/margin.mjs in 538.91ms
i Compiled tailwind/expose/theme/lineClamp.mjs in 538.91ms
i Compiled tailwind/expose/theme/maxHeight.mjs in 538.94ms
i Compiled tailwind/expose/theme/maxWidth.mjs in 538.93ms
i Compiled tailwind/expose/theme/minHeight.mjs in 538.91ms
i Compiled tailwind/expose/theme/minWidth.mjs in 538.92ms
i Compiled tailwind/expose/theme/objectPosition.mjs in 538.93ms
i Compiled tailwind/expose/theme/opacity.mjs in 538.94ms
i Compiled tailwind/expose/theme/order.mjs in 538.94ms
i Compiled tailwind/expose/theme/outlineColor.mjs in 538.95ms
i Compiled tailwind/expose/theme/outlineOffset.mjs in 538.57ms
i Compiled tailwind/expose/theme/outlineWidth.mjs in 538.59ms
i Compiled tailwind/expose/theme/padding.mjs in 538.64ms
i Compiled tailwind/expose/theme/placeholderColor.mjs in 538.65ms
i Compiled tailwind/expose/theme/placeholderOpacity.mjs in 538.5ms
i Compiled tailwind/expose/theme/ringColor.mjs in 538.51ms
i Compiled tailwind/expose/theme/ringOffsetColor.mjs in 538.33ms
i Compiled tailwind/expose/theme/ringOffsetWidth.mjs in 538.19ms
i Compiled tailwind/expose/theme/ringOpacity.mjs in 538.22ms
i Compiled tailwind/expose/theme/ringWidth.mjs in 538.22ms
i Compiled tailwind/expose/theme/rotate.mjs in 538.24ms
i Compiled tailwind/expose/theme/saturate.mjs in 538.27ms
i Compiled tailwind/expose/theme/scale.mjs in 538.29ms
i Compiled tailwind/expose/theme/screens.mjs in 538.3ms
i Compiled tailwind/expose/theme/scrollMargin.mjs in 538.33ms
i Compiled tailwind/expose/theme/scrollPadding.mjs in 538.33ms
i Compiled tailwind/expose/theme/sepia.mjs in 538.34ms
i Compiled tailwind/expose/theme/skew.mjs in 538.36ms
i Compiled tailwind/expose/theme/space.mjs in 538.38ms
i Compiled tailwind/expose/theme/spacing.mjs in 538.38ms
i Compiled tailwind/expose/theme/stroke.mjs in 538.39ms
i Compiled tailwind/expose/theme/strokeWidth.mjs in 538.11ms
i Compiled tailwind/expose/theme/supports.mjs in 538.13ms
i Compiled tailwind/expose/theme/data.mjs in 538.15ms
i Compiled tailwind/expose/theme/textColor.mjs in 538.18ms
i Compiled tailwind/expose/theme/textDecorationColor.mjs in 537.93ms
i Compiled tailwind/expose/theme/textDecorationThickness.mjs in 537.78ms
i Compiled tailwind/expose/theme/textIndent.mjs in 537.81ms
i Compiled tailwind/expose/theme/textOpacity.mjs in 537.81ms
i Compiled tailwind/expose/theme/textUnderlineOffset.mjs in 537.82ms
i Compiled tailwind/expose/theme/transformOrigin.mjs in 537.85ms
i Compiled tailwind/expose/theme/transitionDelay.mjs in 537.86ms
i Compiled tailwind/expose/theme/transitionDuration.mjs in 537.88ms
i Compiled tailwind/expose/theme/transitionProperty.mjs in 537.9ms
i Compiled tailwind/expose/theme/transitionTimingFunction.mjs in 537.92ms
i Compiled tailwind/expose/theme/translate.mjs in 537.94ms
i Compiled tailwind/expose/theme/size.mjs in 537.94ms
i Compiled tailwind/expose/theme/width.mjs in 537.93ms
i Compiled tailwind/expose/theme/willChange.mjs in 537.92ms
i Compiled tailwind/expose/theme/zIndex.mjs in 537.94ms
i Compiled tailwind/expose/theme.mjs in 537.96ms
i Compiled tailwind/expose/corePlugins.mjs in 551.77ms
i Compiled tailwind/expose/theme/accentColor.mjs in 589.33ms
i Compiled tailwind/expose/theme/animation.mjs in 589.31ms
i Compiled tailwind/expose/theme/aria.mjs in 589.35ms
i Compiled tailwind/expose/theme/aspectRatio.mjs in 589.37ms
i Compiled tailwind/expose/theme/backdropBlur.mjs in 589.4ms
i Compiled tailwind/expose/theme/backdropBrightness.mjs in 589.44ms
i Compiled tailwind/expose/theme/backdropContrast.mjs in 589.46ms
i Compiled tailwind/expose/theme/backdropGrayscale.mjs in 589.48ms
i Compiled tailwind/expose/theme/backdropHueRotate.mjs in 589.51ms
i Compiled tailwind/expose/theme/backdropInvert.mjs in 589.53ms
i Compiled tailwind/expose/theme/backdropOpacity.mjs in 589.56ms
i Compiled tailwind/expose/theme/backdropSaturate.mjs in 589.57ms
i Compiled tailwind/expose/theme/backdropSepia.mjs in 589.59ms
i Compiled tailwind/expose/theme/backgroundColor.mjs in 589.62ms
i Compiled tailwind/expose/theme/backgroundImage.mjs in 589.51ms
i Compiled tailwind/expose/theme/backgroundOpacity.mjs in 589.55ms
i Compiled tailwind/expose/theme/backgroundPosition.mjs in 589.58ms
i Compiled tailwind/expose/theme/backgroundSize.mjs in 589.61ms
i Compiled tailwind/expose/theme/blur.mjs in 589.64ms
i Compiled tailwind/expose/theme/borderColor.mjs in 589.67ms
i Compiled tailwind/expose/theme/borderOpacity.mjs in 589.52ms
i Compiled tailwind/expose/theme/borderRadius.mjs in 589.54ms
i Compiled tailwind/expose/theme/borderSpacing.mjs in 589.55ms
i Compiled tailwind/expose/theme/borderWidth.mjs in 589.56ms
i Compiled tailwind/expose/theme/boxShadow.mjs in 589.59ms
i Compiled tailwind/expose/theme/boxShadowColor.mjs in 589.61ms
i Compiled tailwind/expose/theme/brightness.mjs in 589.54ms
i Compiled tailwind/expose/theme/caretColor.mjs in 589.57ms
i Compiled tailwind/expose/theme/colors.mjs in 589.49ms
i Compiled tailwind/expose/theme/columns.mjs in 589.42ms
i Compiled tailwind/expose/theme/container.mjs in 589.45ms
i Compiled tailwind/expose/theme/content.mjs in 589.48ms
i Compiled tailwind/expose/theme/contrast.mjs in 589.51ms
i Compiled tailwind/expose/theme/cursor.mjs in 589.53ms
i Compiled tailwind/expose/theme/divideColor.mjs in 589.54ms
i Compiled tailwind/expose/theme/divideOpacity.mjs in 589.38ms
i Compiled tailwind/expose/theme/divideWidth.mjs in 589.41ms
i Compiled tailwind/expose/theme/dropShadow.mjs in 590.25ms
i Compiled tailwind/expose/theme/fill.mjs in 581.92ms
i Compiled tailwind/expose/theme/flex.mjs in 581.7ms
i Compiled tailwind/expose/theme/flexBasis.mjs in 581.72ms
i Compiled tailwind/expose/theme/flexGrow.mjs in 581.73ms
i Compiled tailwind/expose/theme/flexShrink.mjs in 581.75ms
i Compiled tailwind/expose/theme/fontFamily.mjs in 582.6ms
i Compiled tailwind/expose/theme/fontSize.mjs in 574.14ms
i Compiled tailwind/expose/theme/fontWeight.mjs in 543.92ms
i Compiled tailwind/expose/theme/gap.mjs in 543.93ms
i Compiled tailwind/expose/theme/gradientColorStops.mjs in 543.97ms
i Compiled tailwind/expose/theme/gradientColorStopPositions.mjs in 543.8ms
i Compiled tailwind/expose/theme/grayscale.mjs in 543.82ms
i Compiled tailwind/expose/theme/gridAutoColumns.mjs in 543.85ms
i Compiled tailwind/expose/theme/gridAutoRows.mjs in 543.88ms
i Compiled tailwind/expose/theme/gridColumn.mjs in 543.92ms
i Compiled tailwind/expose/theme/gridColumnEnd.mjs in 543.94ms
i Compiled tailwind/expose/theme/gridColumnStart.mjs in 544ms
i Compiled tailwind/expose/theme/gridRow.mjs in 544.04ms
i Compiled tailwind/expose/theme/gridRowEnd.mjs in 544.07ms
i Compiled tailwind/expose/theme/gridRowStart.mjs in 544.09ms
i Compiled tailwind/expose/theme/gridTemplateColumns.mjs in 544.11ms
i Compiled tailwind/expose/theme/gridTemplateRows.mjs in 544.13ms
i Compiled tailwind/expose/theme/height.mjs in 544.15ms
i Compiled tailwind/expose/theme/hueRotate.mjs in 544.14ms
i Compiled tailwind/expose/theme/inset.mjs in 544.17ms
i Compiled tailwind/expose/theme/invert.mjs in 544.17ms
i Compiled tailwind/expose/theme/keyframes.mjs in 544.19ms
i Compiled tailwind/expose/theme/letterSpacing.mjs in 544.21ms
i Compiled tailwind/expose/theme/lineHeight.mjs in 544.23ms
i Compiled tailwind/expose/theme/listStyleType.mjs in 544.25ms
i Compiled tailwind/expose/theme/listStyleImage.mjs in 544.28ms
i Compiled tailwind/expose/theme/margin.mjs in 544.3ms
i Compiled tailwind/expose/theme/lineClamp.mjs in 544.31ms
i Compiled tailwind/expose/theme/maxHeight.mjs in 544.33ms
i Compiled tailwind/expose/theme/maxWidth.mjs in 544.33ms
i Compiled tailwind/expose/theme/minHeight.mjs in 544.32ms
i Compiled tailwind/expose/theme/minWidth.mjs in 544.33ms
i Compiled tailwind/expose/theme/objectPosition.mjs in 544.34ms
i Compiled tailwind/expose/theme/opacity.mjs in 544.36ms
i Compiled tailwind/expose/theme/order.mjs in 544.37ms
i Compiled tailwind/expose/theme/outlineColor.mjs in 544.39ms
i Compiled tailwind/expose/theme/outlineOffset.mjs in 544.08ms
i Compiled tailwind/expose/theme/outlineWidth.mjs in 544.1ms
i Compiled tailwind/expose/theme/padding.mjs in 544.13ms
i Compiled tailwind/expose/theme/placeholderColor.mjs in 544.13ms
i Compiled tailwind/expose/theme/placeholderOpacity.mjs in 543.98ms
i Compiled tailwind/expose/theme/ringColor.mjs in 544ms
i Compiled tailwind/expose/theme/ringOffsetColor.mjs in 543.52ms
i Compiled tailwind/expose/theme/ringOffsetWidth.mjs in 543.19ms
i Compiled tailwind/expose/theme/ringOpacity.mjs in 543.21ms
i Compiled tailwind/expose/theme/ringWidth.mjs in 543.22ms
i Compiled tailwind/expose/theme/rotate.mjs in 543.24ms
i Compiled tailwind/expose/theme/saturate.mjs in 543.25ms
i Compiled tailwind/expose/theme/scale.mjs in 543.27ms
i Compiled tailwind/expose/theme/screens.mjs in 543.29ms
i Compiled tailwind/expose/theme/scrollMargin.mjs in 543.32ms
i Compiled tailwind/expose/theme/scrollPadding.mjs in 543.32ms
i Compiled tailwind/expose/theme/sepia.mjs in 543.33ms
i Compiled tailwind/expose/theme/skew.mjs in 543.36ms
i Compiled tailwind/expose/theme/space.mjs in 543.38ms
i Compiled tailwind/expose/theme/spacing.mjs in 543.39ms
i Compiled tailwind/expose/theme/stroke.mjs in 543.39ms
i Compiled tailwind/expose/theme/strokeWidth.mjs in 543.12ms
i Compiled tailwind/expose/theme/supports.mjs in 543.15ms
i Compiled tailwind/expose/theme/data.mjs in 543.17ms
i Compiled tailwind/expose/theme/textColor.mjs in 543.2ms
i Compiled tailwind/expose/theme/textDecorationColor.mjs in 543.07ms
i Compiled tailwind/expose/theme/textDecorationThickness.mjs in 542.91ms
i Compiled tailwind/expose/theme/textIndent.mjs in 542.93ms
i Compiled tailwind/expose/theme/textOpacity.mjs in 542.94ms
i Compiled tailwind/expose/theme/textUnderlineOffset.mjs in 542.95ms
i Compiled tailwind/expose/theme/transformOrigin.mjs in 542.97ms
i Compiled tailwind/expose/theme/transitionDelay.mjs in 542.99ms
i Compiled tailwind/expose/theme/transitionDuration.mjs in 543.01ms
i Compiled tailwind/expose/theme/transitionProperty.mjs in 543.03ms
i Compiled tailwind/expose/theme/transitionTimingFunction.mjs in 543.05ms
i Compiled tailwind/expose/theme/translate.mjs in 543.07ms
i Compiled tailwind/expose/theme/size.mjs in 543.08ms
i Compiled tailwind/expose/theme/width.mjs in 543.08ms
i Compiled tailwind/expose/theme/willChange.mjs in 543.06ms
i Compiled tailwind/expose/theme/zIndex.mjs in 543.08ms
i Compiled tailwind/expose/theme.mjs in 543.1ms
i Compiled tailwind/expose/corePlugins.mjs in 557.83ms
i Compiled tailwind/expose/theme/accentColor.mjs in 568.44ms
i Compiled tailwind/expose/theme/animation.mjs in 568.35ms
i Compiled tailwind/expose/theme/aria.mjs in 568.38ms
i Compiled tailwind/expose/theme/aspectRatio.mjs in 568.4ms
i Compiled tailwind/expose/theme/backdropBlur.mjs in 568.42ms
i Compiled tailwind/expose/theme/backdropBrightness.mjs in 568.45ms
i Compiled tailwind/expose/theme/backdropContrast.mjs in 568.47ms
i Compiled tailwind/expose/theme/backdropGrayscale.mjs in 568.5ms
i Compiled tailwind/expose/theme/backdropHueRotate.mjs in 568.53ms
i Compiled tailwind/expose/theme/backdropInvert.mjs in 568.55ms
i Compiled tailwind/expose/theme/backdropOpacity.mjs in 568.58ms
i Compiled tailwind/expose/theme/backdropSaturate.mjs in 568.59ms
i Compiled tailwind/expose/theme/backdropSepia.mjs in 568.61ms
i Compiled tailwind/expose/theme/backgroundColor.mjs in 568.65ms
i Compiled tailwind/expose/theme/backgroundImage.mjs in 568.45ms
i Compiled tailwind/expose/theme/backgroundOpacity.mjs in 568.47ms
i Compiled tailwind/expose/theme/backgroundPosition.mjs in 568.49ms
i Compiled tailwind/expose/theme/backgroundSize.mjs in 568.52ms
i Compiled tailwind/expose/theme/blur.mjs in 568.55ms
i Compiled tailwind/expose/theme/borderColor.mjs in 568.58ms
i Compiled tailwind/expose/theme/borderOpacity.mjs in 568.22ms
i Compiled tailwind/expose/theme/borderRadius.mjs in 568.23ms
i Compiled tailwind/expose/theme/borderSpacing.mjs in 568.25ms
i Compiled tailwind/expose/theme/borderWidth.mjs in 568.25ms
i Compiled tailwind/expose/theme/boxShadow.mjs in 568.29ms
i Compiled tailwind/expose/theme/boxShadowColor.mjs in 568.35ms
i Compiled tailwind/expose/theme/brightness.mjs in 568.17ms
i Compiled tailwind/expose/theme/caretColor.mjs in 568.19ms
i Compiled tailwind/expose/theme/colors.mjs in 567.97ms
i Compiled tailwind/expose/theme/columns.mjs in 567.68ms
i Compiled tailwind/expose/theme/container.mjs in 567.69ms
i Compiled tailwind/expose/theme/content.mjs in 567.72ms
i Compiled tailwind/expose/theme/contrast.mjs in 567.76ms
i Compiled tailwind/expose/theme/cursor.mjs in 567.81ms
i Compiled tailwind/expose/theme/divideColor.mjs in 567.83ms
i Compiled tailwind/expose/theme/divideOpacity.mjs in 567.56ms
i Compiled tailwind/expose/theme/divideWidth.mjs in 567.61ms
i Compiled tailwind/expose/theme/dropShadow.mjs in 568.28ms
i Compiled tailwind/expose/theme/fill.mjs in 558.76ms
i Compiled tailwind/expose/theme/flex.mjs in 558.52ms
i Compiled tailwind/expose/theme/flexBasis.mjs in 558.54ms
i Compiled tailwind/expose/theme/flexGrow.mjs in 558.54ms
i Compiled tailwind/expose/theme/flexShrink.mjs in 558.57ms
i Compiled tailwind/expose/theme/fontFamily.mjs in 559.27ms
i Compiled tailwind/expose/theme/fontSize.mjs in 548.94ms
i Compiled tailwind/expose/theme/fontWeight.mjs in 527.2ms
i Compiled tailwind/expose/theme/gap.mjs in 527.2ms
i Compiled tailwind/expose/theme/gradientColorStops.mjs in 527.21ms
i Compiled tailwind/expose/theme/gradientColorStopPositions.mjs in 527.11ms
i Compiled tailwind/expose/theme/grayscale.mjs in 527.08ms
i Compiled tailwind/expose/theme/gridAutoColumns.mjs in 527.11ms
i Compiled tailwind/expose/theme/gridAutoRows.mjs in 527.14ms
i Compiled tailwind/expose/theme/gridColumn.mjs in 527.17ms
i Compiled tailwind/expose/theme/gridColumnEnd.mjs in 527.19ms
i Compiled tailwind/expose/theme/gridColumnStart.mjs in 527.22ms
i Compiled tailwind/expose/theme/gridRow.mjs in 527.25ms
i Compiled tailwind/expose/theme/gridRowEnd.mjs in 527.27ms
i Compiled tailwind/expose/theme/gridRowStart.mjs in 527.29ms
i Compiled tailwind/expose/theme/gridTemplateColumns.mjs in 527.31ms
i Compiled tailwind/expose/theme/gridTemplateRows.mjs in 527.33ms
i Compiled tailwind/expose/theme/height.mjs in 527.35ms
i Compiled tailwind/expose/theme/hueRotate.mjs in 527.36ms
i Compiled tailwind/expose/theme/inset.mjs in 527.39ms
i Compiled tailwind/expose/theme/invert.mjs in 527.39ms
i Compiled tailwind/expose/theme/keyframes.mjs in 527.42ms
i Compiled tailwind/expose/theme/letterSpacing.mjs in 527.44ms
i Compiled tailwind/expose/theme/lineHeight.mjs in 527.47ms
i Compiled tailwind/expose/theme/listStyleType.mjs in 527.48ms
i Compiled tailwind/expose/theme/listStyleImage.mjs in 527.51ms
i Compiled tailwind/expose/theme/margin.mjs in 527.54ms
i Compiled tailwind/expose/theme/lineClamp.mjs in 527.56ms
i Compiled tailwind/expose/theme/maxHeight.mjs in 527.59ms
i Compiled tailwind/expose/theme/maxWidth.mjs in 527.6ms
i Compiled tailwind/expose/theme/minHeight.mjs in 527.6ms
i Compiled tailwind/expose/theme/minWidth.mjs in 527.62ms
i Compiled tailwind/expose/theme/objectPosition.mjs in 527.63ms
i Compiled tailwind/expose/theme/opacity.mjs in 527.65ms
i Compiled tailwind/expose/theme/order.mjs in 527.66ms
i Compiled tailwind/expose/theme/outlineColor.mjs in 527.68ms
i Compiled tailwind/expose/theme/outlineOffset.mjs in 527.52ms
i Compiled tailwind/expose/theme/outlineWidth.mjs in 527.55ms
i Compiled tailwind/expose/theme/padding.mjs in 527.57ms
i Compiled tailwind/expose/theme/placeholderColor.mjs in 527.58ms
i Compiled tailwind/expose/theme/placeholderOpacity.mjs in 527.5ms
i Compiled tailwind/expose/theme/ringColor.mjs in 527.53ms
i Compiled tailwind/expose/theme/ringOffsetColor.mjs in 527.36ms
i Compiled tailwind/expose/theme/ringOffsetWidth.mjs in 527.22ms
i Compiled tailwind/expose/theme/ringOpacity.mjs in 527.25ms
i Compiled tailwind/expose/theme/ringWidth.mjs in 527.25ms
i Compiled tailwind/expose/theme/rotate.mjs in 527.27ms
i Compiled tailwind/expose/theme/saturate.mjs in 527.29ms
i Compiled tailwind/expose/theme/scale.mjs in 527.31ms
i Compiled tailwind/expose/theme/screens.mjs in 527.33ms
i Compiled tailwind/expose/theme/scrollMargin.mjs in 527.35ms
i Compiled tailwind/expose/theme/scrollPadding.mjs in 527.36ms
i Compiled tailwind/expose/theme/sepia.mjs in 527.38ms
i Compiled tailwind/expose/theme/skew.mjs in 527.39ms
i Compiled tailwind/expose/theme/space.mjs in 527.42ms
i Compiled tailwind/expose/theme/spacing.mjs in 527.43ms
i Compiled tailwind/expose/theme/stroke.mjs in 527.44ms
i Compiled tailwind/expose/theme/accentColor.mjs in 566.37ms
i Compiled tailwind/expose/theme/animation.mjs in 566.25ms
i Compiled tailwind/expose/theme/aria.mjs in 566.27ms
i Compiled tailwind/expose/theme/aspectRatio.mjs in 566.3ms
i Compiled tailwind/expose/theme/backdropBlur.mjs in 566.33ms
i Compiled tailwind/expose/theme/backdropBrightness.mjs in 566.36ms
i Compiled tailwind/expose/theme/backdropContrast.mjs in 566.39ms
i Compiled tailwind/expose/theme/backdropGrayscale.mjs in 566.41ms
i Compiled tailwind/expose/theme/backdropHueRotate.mjs in 566.44ms
i Compiled tailwind/expose/theme/backdropInvert.mjs in 566.47ms
i Compiled tailwind/expose/theme/backdropOpacity.mjs in 566.5ms
i Compiled tailwind/expose/theme/backdropSaturate.mjs in 566.51ms
i Compiled tailwind/expose/theme/backdropSepia.mjs in 566.53ms
i Compiled tailwind/expose/theme/backgroundColor.mjs in 566.54ms
i Compiled tailwind/expose/theme/backgroundImage.mjs in 566.39ms
i Compiled tailwind/expose/theme/backgroundOpacity.mjs in 566.41ms
i Compiled tailwind/expose/theme/backgroundPosition.mjs in 566.43ms
i Compiled tailwind/expose/theme/backgroundSize.mjs in 566.45ms
i Compiled tailwind/expose/theme/blur.mjs in 566.48ms
i Compiled tailwind/expose/theme/borderColor.mjs in 566.51ms
i Compiled tailwind/expose/theme/borderOpacity.mjs in 566.12ms
i Compiled tailwind/expose/theme/borderRadius.mjs in 566.16ms
i Compiled tailwind/expose/theme/borderSpacing.mjs in 566.19ms
i Compiled tailwind/expose/theme/borderWidth.mjs in 566.19ms
i Compiled tailwind/expose/theme/boxShadow.mjs in 566.22ms
i Compiled tailwind/expose/theme/boxShadowColor.mjs in 566.23ms
i Compiled tailwind/expose/theme/brightness.mjs in 566.05ms
i Compiled tailwind/expose/theme/caretColor.mjs in 566.07ms
i Compiled tailwind/expose/theme/colors.mjs in 565.85ms
i Compiled tailwind/expose/theme/columns.mjs in 565.63ms
i Compiled tailwind/expose/theme/container.mjs in 565.64ms
i Compiled tailwind/expose/theme/content.mjs in 565.67ms
i Compiled tailwind/expose/theme/contrast.mjs in 565.69ms
i Compiled tailwind/expose/theme/cursor.mjs in 565.72ms
i Compiled tailwind/expose/theme/divideColor.mjs in 565.73ms
i Compiled tailwind/expose/theme/divideOpacity.mjs in 565.55ms
i Compiled tailwind/expose/theme/divideWidth.mjs in 565.57ms
i Compiled tailwind/expose/theme/dropShadow.mjs in 566.18ms
i Compiled tailwind/expose/theme/fill.mjs in 558.15ms
i Compiled tailwind/expose/theme/flex.mjs in 557.91ms
i Compiled tailwind/expose/theme/flexBasis.mjs in 557.93ms
i Compiled tailwind/expose/theme/flexGrow.mjs in 557.93ms
i Compiled tailwind/expose/theme/flexShrink.mjs in 557.95ms
i Compiled tailwind/expose/theme/fontFamily.mjs in 558.53ms
i Compiled tailwind/expose/theme/fontSize.mjs in 549.78ms
i Compiled tailwind/expose/theme/fontWeight.mjs in 531.48ms
i Compiled tailwind/expose/theme/gap.mjs in 531.48ms
i Compiled tailwind/expose/theme/gradientColorStops.mjs in 531.49ms
i Compiled tailwind/expose/theme/gradientColorStopPositions.mjs in 531.39ms
i Compiled tailwind/expose/theme/grayscale.mjs in 531.41ms
i Compiled tailwind/expose/theme/gridAutoColumns.mjs in 531.44ms
i Compiled tailwind/expose/theme/gridAutoRows.mjs in 531.48ms
i Compiled tailwind/expose/theme/gridColumn.mjs in 531.5ms
i Compiled tailwind/expose/theme/gridColumnEnd.mjs in 531.53ms
i Compiled tailwind/expose/theme/gridColumnStart.mjs in 531.55ms
i Compiled tailwind/expose/theme/gridRow.mjs in 531.58ms
i Compiled tailwind/expose/theme/gridRowEnd.mjs in 531.6ms
i Compiled tailwind/expose/theme/gridRowStart.mjs in 531.63ms
i Compiled tailwind/expose/theme/gridTemplateColumns.mjs in 531.65ms
i Compiled tailwind/expose/theme/gridTemplateRows.mjs in 531.67ms
i Compiled tailwind/expose/theme/height.mjs in 531.68ms
i Compiled tailwind/expose/theme/hueRotate.mjs in 531.68ms
i Compiled tailwind/expose/theme/inset.mjs in 531.71ms
i Compiled tailwind/expose/theme/invert.mjs in 531.72ms
i Compiled tailwind/expose/theme/keyframes.mjs in 531.75ms
i Compiled tailwind/expose/theme/letterSpacing.mjs in 531.78ms
i Compiled tailwind/expose/theme/lineHeight.mjs in 531.8ms
i Compiled tailwind/expose/theme/listStyleType.mjs in 531.82ms
i Compiled tailwind/expose/theme/listStyleImage.mjs in 531.84ms
i Compiled tailwind/expose/theme/margin.mjs in 531.87ms
i Compiled tailwind/expose/theme/lineClamp.mjs in 531.89ms
i Compiled tailwind/expose/theme/maxHeight.mjs in 531.91ms
i Compiled tailwind/expose/theme/maxWidth.mjs in 531.92ms
i Compiled tailwind/expose/theme/minHeight.mjs in 531.91ms
i Compiled tailwind/expose/theme/minWidth.mjs in 531.93ms
i Compiled tailwind/expose/theme/objectPosition.mjs in 531.95ms
i Compiled tailwind/expose/theme/opacity.mjs in 531.97ms
i Compiled tailwind/expose/theme/order.mjs in 531.98ms
i Compiled tailwind/expose/theme/outlineColor.mjs in 532ms
i Compiled tailwind/expose/theme/outlineOffset.mjs in 531.79ms
i Compiled tailwind/expose/theme/outlineWidth.mjs in 531.81ms
i Compiled tailwind/expose/theme/padding.mjs in 531.84ms
i Compiled tailwind/expose/theme/placeholderColor.mjs in 531.86ms
i Compiled tailwind/expose/theme/placeholderOpacity.mjs in 531.7ms
i Compiled tailwind/expose/theme/ringColor.mjs in 531.72ms
i Compiled tailwind/expose/theme/ringOffsetColor.mjs in 531.63ms
i Compiled tailwind/expose/theme/ringOffsetWidth.mjs in 531.54ms
i Compiled tailwind/expose/theme/ringOpacity.mjs in 531.57ms
i Compiled tailwind/expose/theme/ringWidth.mjs in 531.58ms
i Compiled tailwind/expose/theme/rotate.mjs in 531.61ms
i Compiled tailwind/expose/theme/saturate.mjs in 531.62ms
i Compiled tailwind/expose/theme/scale.mjs in 531.64ms
i Compiled tailwind/expose/theme/screens.mjs in 531.66ms
i Compiled tailwind/expose/theme/scrollMargin.mjs in 531.69ms
i Compiled tailwind/expose/theme/scrollPadding.mjs in 531.71ms
i Compiled tailwind/expose/theme/sepia.mjs in 531.72ms
i Compiled tailwind/expose/theme/skew.mjs in 531.74ms
i Compiled tailwind/expose/theme/space.mjs in 531.77ms
i Compiled tailwind/expose/theme/spacing.mjs in 531.78ms
i Compiled tailwind/expose/theme/stroke.mjs in 531.79ms
i Compiled tailwind/expose/theme/strokeWidth.mjs in 531.71ms
i Compiled tailwind/expose/theme/supports.mjs in 531.74ms
i Compiled tailwind/expose/theme/data.mjs in 531.68ms
i Compiled tailwind/expose/theme/textColor.mjs in 531.71ms
i Compiled tailwind/expose/theme/textDecorationColor.mjs in 531.62ms
i Compiled tailwind/expose/theme/textDecorationThickness.mjs in 531.53ms
i Compiled tailwind/expose/theme/textIndent.mjs in 531.56ms
i Compiled tailwind/expose/theme/textOpacity.mjs in 531.57ms
i Compiled tailwind/expose/theme/textUnderlineOffset.mjs in 531.58ms
i Compiled tailwind/expose/theme/transformOrigin.mjs in 531.6ms
i Compiled tailwind/expose/theme/transitionDelay.mjs in 531.62ms
i Compiled tailwind/expose/theme/transitionDuration.mjs in 531.64ms
i Compiled tailwind/expose/theme/transitionProperty.mjs in 531.67ms
i Compiled tailwind/expose/theme/transitionTimingFunction.mjs in 531.7ms
i Compiled tailwind/expose/theme/translate.mjs in 531.72ms
i Compiled tailwind/expose/theme/size.mjs in 531.73ms
i Compiled tailwind/expose/theme/width.mjs in 531.75ms
i Compiled tailwind/expose/theme/willChange.mjs in 531.75ms
i Compiled tailwind/expose/theme/zIndex.mjs in 531.77ms
i Compiled tailwind/expose/theme.mjs in 531.8ms
i Compiled tailwind/expose/corePlugins.mjs in 547.23ms
i Compiled tailwind/expose/theme/accentColor.mjs in 589.11ms
i Compiled tailwind/expose/theme/animation.mjs in 588.91ms
i Compiled tailwind/expose/theme/aria.mjs in 588.94ms
i Compiled tailwind/expose/theme/aspectRatio.mjs in 588.97ms
i Compiled tailwind/expose/theme/backdropBlur.mjs in 588.99ms
i Compiled tailwind/expose/theme/backdropBrightness.mjs in 589.02ms
i Compiled tailwind/expose/theme/backdropContrast.mjs in 589.04ms
i Compiled tailwind/expose/theme/backdropGrayscale.mjs in 589.05ms
i Compiled tailwind/expose/theme/backdropHueRotate.mjs in 589.09ms
i Compiled tailwind/expose/theme/backdropInvert.mjs in 589.11ms
i Compiled tailwind/expose/theme/backdropOpacity.mjs in 589.13ms
i Compiled tailwind/expose/theme/backdropSaturate.mjs in 589.14ms
i Compiled tailwind/expose/theme/backdropSepia.mjs in 589.16ms
i Compiled tailwind/expose/theme/backgroundColor.mjs in 589.18ms
i Compiled tailwind/expose/theme/backgroundImage.mjs in 588.86ms
i Compiled tailwind/expose/theme/backgroundOpacity.mjs in 588.88ms
i Compiled tailwind/expose/theme/backgroundPosition.mjs in 588.9ms
i Compiled tailwind/expose/theme/backgroundSize.mjs in 588.92ms
i Compiled tailwind/expose/theme/blur.mjs in 588.95ms
i Compiled tailwind/expose/theme/borderColor.mjs in 588.98ms
i Compiled tailwind/expose/theme/borderOpacity.mjs in 588.72ms
i Compiled tailwind/expose/theme/borderRadius.mjs in 588.76ms
i Compiled tailwind/expose/theme/borderSpacing.mjs in 588.77ms
i Compiled tailwind/expose/theme/borderWidth.mjs in 588.77ms
i Compiled tailwind/expose/theme/boxShadow.mjs in 588.79ms
i Compiled tailwind/expose/theme/boxShadowColor.mjs in 588.81ms
i Compiled tailwind/expose/theme/brightness.mjs in 588.53ms
i Compiled tailwind/expose/theme/caretColor.mjs in 588.55ms
i Compiled tailwind/expose/theme/colors.mjs in 588.42ms
i Compiled tailwind/expose/theme/columns.mjs in 588.12ms
i Compiled tailwind/expose/theme/container.mjs in 588.12ms
i Compiled tailwind/expose/theme/content.mjs in 588.14ms
i Compiled tailwind/expose/theme/contrast.mjs in 588.17ms
i Compiled tailwind/expose/theme/cursor.mjs in 588.19ms
i Compiled tailwind/expose/theme/divideColor.mjs in 588.19ms
i Compiled tailwind/expose/theme/divideOpacity.mjs in 588.05ms
i Compiled tailwind/expose/theme/divideWidth.mjs in 588.08ms
i Compiled tailwind/expose/theme/dropShadow.mjs in 588.8ms
i Compiled tailwind/expose/theme/fill.mjs in 577.17ms
i Compiled tailwind/expose/theme/flex.mjs in 576.97ms
i Compiled tailwind/expose/theme/flexBasis.mjs in 576.99ms
i Compiled tailwind/expose/theme/flexGrow.mjs in 576.98ms
i Compiled tailwind/expose/theme/flexShrink.mjs in 577ms
i Compiled tailwind/expose/theme/fontFamily.mjs in 577.62ms
i Compiled tailwind/expose/theme/fontSize.mjs in 564.22ms
i Compiled tailwind/expose/theme/accentColor.mjs in 573.07ms
i Compiled tailwind/expose/theme/animation.mjs in 572.63ms
i Compiled tailwind/expose/theme/aria.mjs in 572.67ms
i Compiled tailwind/expose/theme/aspectRatio.mjs in 572.68ms
i Compiled tailwind/expose/theme/backdropBlur.mjs in 572.71ms
i Compiled tailwind/expose/theme/backdropBrightness.mjs in 572.74ms
i Compiled tailwind/expose/theme/backdropContrast.mjs in 572.77ms
i Compiled tailwind/expose/theme/backdropGrayscale.mjs in 572.79ms
i Compiled tailwind/expose/theme/backdropHueRotate.mjs in 572.82ms
i Compiled tailwind/expose/theme/backdropInvert.mjs in 572.84ms
i Compiled tailwind/expose/theme/backdropOpacity.mjs in 572.87ms
i Compiled tailwind/expose/theme/backdropSaturate.mjs in 572.88ms
i Compiled tailwind/expose/theme/backdropSepia.mjs in 572.9ms
i Compiled tailwind/expose/theme/backgroundColor.mjs in 572.91ms
i Compiled tailwind/expose/theme/backgroundImage.mjs in 572.52ms
i Compiled tailwind/expose/theme/backgroundOpacity.mjs in 572.53ms
i Compiled tailwind/expose/theme/backgroundPosition.mjs in 572.55ms
i Compiled tailwind/expose/theme/backgroundSize.mjs in 572.58ms
i Compiled tailwind/expose/theme/blur.mjs in 572.61ms
i Compiled tailwind/expose/theme/borderColor.mjs in 572.63ms
i Compiled tailwind/expose/theme/borderOpacity.mjs in 572.37ms
i Compiled tailwind/expose/theme/borderRadius.mjs in 572.39ms
i Compiled tailwind/expose/theme/borderSpacing.mjs in 572.42ms
i Compiled tailwind/expose/theme/borderWidth.mjs in 572.42ms
i Compiled tailwind/expose/theme/boxShadow.mjs in 572.45ms
i Compiled tailwind/expose/theme/boxShadowColor.mjs in 572.47ms
i Compiled tailwind/expose/theme/brightness.mjs in 572.2ms
i Compiled tailwind/expose/theme/caretColor.mjs in 572.22ms
i Compiled tailwind/expose/theme/colors.mjs in 571.88ms
i Compiled tailwind/expose/theme/columns.mjs in 571.54ms
i Compiled tailwind/expose/theme/container.mjs in 571.54ms
i Compiled tailwind/expose/theme/content.mjs in 571.57ms
i Compiled tailwind/expose/theme/contrast.mjs in 571.59ms
i Compiled tailwind/expose/theme/cursor.mjs in 571.61ms
i Compiled tailwind/expose/theme/divideColor.mjs in 571.62ms
i Compiled tailwind/expose/theme/divideOpacity.mjs in 571.31ms
i Compiled tailwind/expose/theme/divideWidth.mjs in 571.33ms
i Compiled tailwind/expose/theme/dropShadow.mjs in 571.92ms
i Compiled tailwind/expose/theme/fill.mjs in 562ms
i Compiled tailwind/expose/theme/flex.mjs in 561.83ms
i Compiled tailwind/expose/theme/flexBasis.mjs in 561.84ms
i Compiled tailwind/expose/theme/flexGrow.mjs in 561.84ms
i Compiled tailwind/expose/theme/flexShrink.mjs in 561.86ms
i Compiled tailwind/expose/theme/fontFamily.mjs in 562.45ms
i Compiled tailwind/expose/theme/fontSize.mjs in 552.19ms
i Compiled tailwind/expose/theme/fontWeight.mjs in 531.62ms
i Compiled tailwind/expose/theme/gap.mjs in 531.63ms
i Compiled tailwind/expose/theme/gradientColorStops.mjs in 531.64ms
i Compiled tailwind/expose/theme/gradientColorStopPositions.mjs in 531.4ms
i Compiled tailwind/expose/theme/grayscale.mjs in 531.44ms
i Compiled tailwind/expose/theme/gridAutoColumns.mjs in 531.48ms
i Compiled tailwind/expose/theme/gridAutoRows.mjs in 531.5ms
i Compiled tailwind/expose/theme/gridColumn.mjs in 531.53ms
i Compiled tailwind/expose/theme/gridColumnEnd.mjs in 531.55ms
i Compiled tailwind/expose/theme/gridColumnStart.mjs in 531.57ms
i Compiled tailwind/expose/theme/gridRow.mjs in 531.61ms
i Compiled tailwind/expose/theme/gridRowEnd.mjs in 531.63ms
i Compiled tailwind/expose/theme/gridRowStart.mjs in 531.64ms
i Compiled tailwind/expose/theme/gridTemplateColumns.mjs in 531.66ms
i Compiled tailwind/expose/theme/gridTemplateRows.mjs in 531.68ms
i Compiled tailwind/expose/theme/height.mjs in 531.7ms
i Compiled tailwind/expose/theme/hueRotate.mjs in 531.71ms
i Compiled tailwind/expose/theme/inset.mjs in 531.74ms
i Compiled tailwind/expose/theme/invert.mjs in 531.74ms
i Compiled tailwind/expose/theme/keyframes.mjs in 531.78ms
i Compiled tailwind/expose/theme/letterSpacing.mjs in 531.8ms
i Compiled tailwind/expose/theme/lineHeight.mjs in 531.83ms
i Compiled tailwind/expose/theme/listStyleType.mjs in 531.85ms
i Compiled tailwind/expose/theme/listStyleImage.mjs in 531.87ms
i Compiled tailwind/expose/theme/margin.mjs in 531.89ms
i Compiled tailwind/expose/theme/lineClamp.mjs in 531.91ms
i Compiled tailwind/expose/theme/maxHeight.mjs in 531.93ms
i Compiled tailwind/expose/theme/maxWidth.mjs in 531.94ms
i Compiled tailwind/expose/theme/minHeight.mjs in 531.95ms
i Compiled tailwind/expose/theme/minWidth.mjs in 531.97ms
i Compiled tailwind/expose/theme/objectPosition.mjs in 531.99ms
i Compiled tailwind/expose/theme/opacity.mjs in 532.01ms
i Compiled tailwind/expose/theme/order.mjs in 532.02ms
i Compiled tailwind/expose/theme/outlineColor.mjs in 532.03ms
i Compiled tailwind/expose/theme/outlineOffset.mjs in 531.95ms
i Compiled tailwind/expose/theme/outlineWidth.mjs in 531.97ms
i Compiled tailwind/expose/theme/padding.mjs in 532ms
i Compiled tailwind/expose/theme/placeholderColor.mjs in 532.01ms
i Compiled tailwind/expose/theme/placeholderOpacity.mjs in 531.93ms
i Compiled tailwind/expose/theme/ringColor.mjs in 531.95ms
i Compiled tailwind/expose/theme/ringOffsetColor.mjs in 531.72ms
i Compiled tailwind/expose/theme/ringOffsetWidth.mjs in 531.53ms
i Compiled tailwind/expose/theme/ringOpacity.mjs in 531.56ms
i Compiled tailwind/expose/theme/ringWidth.mjs in 531.57ms
i Compiled tailwind/expose/theme/rotate.mjs in 531.59ms
i Compiled tailwind/expose/theme/saturate.mjs in 531.61ms
i Compiled tailwind/expose/theme/scale.mjs in 531.63ms
i Compiled tailwind/expose/theme/screens.mjs in 531.65ms
i Compiled tailwind/expose/theme/scrollMargin.mjs in 531.68ms
i Compiled tailwind/expose/theme/scrollPadding.mjs in 531.69ms
i Compiled tailwind/expose/theme/sepia.mjs in 531.7ms
i Compiled tailwind/expose/theme/skew.mjs in 531.73ms
i Compiled tailwind/expose/theme/space.mjs in 531.75ms
i Compiled tailwind/expose/theme/spacing.mjs in 531.76ms
i Compiled tailwind/expose/theme/stroke.mjs in 531.78ms
i Compiled tailwind/expose/theme/strokeWidth.mjs in 531.59ms
i Compiled tailwind/expose/theme/supports.mjs in 531.61ms
i Compiled tailwind/expose/theme/data.mjs in 531.63ms
i Compiled tailwind/expose/theme/textColor.mjs in 531.66ms
i Compiled tailwind/expose/theme/textDecorationColor.mjs in 531.34ms
i Compiled tailwind/expose/theme/textDecorationThickness.mjs in 531.17ms
i Compiled tailwind/expose/theme/textIndent.mjs in 531.19ms
i Compiled tailwind/expose/theme/textOpacity.mjs in 531.2ms
i Compiled tailwind/expose/theme/textUnderlineOffset.mjs in 531.22ms
i Compiled tailwind/expose/theme/transformOrigin.mjs in 531.24ms
i Compiled tailwind/expose/theme/transitionDelay.mjs in 531.26ms
i Compiled tailwind/expose/theme/transitionDuration.mjs in 531.28ms
i Compiled tailwind/expose/theme/transitionProperty.mjs in 531.3ms
i Compiled tailwind/expose/theme/transitionTimingFunction.mjs in 531.32ms
i Compiled tailwind/expose/theme/translate.mjs in 531.34ms
i Compiled tailwind/expose/theme/size.mjs in 531.35ms
i Compiled tailwind/expose/theme/width.mjs in 531.35ms
i Compiled tailwind/expose/theme/willChange.mjs in 531.35ms
i Compiled tailwind/expose/theme/zIndex.mjs in 531.37ms
i Compiled tailwind/expose/theme.mjs in 531.39ms
i Compiled tailwind/expose/corePlugins.mjs in 545.58ms
i Compiled tailwind/expose/theme/accentColor.mjs in 571.95ms
i Compiled tailwind/expose/theme/animation.mjs in 571.77ms
i Compiled tailwind/expose/theme/aria.mjs in 571.79ms
i Compiled tailwind/expose/theme/aspectRatio.mjs in 571.81ms
i Compiled tailwind/expose/theme/backdropBlur.mjs in 571.83ms
i Compiled tailwind/expose/theme/backdropBrightness.mjs in 571.85ms
i Compiled tailwind/expose/theme/backdropContrast.mjs in 571.87ms
i Compiled tailwind/expose/theme/backdropGrayscale.mjs in 571.9ms
i Compiled tailwind/expose/theme/backdropHueRotate.mjs in 571.93ms
i Compiled tailwind/expose/theme/backdropInvert.mjs in 571.95ms
i Compiled tailwind/expose/theme/backdropOpacity.mjs in 571.97ms
i Compiled tailwind/expose/theme/backdropSaturate.mjs in 571.98ms
i Compiled tailwind/expose/theme/backdropSepia.mjs in 572ms
i Compiled tailwind/expose/theme/backgroundColor.mjs in 572.04ms
i Compiled tailwind/expose/theme/backgroundImage.mjs in 571.8ms
i Compiled tailwind/expose/theme/backgroundOpacity.mjs in 571.82ms
i Compiled tailwind/expose/theme/backgroundPosition.mjs in 571.85ms
i Compiled tailwind/expose/theme/backgroundSize.mjs in 571.87ms
i Compiled tailwind/expose/theme/blur.mjs in 571.9ms
i Compiled tailwind/expose/theme/borderColor.mjs in 571.92ms
i Compiled tailwind/expose/theme/borderOpacity.mjs in 571.63ms
i Compiled tailwind/expose/theme/borderRadius.mjs in 571.64ms
i Compiled tailwind/expose/theme/borderSpacing.mjs in 571.65ms
i Compiled tailwind/expose/theme/borderWidth.mjs in 571.7ms
i Compiled tailwind/expose/theme/boxShadow.mjs in 571.85ms
i Compiled tailwind/expose/theme/boxShadowColor.mjs in 571.93ms
i Compiled tailwind/expose/theme/brightness.mjs in 571.71ms
i Compiled tailwind/expose/theme/caretColor.mjs in 571.76ms
i Compiled tailwind/expose/theme/colors.mjs in 571.49ms
i Compiled tailwind/expose/theme/columns.mjs in 571.05ms
i Compiled tailwind/expose/theme/container.mjs in 571.07ms
i Compiled tailwind/expose/theme/content.mjs in 571.13ms
i Compiled tailwind/expose/theme/contrast.mjs in 571.23ms
i Compiled tailwind/expose/theme/cursor.mjs in 571.28ms
i Compiled tailwind/expose/theme/divideColor.mjs in 571.31ms
i Compiled tailwind/expose/theme/divideOpacity.mjs in 571.05ms
i Compiled tailwind/expose/theme/divideWidth.mjs in 571.1ms
i Compiled tailwind/expose/theme/dropShadow.mjs in 571.76ms
i Compiled tailwind/expose/theme/fill.mjs in 559.54ms
i Compiled tailwind/expose/theme/flex.mjs in 559.4ms
i Compiled tailwind/expose/theme/flexBasis.mjs in 559.44ms
i Compiled tailwind/expose/theme/flexGrow.mjs in 559.45ms
i Compiled tailwind/expose/theme/flexShrink.mjs in 559.48ms
i Compiled tailwind/expose/theme/fontFamily.mjs in 560.13ms
i Compiled tailwind/expose/theme/fontSize.mjs in 546.84ms
i Compiled tailwind/expose/theme/accentColor.mjs in 577.49ms
i Compiled tailwind/expose/theme/animation.mjs in 577.48ms
i Compiled tailwind/expose/theme/aria.mjs in 577.52ms
i Compiled tailwind/expose/theme/aspectRatio.mjs in 577.54ms
i Compiled tailwind/expose/theme/backdropBlur.mjs in 577.57ms
i Compiled tailwind/expose/theme/backdropBrightness.mjs in 577.6ms
i Compiled tailwind/expose/theme/backdropContrast.mjs in 577.62ms
i Compiled tailwind/expose/theme/backdropGrayscale.mjs in 577.65ms
i Compiled tailwind/expose/theme/backdropHueRotate.mjs in 577.68ms
i Compiled tailwind/expose/theme/backdropInvert.mjs in 577.71ms
i Compiled tailwind/expose/theme/backdropOpacity.mjs in 577.73ms
i Compiled tailwind/expose/theme/backdropSaturate.mjs in 577.75ms
i Compiled tailwind/expose/theme/backdropSepia.mjs in 577.78ms
i Compiled tailwind/expose/theme/backgroundColor.mjs in 577.81ms
i Compiled tailwind/expose/theme/backgroundImage.mjs in 577.58ms
i Compiled tailwind/expose/theme/backgroundOpacity.mjs in 577.6ms
i Compiled tailwind/expose/theme/backgroundPosition.mjs in 577.62ms
i Compiled tailwind/expose/theme/backgroundSize.mjs in 577.64ms
i Compiled tailwind/expose/theme/blur.mjs in 577.67ms
i Compiled tailwind/expose/theme/borderColor.mjs in 577.69ms
i Compiled tailwind/expose/theme/borderOpacity.mjs in 577.49ms
i Compiled tailwind/expose/theme/borderRadius.mjs in 577.51ms
i Compiled tailwind/expose/theme/borderSpacing.mjs in 577.53ms
i Compiled tailwind/expose/theme/borderWidth.mjs in 577.53ms
i Compiled tailwind/expose/theme/boxShadow.mjs in 577.56ms
i Compiled tailwind/expose/theme/boxShadowColor.mjs in 577.58ms
i Compiled tailwind/expose/theme/brightness.mjs in 577.3ms
i Compiled tailwind/expose/theme/caretColor.mjs in 577.32ms
i Compiled tailwind/expose/theme/colors.mjs in 577.1ms
i Compiled tailwind/expose/theme/columns.mjs in 576.78ms
i Compiled tailwind/expose/theme/container.mjs in 576.79ms
i Compiled tailwind/expose/theme/content.mjs in 576.81ms
i Compiled tailwind/expose/theme/contrast.mjs in 576.83ms
i Compiled tailwind/expose/theme/cursor.mjs in 576.86ms
i Compiled tailwind/expose/theme/divideColor.mjs in 576.87ms
i Compiled tailwind/expose/theme/divideOpacity.mjs in 576.57ms
i Compiled tailwind/expose/theme/divideWidth.mjs in 576.62ms
i Compiled tailwind/expose/theme/dropShadow.mjs in 577.2ms
i Compiled tailwind/expose/theme/fill.mjs in 568.16ms
i Compiled tailwind/expose/theme/flex.mjs in 567.81ms
i Compiled tailwind/expose/theme/flexBasis.mjs in 567.82ms
i Compiled tailwind/expose/theme/flexGrow.mjs in 567.81ms
i Compiled tailwind/expose/theme/flexShrink.mjs in 567.83ms
i Compiled tailwind/expose/theme/fontFamily.mjs in 568.49ms
i Compiled tailwind/expose/theme/fontSize.mjs in 554.13ms
i Compiled tailwind/expose/theme/fontWeight.mjs in 531.43ms
i Compiled tailwind/expose/theme/gap.mjs in 531.41ms
i Compiled tailwind/expose/theme/gradientColorStops.mjs in 531.41ms
i Compiled tailwind/expose/theme/gradientColorStopPositions.mjs in 531.25ms
i Compiled tailwind/expose/theme/grayscale.mjs in 531.26ms
i Compiled tailwind/expose/theme/gridAutoColumns.mjs in 531.28ms
i Compiled tailwind/expose/theme/gridAutoRows.mjs in 531.31ms
i Compiled tailwind/expose/theme/gridColumn.mjs in 531.33ms
i Compiled tailwind/expose/theme/gridColumnEnd.mjs in 531.35ms
i Compiled tailwind/expose/theme/gridColumnStart.mjs in 531.37ms
i Compiled tailwind/expose/theme/gridRow.mjs in 531.4ms
i Compiled tailwind/expose/theme/gridRowEnd.mjs in 531.41ms
i Compiled tailwind/expose/theme/gridRowStart.mjs in 531.43ms
i Compiled tailwind/expose/theme/gridTemplateColumns.mjs in 531.45ms
i Compiled tailwind/expose/theme/gridTemplateRows.mjs in 531.47ms
i Compiled tailwind/expose/theme/height.mjs in 531.47ms
i Compiled tailwind/expose/theme/hueRotate.mjs in 531.47ms
i Compiled tailwind/expose/theme/inset.mjs in 531.49ms
i Compiled tailwind/expose/theme/invert.mjs in 531.5ms
i Compiled tailwind/expose/theme/keyframes.mjs in 531.52ms
i Compiled tailwind/expose/theme/letterSpacing.mjs in 531.55ms
i Compiled tailwind/expose/theme/lineHeight.mjs in 531.56ms
i Compiled tailwind/expose/theme/listStyleType.mjs in 531.58ms
i Compiled tailwind/expose/theme/listStyleImage.mjs in 531.6ms
i Compiled tailwind/expose/theme/margin.mjs in 531.62ms
i Compiled tailwind/expose/theme/lineClamp.mjs in 531.63ms
i Compiled tailwind/expose/theme/maxHeight.mjs in 531.65ms
i Compiled tailwind/expose/theme/maxWidth.mjs in 531.66ms
i Compiled tailwind/expose/theme/minHeight.mjs in 531.64ms
i Compiled tailwind/expose/theme/minWidth.mjs in 531.65ms
i Compiled tailwind/expose/theme/objectPosition.mjs in 531.66ms
i Compiled tailwind/expose/theme/opacity.mjs in 531.68ms
i Compiled tailwind/expose/theme/order.mjs in 531.69ms
i Compiled tailwind/expose/theme/outlineColor.mjs in 531.7ms
i Compiled tailwind/expose/theme/accentColor.mjs in 582.35ms
i Compiled tailwind/expose/theme/animation.mjs in 582.39ms
i Compiled tailwind/expose/theme/aria.mjs in 582.42ms
i Compiled tailwind/expose/theme/aspectRatio.mjs in 582.44ms
i Compiled tailwind/expose/theme/backdropBlur.mjs in 582.47ms
i Compiled tailwind/expose/theme/backdropBrightness.mjs in 582.5ms
i Compiled tailwind/expose/theme/backdropContrast.mjs in 582.53ms
i Compiled tailwind/expose/theme/backdropGrayscale.mjs in 582.55ms
i Compiled tailwind/expose/theme/backdropHueRotate.mjs in 582.58ms
i Compiled tailwind/expose/theme/backdropInvert.mjs in 582.6ms
i Compiled tailwind/expose/theme/backdropOpacity.mjs in 582.63ms
i Compiled tailwind/expose/theme/backdropSaturate.mjs in 582.65ms
i Compiled tailwind/expose/theme/backdropSepia.mjs in 582.68ms
i Compiled tailwind/expose/theme/backgroundColor.mjs in 582.7ms
i Compiled tailwind/expose/theme/backgroundImage.mjs in 582.54ms
i Compiled tailwind/expose/theme/backgroundOpacity.mjs in 582.56ms
i Compiled tailwind/expose/theme/backgroundPosition.mjs in 582.58ms
i Compiled tailwind/expose/theme/backgroundSize.mjs in 582.61ms
i Compiled tailwind/expose/theme/blur.mjs in 582.64ms
i Compiled tailwind/expose/theme/borderColor.mjs in 582.66ms
i Compiled tailwind/expose/theme/borderOpacity.mjs in 582.54ms
i Compiled tailwind/expose/theme/borderRadius.mjs in 582.56ms
i Compiled tailwind/expose/theme/borderSpacing.mjs in 582.58ms
i Compiled tailwind/expose/theme/borderWidth.mjs in 582.59ms
i Compiled tailwind/expose/theme/boxShadow.mjs in 582.62ms
i Compiled tailwind/expose/theme/boxShadowColor.mjs in 582.64ms
i Compiled tailwind/expose/theme/brightness.mjs in 582.55ms
i Compiled tailwind/expose/theme/caretColor.mjs in 582.58ms
i Compiled tailwind/expose/theme/colors.mjs in 582.36ms
i Compiled tailwind/expose/theme/columns.mjs in 582.27ms
i Compiled tailwind/expose/theme/container.mjs in 582.28ms
i Compiled tailwind/expose/theme/content.mjs in 582.3ms
i Compiled tailwind/expose/theme/contrast.mjs in 582.33ms
i Compiled tailwind/expose/theme/cursor.mjs in 582.36ms
i Compiled tailwind/expose/theme/divideColor.mjs in 582.36ms
i Compiled tailwind/expose/theme/divideOpacity.mjs in 582.27ms
i Compiled tailwind/expose/theme/divideWidth.mjs in 582.3ms
i Compiled tailwind/expose/theme/dropShadow.mjs in 582.87ms
i Compiled tailwind/expose/theme/fill.mjs in 574.29ms
i Compiled tailwind/expose/theme/flex.mjs in 574.15ms
i Compiled tailwind/expose/theme/flexBasis.mjs in 574.17ms
i Compiled tailwind/expose/theme/flexGrow.mjs in 574.05ms
i Compiled tailwind/expose/theme/flexShrink.mjs in 574.07ms
i Compiled tailwind/expose/theme/fontFamily.mjs in 574.64ms
i Compiled tailwind/expose/theme/fontSize.mjs in 565.87ms
i Compiled tailwind/expose/theme/fontWeight.mjs in 545.64ms
i Compiled tailwind/expose/theme/gap.mjs in 545.63ms
i Compiled tailwind/expose/theme/gradientColorStops.mjs in 545.64ms
i Compiled tailwind/expose/theme/gradientColorStopPositions.mjs in 545.4ms
i Compiled tailwind/expose/theme/grayscale.mjs in 545.41ms
i Compiled tailwind/expose/theme/gridAutoColumns.mjs in 545.44ms
i Compiled tailwind/expose/theme/gridAutoRows.mjs in 545.47ms
i Compiled tailwind/expose/theme/gridColumn.mjs in 545.49ms
i Compiled tailwind/expose/theme/gridColumnEnd.mjs in 545.52ms
i Compiled tailwind/expose/theme/gridColumnStart.mjs in 545.55ms
i Compiled tailwind/expose/theme/gridRow.mjs in 545.58ms
i Compiled tailwind/expose/theme/gridRowEnd.mjs in 545.6ms
i Compiled tailwind/expose/theme/gridRowStart.mjs in 545.62ms
i Compiled tailwind/expose/theme/gridTemplateColumns.mjs in 545.64ms
i Compiled tailwind/expose/theme/gridTemplateRows.mjs in 545.67ms
i Compiled tailwind/expose/theme/height.mjs in 545.68ms
i Compiled tailwind/expose/theme/hueRotate.mjs in 545.69ms
i Compiled tailwind/expose/theme/inset.mjs in 545.75ms
i Compiled tailwind/expose/theme/invert.mjs in 545.78ms
i Compiled tailwind/expose/theme/keyframes.mjs in 545.81ms
i Compiled tailwind/expose/theme/letterSpacing.mjs in 545.84ms
i Compiled tailwind/expose/theme/lineHeight.mjs in 545.86ms
i Compiled tailwind/expose/theme/listStyleType.mjs in 545.88ms
i Compiled tailwind/expose/theme/listStyleImage.mjs in 545.9ms
i Compiled tailwind/expose/theme/margin.mjs in 545.94ms
i Compiled tailwind/expose/theme/lineClamp.mjs in 545.94ms
i Compiled tailwind/expose/theme/maxHeight.mjs in 545.97ms
i Compiled tailwind/expose/theme/maxWidth.mjs in 545.98ms
i Compiled tailwind/expose/theme/minHeight.mjs in 545.98ms
i Compiled tailwind/expose/theme/minWidth.mjs in 546ms
i Compiled tailwind/expose/theme/objectPosition.mjs in 546.01ms
i Compiled tailwind/expose/theme/opacity.mjs in 546.03ms
i Compiled tailwind/expose/theme/order.mjs in 546.05ms
i Compiled tailwind/expose/theme/outlineColor.mjs in 546.07ms
i Compiled tailwind/expose/theme/outlineOffset.mjs in 545.88ms
i Compiled tailwind/expose/theme/outlineWidth.mjs in 545.93ms
i Compiled tailwind/expose/theme/padding.mjs in 545.95ms
i Compiled tailwind/expose/theme/placeholderColor.mjs in 545.96ms
i Compiled tailwind/expose/theme/placeholderOpacity.mjs in 545.69ms
i Compiled tailwind/expose/theme/ringColor.mjs in 545.71ms
i Compiled tailwind/expose/theme/ringOffsetColor.mjs in 545.51ms
i Compiled tailwind/expose/theme/ringOffsetWidth.mjs in 545.32ms
i Compiled tailwind/expose/theme/ringOpacity.mjs in 545.34ms
i Compiled tailwind/expose/theme/ringWidth.mjs in 545.36ms
i Compiled tailwind/expose/theme/rotate.mjs in 545.38ms
i Compiled tailwind/expose/theme/saturate.mjs in 545.39ms
i Compiled tailwind/expose/theme/scale.mjs in 545.42ms
i Compiled tailwind/expose/theme/screens.mjs in 545.44ms
i Compiled tailwind/expose/theme/scrollMargin.mjs in 545.47ms
i Compiled tailwind/expose/theme/scrollPadding.mjs in 545.48ms
i Compiled tailwind/expose/theme/sepia.mjs in 545.5ms
i Compiled tailwind/expose/theme/skew.mjs in 545.52ms
i Compiled tailwind/expose/theme/space.mjs in 545.54ms
i Compiled tailwind/expose/theme/spacing.mjs in 545.55ms
i Compiled tailwind/expose/theme/stroke.mjs in 545.56ms
i Compiled tailwind/expose/theme/strokeWidth.mjs in 545.48ms
i Compiled tailwind/expose/theme/supports.mjs in 545.5ms
i Compiled tailwind/expose/theme/data.mjs in 545.42ms
i Compiled tailwind/expose/theme/textColor.mjs in 545.44ms
i Compiled tailwind/expose/theme/textDecorationColor.mjs in 545.26ms
i Compiled tailwind/expose/theme/textDecorationThickness.mjs in 545.06ms
i Compiled tailwind/expose/theme/textIndent.mjs in 545.08ms
i Compiled tailwind/expose/theme/textOpacity.mjs in 545.09ms
i Compiled tailwind/expose/theme/textUnderlineOffset.mjs in 545.11ms
i Compiled tailwind/expose/theme/transformOrigin.mjs in 545.13ms
i Compiled tailwind/expose/theme/transitionDelay.mjs in 545.15ms
i Compiled tailwind/expose/theme/transitionDuration.mjs in 545.19ms
i Compiled tailwind/expose/theme/transitionProperty.mjs in 545.26ms
i Compiled tailwind/expose/theme/transitionTimingFunction.mjs in 545.3ms
i Compiled tailwind/expose/theme/translate.mjs in 545.33ms
i Compiled tailwind/expose/theme/size.mjs in 545.35ms
i Compiled tailwind/expose/theme/width.mjs in 545.37ms
i Compiled tailwind/expose/theme/willChange.mjs in 545.37ms
i Compiled tailwind/expose/theme/zIndex.mjs in 545.39ms
i Compiled tailwind/expose/theme.mjs in 545.42ms
i Compiled tailwind/expose/corePlugins.mjs in 558.79ms
i Compiled tailwind/expose/theme/accentColor.mjs in 601.4ms
i Compiled tailwind/expose/theme/animation.mjs in 586.28ms
i Compiled tailwind/expose/theme/aria.mjs in 586.29ms
i Compiled tailwind/expose/theme/aspectRatio.mjs in 586.31ms
i Compiled tailwind/expose/theme/backdropBlur.mjs in 586.33ms
i Compiled tailwind/expose/theme/backdropBrightness.mjs in 586.37ms
i Compiled tailwind/expose/theme/backdropContrast.mjs in 586.39ms
i Compiled tailwind/expose/theme/backdropGrayscale.mjs in 581.34ms
i Compiled tailwind/expose/theme/backdropHueRotate.mjs in 581.36ms
i Compiled tailwind/expose/theme/backdropInvert.mjs in 581.38ms
i Compiled tailwind/expose/theme/backdropOpacity.mjs in 581.4ms
i Compiled tailwind/expose/theme/backdropSaturate.mjs in 581.42ms
i Compiled tailwind/expose/theme/backdropSepia.mjs in 581.44ms
i Compiled tailwind/expose/theme/backgroundColor.mjs in 581.46ms
i Compiled tailwind/expose/theme/backgroundImage.mjs in 581.32ms
i Compiled tailwind/expose/theme/backgroundOpacity.mjs in 581.33ms
i Compiled tailwind/expose/theme/backgroundPosition.mjs in 581.34ms
i Compiled tailwind/expose/theme/backgroundSize.mjs in 581.37ms
i Compiled tailwind/expose/theme/blur.mjs in 581.4ms
i Compiled tailwind/expose/theme/borderColor.mjs in 581.44ms
i Compiled tailwind/expose/theme/borderOpacity.mjs in 581.19ms
i Compiled tailwind/expose/theme/borderRadius.mjs in 581.21ms
i Compiled tailwind/expose/theme/borderSpacing.mjs in 581.22ms
i Compiled tailwind/expose/theme/borderWidth.mjs in 581.23ms
i Compiled tailwind/expose/theme/boxShadow.mjs in 581.25ms
i Compiled tailwind/expose/theme/boxShadowColor.mjs in 581.27ms
i Compiled tailwind/expose/theme/brightness.mjs in 581.14ms
i Compiled tailwind/expose/theme/caretColor.mjs in 581.16ms
i Compiled tailwind/expose/theme/colors.mjs in 581.03ms
i Compiled tailwind/expose/theme/columns.mjs in 580.89ms
i Compiled tailwind/expose/theme/container.mjs in 580.89ms
i Compiled tailwind/expose/theme/content.mjs in 580.91ms
i Compiled tailwind/expose/theme/contrast.mjs in 580.94ms
i Compiled tailwind/expose/theme/cursor.mjs in 580.98ms
i Compiled tailwind/expose/theme/divideColor.mjs in 580.97ms
i Compiled tailwind/expose/theme/divideOpacity.mjs in 580.73ms
i Compiled tailwind/expose/theme/divideWidth.mjs in 580.74ms
i Compiled tailwind/expose/theme/dropShadow.mjs in 581.43ms
i Compiled tailwind/expose/theme/fill.mjs in 569.92ms
i Compiled tailwind/expose/theme/flex.mjs in 569.59ms
i Compiled tailwind/expose/theme/flexBasis.mjs in 569.61ms
i Compiled tailwind/expose/theme/flexGrow.mjs in 569.61ms
i Compiled tailwind/expose/theme/flexShrink.mjs in 569.63ms
i Compiled tailwind/expose/theme/fontFamily.mjs in 570.31ms
i Compiled tailwind/expose/theme/fontSize.mjs in 559.41ms
i Compiled tailwind/expose/theme/fontWeight.mjs in 538.75ms
i Compiled tailwind/expose/theme/gap.mjs in 538.75ms
i Compiled tailwind/expose/theme/gradientColorStops.mjs in 538.76ms
i Compiled tailwind/expose/theme/gradientColorStopPositions.mjs in 538.5ms
i Compiled tailwind/expose/theme/grayscale.mjs in 538.52ms
i Compiled tailwind/expose/theme/gridAutoColumns.mjs in 538.55ms
i Compiled tailwind/expose/theme/gridAutoRows.mjs in 538.57ms
i Compiled tailwind/expose/theme/gridColumn.mjs in 538.59ms
i Compiled tailwind/expose/theme/gridColumnEnd.mjs in 538.64ms
i Compiled tailwind/expose/theme/gridColumnStart.mjs in 538.68ms
i Compiled tailwind/expose/theme/gridRow.mjs in 538.71ms
i Compiled tailwind/expose/theme/gridRowEnd.mjs in 538.73ms
i Compiled tailwind/expose/theme/gridRowStart.mjs in 538.75ms
i Compiled tailwind/expose/theme/gridTemplateColumns.mjs in 538.77ms
i Compiled tailwind/expose/theme/gridTemplateRows.mjs in 538.8ms
i Compiled tailwind/expose/theme/height.mjs in 538.82ms
i Compiled tailwind/expose/theme/hueRotate.mjs in 538.82ms
i Compiled tailwind/expose/theme/inset.mjs in 538.85ms
i Compiled tailwind/expose/theme/invert.mjs in 538.85ms
i Compiled tailwind/expose/theme/keyframes.mjs in 538.87ms
i Compiled tailwind/expose/theme/letterSpacing.mjs in 538.9ms
i Compiled tailwind/expose/theme/lineHeight.mjs in 538.92ms
i Compiled tailwind/expose/theme/listStyleType.mjs in 538.94ms
i Compiled tailwind/expose/theme/listStyleImage.mjs in 538.97ms
i Compiled tailwind/expose/theme/margin.mjs in 538.99ms
i Compiled tailwind/expose/theme/lineClamp.mjs in 539.01ms
i Compiled tailwind/expose/theme/maxHeight.mjs in 539.05ms
i Compiled tailwind/expose/theme/maxWidth.mjs in 539.06ms
i Compiled tailwind/expose/theme/minHeight.mjs in 539.07ms
i Compiled tailwind/expose/theme/minWidth.mjs in 539.09ms
i Compiled tailwind/expose/theme/objectPosition.mjs in 539.11ms
i Compiled tailwind/expose/theme/opacity.mjs in 539.15ms
i Compiled tailwind/expose/theme/order.mjs in 539.17ms
i Compiled tailwind/expose/theme/outlineColor.mjs in 539.19ms
i Compiled tailwind/expose/theme/outlineOffset.mjs in 539.04ms
i Compiled tailwind/expose/theme/outlineWidth.mjs in 539.06ms
i Compiled tailwind/expose/theme/padding.mjs in 539.09ms
i Compiled tailwind/expose/theme/placeholderColor.mjs in 539.1ms
i Compiled tailwind/expose/theme/placeholderOpacity.mjs in 538.89ms
i Compiled tailwind/expose/theme/ringColor.mjs in 538.91ms
i Compiled tailwind/expose/theme/ringOffsetColor.mjs in 538.77ms
i Compiled tailwind/expose/theme/ringOffsetWidth.mjs in 538.49ms
i Compiled tailwind/expose/theme/ringOpacity.mjs in 538.54ms
i Compiled tailwind/expose/theme/ringWidth.mjs in 538.61ms
i Compiled tailwind/expose/theme/rotate.mjs in 538.66ms
i Compiled tailwind/expose/theme/saturate.mjs in 538.69ms
i Compiled tailwind/expose/theme/scale.mjs in 538.74ms
i Compiled tailwind/expose/theme/screens.mjs in 538.79ms
i Compiled tailwind/expose/theme/scrollMargin.mjs in 538.82ms
i Compiled tailwind/expose/theme/scrollPadding.mjs in 538.83ms
i Compiled tailwind/expose/theme/sepia.mjs in 538.86ms
i Compiled tailwind/expose/theme/skew.mjs in 538.88ms
i Compiled tailwind/expose/theme/space.mjs in 538.91ms
i Compiled tailwind/expose/theme/spacing.mjs in 538.94ms
i Compiled tailwind/expose/theme/stroke.mjs in 538.95ms
i Compiled tailwind/expose/theme/strokeWidth.mjs in 538.88ms
i Compiled tailwind/expose/theme/supports.mjs in 538.91ms
i Compiled tailwind/expose/theme/data.mjs in 538.94ms
i Compiled tailwind/expose/theme/textColor.mjs in 538.96ms
i Compiled tailwind/expose/theme/textDecorationColor.mjs in 538.76ms
i Compiled tailwind/expose/theme/textDecorationThickness.mjs in 538.56ms
i Compiled tailwind/expose/theme/textIndent.mjs in 538.59ms
i Compiled tailwind/expose/theme/textOpacity.mjs in 538.61ms
i Compiled tailwind/expose/theme/textUnderlineOffset.mjs in 538.63ms
i Compiled tailwind/expose/theme/transformOrigin.mjs in 538.66ms
i Compiled tailwind/expose/theme/transitionDelay.mjs in 538.69ms
i Compiled tailwind/expose/theme/transitionDuration.mjs in 538.72ms
i Compiled tailwind/expose/theme/transitionProperty.mjs in 538.76ms
i Compiled tailwind/expose/theme/transitionTimingFunction.mjs in 538.79ms
i Compiled tailwind/expose/theme/translate.mjs in 538.82ms
i Compiled tailwind/expose/theme/size.mjs in 538.84ms
i Compiled tailwind/expose/theme/width.mjs in 538.85ms
i Compiled tailwind/expose/theme/willChange.mjs in 538.84ms
i Compiled tailwind/expose/theme/zIndex.mjs in 538.86ms
i Compiled tailwind/expose/theme.mjs in 538.9ms
i Compiled tailwind/expose/corePlugins.mjs in 553.51ms

 WARN  'manifest-route-rule' middleware already exists at 'D:/domains/ratingo-admin/node_modules/nuxt/dist/app/middleware/manifest-route-rule.js'. You can set override: true to replace it.


 WARN  'manifest-route-rule' middleware already exists at 'D:/domains/ratingo-admin/node_modules/nuxt/dist/app/middleware/manifest-route-rule.js'. You can set override: true to replace it.

i Compiled tailwind/expose/theme/accentColor.mjs in 594.77ms
i Compiled tailwind/expose/theme/animation.mjs in 594.66ms
i Compiled tailwind/expose/theme/aria.mjs in 594.7ms
i Compiled tailwind/expose/theme/aspectRatio.mjs in 594.72ms
i Compiled tailwind/expose/theme/backdropBlur.mjs in 594.75ms
i Compiled tailwind/expose/theme/backdropBrightness.mjs in 594.78ms
i Compiled tailwind/expose/theme/backdropContrast.mjs in 594.8ms
i Compiled tailwind/expose/theme/backdropGrayscale.mjs in 594.83ms
i Compiled tailwind/expose/theme/backdropHueRotate.mjs in 594.86ms
i Compiled tailwind/expose/theme/backdropInvert.mjs in 594.89ms
i Compiled tailwind/expose/theme/backdropOpacity.mjs in 594.91ms
i Compiled tailwind/expose/theme/backdropSaturate.mjs in 594.93ms
i Compiled tailwind/expose/theme/backdropSepia.mjs in 594.96ms
i Compiled tailwind/expose/theme/backgroundColor.mjs in 594.98ms
i Compiled tailwind/expose/theme/backgroundImage.mjs in 594.8ms
i Compiled tailwind/expose/theme/backgroundOpacity.mjs in 594.83ms
i Compiled tailwind/expose/theme/backgroundPosition.mjs in 594.85ms
i Compiled tailwind/expose/theme/backgroundSize.mjs in 594.87ms
i Compiled tailwind/expose/theme/blur.mjs in 594.91ms
i Compiled tailwind/expose/theme/borderColor.mjs in 594.93ms
i Compiled tailwind/expose/theme/borderOpacity.mjs in 594.77ms
i Compiled tailwind/expose/theme/borderRadius.mjs in 594.79ms
i Compiled tailwind/expose/theme/borderSpacing.mjs in 594.82ms
i Compiled tailwind/expose/theme/borderWidth.mjs in 594.82ms
i Compiled tailwind/expose/theme/boxShadow.mjs in 594.84ms
i Compiled tailwind/expose/theme/boxShadowColor.mjs in 594.87ms
i Compiled tailwind/expose/theme/brightness.mjs in 594.68ms
i Compiled tailwind/expose/theme/caretColor.mjs in 594.71ms
i Compiled tailwind/expose/theme/colors.mjs in 594.4ms
i Compiled tailwind/expose/theme/columns.mjs in 594.08ms
i Compiled tailwind/expose/theme/container.mjs in 594.09ms
i Compiled tailwind/expose/theme/content.mjs in 594.11ms
i Compiled tailwind/expose/theme/contrast.mjs in 594.14ms
i Compiled tailwind/expose/theme/cursor.mjs in 594.17ms
i Compiled tailwind/expose/theme/divideColor.mjs in 594.19ms
i Compiled tailwind/expose/theme/divideOpacity.mjs in 593.93ms
i Compiled tailwind/expose/theme/divideWidth.mjs in 593.94ms
i Compiled tailwind/expose/theme/dropShadow.mjs in 594.66ms
i Compiled tailwind/expose/theme/fill.mjs in 585.85ms
i Compiled tailwind/expose/theme/flex.mjs in 585.53ms
i Compiled tailwind/expose/theme/flexBasis.mjs in 585.53ms
i Compiled tailwind/expose/theme/flexGrow.mjs in 585.54ms
i Compiled tailwind/expose/theme/flexShrink.mjs in 585.57ms
i Compiled tailwind/expose/theme/fontFamily.mjs in 586.27ms
i Compiled tailwind/expose/theme/fontSize.mjs in 576.27ms
i Compiled tailwind/expose/theme/fontWeight.mjs in 554.23ms
i Compiled tailwind/expose/theme/gap.mjs in 554.21ms
i Compiled tailwind/expose/theme/gradientColorStops.mjs in 554.22ms
i Compiled tailwind/expose/theme/gradientColorStopPositions.mjs in 553.87ms
i Compiled tailwind/expose/theme/grayscale.mjs in 553.89ms
i Compiled tailwind/expose/theme/gridAutoColumns.mjs in 553.93ms
i Compiled tailwind/expose/theme/gridAutoRows.mjs in 553.97ms
i Compiled tailwind/expose/theme/gridColumn.mjs in 554ms
i Compiled tailwind/expose/theme/gridColumnEnd.mjs in 554.02ms
i Compiled tailwind/expose/theme/gridColumnStart.mjs in 554.05ms
i Compiled tailwind/expose/theme/gridRow.mjs in 554.07ms
i Compiled tailwind/expose/theme/gridRowEnd.mjs in 554.1ms
i Compiled tailwind/expose/theme/gridRowStart.mjs in 554.12ms
i Compiled tailwind/expose/theme/gridTemplateColumns.mjs in 554.14ms
i Compiled tailwind/expose/theme/gridTemplateRows.mjs in 554.15ms
i Compiled tailwind/expose/theme/height.mjs in 554.17ms
i Compiled tailwind/expose/theme/hueRotate.mjs in 554.17ms
i Compiled tailwind/expose/theme/inset.mjs in 554.2ms
i Compiled tailwind/expose/theme/invert.mjs in 554.22ms
i Compiled tailwind/expose/theme/keyframes.mjs in 554.24ms
i Compiled tailwind/expose/theme/letterSpacing.mjs in 554.26ms
i Compiled tailwind/expose/theme/lineHeight.mjs in 554.28ms
i Compiled tailwind/expose/theme/listStyleType.mjs in 554.3ms
i Compiled tailwind/expose/theme/listStyleImage.mjs in 554.33ms
i Compiled tailwind/expose/theme/margin.mjs in 554.36ms
i Compiled tailwind/expose/theme/lineClamp.mjs in 554.37ms
i Compiled tailwind/expose/theme/maxHeight.mjs in 554.4ms
i Compiled tailwind/expose/theme/maxWidth.mjs in 554.41ms
i Compiled tailwind/expose/theme/minHeight.mjs in 554.4ms
i Compiled tailwind/expose/theme/minWidth.mjs in 554.41ms
i Compiled tailwind/expose/theme/objectPosition.mjs in 554.42ms
i Compiled tailwind/expose/theme/opacity.mjs in 554.44ms
i Compiled tailwind/expose/theme/order.mjs in 554.46ms
i Compiled tailwind/expose/theme/outlineColor.mjs in 554.48ms
i Compiled tailwind/expose/theme/outlineOffset.mjs in 554.24ms
i Compiled tailwind/expose/theme/outlineWidth.mjs in 554.26ms
i Compiled tailwind/expose/theme/padding.mjs in 554.29ms
i Compiled tailwind/expose/theme/placeholderColor.mjs in 554.3ms
i Compiled tailwind/expose/theme/placeholderOpacity.mjs in 553.97ms
i Compiled tailwind/expose/theme/ringColor.mjs in 553.98ms
i Compiled tailwind/expose/theme/ringOffsetColor.mjs in 553.71ms
i Compiled tailwind/expose/theme/ringOffsetWidth.mjs in 553.47ms
i Compiled tailwind/expose/theme/ringOpacity.mjs in 553.49ms
i Compiled tailwind/expose/theme/ringWidth.mjs in 553.45ms
i Compiled tailwind/expose/theme/rotate.mjs in 553.58ms
i Compiled tailwind/expose/theme/saturate.mjs in 553.61ms
i Compiled tailwind/expose/theme/scale.mjs in 553.64ms
i Compiled tailwind/expose/theme/screens.mjs in 553.67ms
i Compiled tailwind/expose/theme/scrollMargin.mjs in 553.7ms
i Compiled tailwind/expose/theme/scrollPadding.mjs in 553.72ms
i Compiled tailwind/expose/theme/sepia.mjs in 553.73ms
i Compiled tailwind/expose/theme/skew.mjs in 553.75ms
i Compiled tailwind/expose/theme/space.mjs in 553.8ms
i Compiled tailwind/expose/theme/spacing.mjs in 553.81ms
i Compiled tailwind/expose/theme/stroke.mjs in 553.83ms
i Compiled tailwind/expose/theme/strokeWidth.mjs in 553.62ms
i Compiled tailwind/expose/theme/supports.mjs in 553.65ms
i Compiled tailwind/expose/theme/data.mjs in 553.67ms
i Compiled tailwind/expose/theme/textColor.mjs in 553.7ms
i Compiled tailwind/expose/theme/textDecorationColor.mjs in 553.52ms
i Compiled tailwind/expose/theme/textDecorationThickness.mjs in 553.24ms
i Compiled tailwind/expose/theme/textIndent.mjs in 553.26ms
i Compiled tailwind/expose/theme/textOpacity.mjs in 553.28ms
i Compiled tailwind/expose/theme/textUnderlineOffset.mjs in 553.29ms
i Compiled tailwind/expose/theme/transformOrigin.mjs in 553.32ms
i Compiled tailwind/expose/theme/transitionDelay.mjs in 553.38ms
i Compiled tailwind/expose/theme/transitionDuration.mjs in 553.43ms
i Compiled tailwind/expose/theme/transitionProperty.mjs in 553.52ms
i Compiled tailwind/expose/theme/transitionTimingFunction.mjs in 553.58ms
i Compiled tailwind/expose/theme/translate.mjs in 553.65ms
i Compiled tailwind/expose/theme/size.mjs in 553.68ms
i Compiled tailwind/expose/theme/width.mjs in 553.71ms
i Compiled tailwind/expose/theme/willChange.mjs in 553.74ms
i Compiled tailwind/expose/theme/zIndex.mjs in 553.79ms
i Compiled tailwind/expose/theme.mjs in 553.84ms
i Compiled tailwind/expose/corePlugins.mjs in 568.94ms
i Compiled tailwind/expose/theme/accentColor.mjs in 575.58ms
i Compiled tailwind/expose/theme/animation.mjs in 560.48ms
i Compiled tailwind/expose/theme/aria.mjs in 560.49ms
i Compiled tailwind/expose/theme/aspectRatio.mjs in 560.52ms
i Compiled tailwind/expose/theme/backdropBlur.mjs in 560.55ms
i Compiled tailwind/expose/theme/backdropBrightness.mjs in 560.57ms
i Compiled tailwind/expose/theme/backdropContrast.mjs in 560.6ms
i Compiled tailwind/expose/theme/backdropGrayscale.mjs in 555.55ms
i Compiled tailwind/expose/theme/backdropHueRotate.mjs in 555.57ms
i Compiled tailwind/expose/theme/backdropInvert.mjs in 555.6ms
i Compiled tailwind/expose/theme/backdropOpacity.mjs in 555.62ms
i Compiled tailwind/expose/theme/backdropSaturate.mjs in 555.64ms
i Compiled tailwind/expose/theme/backdropSepia.mjs in 555.66ms
i Compiled tailwind/expose/theme/backgroundColor.mjs in 555.69ms
i Compiled tailwind/expose/theme/backgroundImage.mjs in 555.5ms
i Compiled tailwind/expose/theme/backgroundOpacity.mjs in 555.53ms
i Compiled tailwind/expose/theme/backgroundPosition.mjs in 555.55ms
i Compiled tailwind/expose/theme/backgroundSize.mjs in 555.57ms
i Compiled tailwind/expose/theme/blur.mjs in 555.59ms
i Compiled tailwind/expose/theme/borderColor.mjs in 555.62ms
i Compiled tailwind/expose/theme/borderOpacity.mjs in 555.44ms
i Compiled tailwind/expose/theme/borderRadius.mjs in 555.46ms
i Compiled tailwind/expose/theme/borderSpacing.mjs in 555.48ms
i Compiled tailwind/expose/theme/borderWidth.mjs in 555.49ms
i Compiled tailwind/expose/theme/boxShadow.mjs in 555.52ms
i Compiled tailwind/expose/theme/boxShadowColor.mjs in 555.55ms
i Compiled tailwind/expose/theme/brightness.mjs in 555.38ms
i Compiled tailwind/expose/theme/caretColor.mjs in 555.41ms
i Compiled tailwind/expose/theme/colors.mjs in 555.24ms
i Compiled tailwind/expose/theme/columns.mjs in 555ms
i Compiled tailwind/expose/theme/container.mjs in 555.04ms
i Compiled tailwind/expose/theme/content.mjs in 555.07ms
i Compiled tailwind/expose/theme/contrast.mjs in 555.09ms
i Compiled tailwind/expose/theme/cursor.mjs in 555.12ms
i Compiled tailwind/expose/theme/divideColor.mjs in 555.13ms
i Compiled tailwind/expose/theme/divideOpacity.mjs in 554.94ms
i Compiled tailwind/expose/theme/divideWidth.mjs in 554.96ms
i Compiled tailwind/expose/theme/dropShadow.mjs in 555.56ms
i Compiled tailwind/expose/theme/fill.mjs in 546.57ms
i Compiled tailwind/expose/theme/flex.mjs in 546.3ms
i Compiled tailwind/expose/theme/flexBasis.mjs in 546.35ms
i Compiled tailwind/expose/theme/flexGrow.mjs in 546.35ms
i Compiled tailwind/expose/theme/flexShrink.mjs in 546.38ms
i Compiled tailwind/expose/theme/fontFamily.mjs in 547ms
i Compiled tailwind/expose/theme/fontSize.mjs in 536.84ms
i Compiled tailwind/expose/theme/fontWeight.mjs in 514.29ms
i Compiled tailwind/expose/theme/gap.mjs in 514.29ms
i Compiled tailwind/expose/theme/gradientColorStops.mjs in 514.3ms
i Compiled tailwind/expose/theme/gradientColorStopPositions.mjs in 514.03ms
i Compiled tailwind/expose/theme/grayscale.mjs in 514.06ms
i Compiled tailwind/expose/theme/gridAutoColumns.mjs in 514.08ms
i Compiled tailwind/expose/theme/gridAutoRows.mjs in 514.11ms
i Compiled tailwind/expose/theme/gridColumn.mjs in 514.14ms
i Compiled tailwind/expose/theme/gridColumnEnd.mjs in 514.16ms
i Compiled tailwind/expose/theme/gridColumnStart.mjs in 514.19ms
i Compiled tailwind/expose/theme/gridRow.mjs in 514.21ms
i Compiled tailwind/expose/theme/gridRowEnd.mjs in 514.23ms
i Compiled tailwind/expose/theme/gridRowStart.mjs in 514.25ms
i Compiled tailwind/expose/theme/gridTemplateColumns.mjs in 514.27ms
i Compiled tailwind/expose/theme/gridTemplateRows.mjs in 514.29ms
i Compiled tailwind/expose/theme/height.mjs in 514.32ms
i Compiled tailwind/expose/theme/hueRotate.mjs in 514.32ms
i Compiled tailwind/expose/theme/inset.mjs in 514.34ms
i Compiled tailwind/expose/theme/invert.mjs in 514.36ms
i Compiled tailwind/expose/theme/keyframes.mjs in 514.39ms
i Compiled tailwind/expose/theme/letterSpacing.mjs in 514.42ms
i Compiled tailwind/expose/theme/lineHeight.mjs in 514.44ms
i Compiled tailwind/expose/theme/listStyleType.mjs in 514.46ms
i Compiled tailwind/expose/theme/listStyleImage.mjs in 514.49ms
i Compiled tailwind/expose/theme/margin.mjs in 514.52ms
i Compiled tailwind/expose/theme/lineClamp.mjs in 514.53ms
i Compiled tailwind/expose/theme/maxHeight.mjs in 514.56ms
i Compiled tailwind/expose/theme/maxWidth.mjs in 514.58ms
i Compiled tailwind/expose/theme/minHeight.mjs in 514.58ms
i Compiled tailwind/expose/theme/minWidth.mjs in 514.59ms
i Compiled tailwind/expose/theme/objectPosition.mjs in 514.59ms
i Compiled tailwind/expose/theme/opacity.mjs in 514.62ms
i Compiled tailwind/expose/theme/order.mjs in 514.64ms
i Compiled tailwind/expose/theme/outlineColor.mjs in 514.66ms
i Compiled tailwind/expose/theme/outlineOffset.mjs in 514.55ms
i Compiled tailwind/expose/theme/outlineWidth.mjs in 514.58ms
i Compiled tailwind/expose/theme/padding.mjs in 514.6ms
i Compiled tailwind/expose/theme/placeholderColor.mjs in 514.53ms
i Compiled tailwind/expose/theme/placeholderOpacity.mjs in 514.28ms
i Compiled tailwind/expose/theme/ringColor.mjs in 514.31ms
i Compiled tailwind/expose/theme/ringOffsetColor.mjs in 514.04ms
i Compiled tailwind/expose/theme/ringOffsetWidth.mjs in 513.67ms
i Compiled tailwind/expose/theme/ringOpacity.mjs in 513.7ms
i Compiled tailwind/expose/theme/ringWidth.mjs in 513.72ms
i Compiled tailwind/expose/theme/rotate.mjs in 513.75ms
i Compiled tailwind/expose/theme/saturate.mjs in 513.77ms
i Compiled tailwind/expose/theme/scale.mjs in 513.8ms
i Compiled tailwind/expose/theme/screens.mjs in 513.82ms
i Compiled tailwind/expose/theme/scrollMargin.mjs in 513.84ms
i Compiled tailwind/expose/theme/scrollPadding.mjs in 513.84ms
i Compiled tailwind/expose/theme/sepia.mjs in 513.85ms
i Compiled tailwind/expose/theme/skew.mjs in 513.87ms
i Compiled tailwind/expose/theme/space.mjs in 513.89ms
i Compiled tailwind/expose/theme/spacing.mjs in 513.9ms
i Compiled tailwind/expose/theme/stroke.mjs in 513.91ms
i Compiled tailwind/expose/theme/strokeWidth.mjs in 513.77ms
i Compiled tailwind/expose/theme/supports.mjs in 513.79ms
i Compiled tailwind/expose/theme/data.mjs in 513.81ms
i Compiled tailwind/expose/theme/textColor.mjs in 513.83ms
i Compiled tailwind/expose/theme/textDecorationColor.mjs in 513.58ms
i Compiled tailwind/expose/theme/textDecorationThickness.mjs in 513.35ms
i Compiled tailwind/expose/theme/textIndent.mjs in 513.37ms
i Compiled tailwind/expose/theme/textOpacity.mjs in 513.38ms
i Compiled tailwind/expose/theme/textUnderlineOffset.mjs in 513.4ms
i Compiled tailwind/expose/theme/transformOrigin.mjs in 513.42ms
i Compiled tailwind/expose/theme/transitionDelay.mjs in 513.45ms
i Compiled tailwind/expose/theme/transitionDuration.mjs in 513.47ms
i Compiled tailwind/expose/theme/transitionProperty.mjs in 513.49ms
i Compiled tailwind/expose/theme/transitionTimingFunction.mjs in 513.51ms
i Compiled tailwind/expose/theme/translate.mjs in 513.53ms
i Compiled tailwind/expose/theme/size.mjs in 513.55ms
i Compiled tailwind/expose/theme/width.mjs in 513.55ms
i Compiled tailwind/expose/theme/willChange.mjs in 513.55ms
i Compiled tailwind/expose/theme/zIndex.mjs in 513.57ms
i Compiled tailwind/expose/theme.mjs in 513.6ms
i Compiled tailwind/expose/corePlugins.mjs in 527.89ms
i Compiled tailwind/expose/theme/accentColor.mjs in 683.15ms
i Compiled tailwind/expose/theme/animation.mjs in 683.29ms
i Compiled tailwind/expose/theme/aria.mjs in 683.34ms
i Compiled tailwind/expose/theme/aspectRatio.mjs in 683.39ms
i Compiled tailwind/expose/theme/backdropBlur.mjs in 683.44ms
i Compiled tailwind/expose/theme/backdropBrightness.mjs in 683.49ms
i Compiled tailwind/expose/theme/backdropContrast.mjs in 683.57ms
i Compiled tailwind/expose/theme/backdropGrayscale.mjs in 683.61ms
i Compiled tailwind/expose/theme/backdropHueRotate.mjs in 683.66ms
i Compiled tailwind/expose/theme/backdropInvert.mjs in 683.72ms
i Compiled tailwind/expose/theme/backdropOpacity.mjs in 683.76ms
i Compiled tailwind/expose/theme/backdropSaturate.mjs in 683.79ms
i Compiled tailwind/expose/theme/backdropSepia.mjs in 683.83ms
i Compiled tailwind/expose/theme/backgroundColor.mjs in 683.89ms
i Compiled tailwind/expose/theme/backgroundImage.mjs in 683.83ms
i Compiled tailwind/expose/theme/backgroundOpacity.mjs in 683.86ms
i Compiled tailwind/expose/theme/backgroundPosition.mjs in 683.89ms
i Compiled tailwind/expose/theme/backgroundSize.mjs in 683.91ms
i Compiled tailwind/expose/theme/blur.mjs in 683.95ms
i Compiled tailwind/expose/theme/borderColor.mjs in 683.98ms
i Compiled tailwind/expose/theme/borderOpacity.mjs in 683.92ms
i Compiled tailwind/expose/theme/borderRadius.mjs in 683.96ms
i Compiled tailwind/expose/theme/borderSpacing.mjs in 683.99ms
i Compiled tailwind/expose/theme/borderWidth.mjs in 684ms
i Compiled tailwind/expose/theme/boxShadow.mjs in 684.02ms
i Compiled tailwind/expose/theme/boxShadowColor.mjs in 684.05ms
i Compiled tailwind/expose/theme/brightness.mjs in 683.98ms
i Compiled tailwind/expose/theme/caretColor.mjs in 684.01ms
i Compiled tailwind/expose/theme/colors.mjs in 683.95ms
i Compiled tailwind/expose/theme/columns.mjs in 683.89ms
i Compiled tailwind/expose/theme/container.mjs in 683.9ms
i Compiled tailwind/expose/theme/content.mjs in 683.93ms
i Compiled tailwind/expose/theme/contrast.mjs in 683.96ms
i Compiled tailwind/expose/theme/cursor.mjs in 683.99ms
i Compiled tailwind/expose/theme/divideColor.mjs in 684.01ms
i Compiled tailwind/expose/theme/divideOpacity.mjs in 683.96ms
i Compiled tailwind/expose/theme/divideWidth.mjs in 684ms
i Compiled tailwind/expose/theme/dropShadow.mjs in 684.78ms
i Compiled tailwind/expose/theme/fill.mjs in 676.57ms
i Compiled tailwind/expose/theme/flex.mjs in 676.55ms
i Compiled tailwind/expose/theme/flexBasis.mjs in 676.61ms
i Compiled tailwind/expose/theme/flexGrow.mjs in 676.67ms
i Compiled tailwind/expose/theme/flexShrink.mjs in 676.72ms
i Compiled tailwind/expose/theme/fontFamily.mjs in 677.64ms
i Compiled tailwind/expose/theme/fontSize.mjs in 667.69ms
i Compiled tailwind/expose/theme/fontWeight.mjs in 648.19ms
i Compiled tailwind/expose/theme/gap.mjs in 648.19ms
i Compiled tailwind/expose/theme/gradientColorStops.mjs in 648.21ms
i Compiled tailwind/expose/theme/gradientColorStopPositions.mjs in 648.14ms
i Compiled tailwind/expose/theme/grayscale.mjs in 648.18ms
i Compiled tailwind/expose/theme/gridAutoColumns.mjs in 648.2ms
i Compiled tailwind/expose/theme/gridAutoRows.mjs in 648.24ms
i Compiled tailwind/expose/theme/gridColumn.mjs in 648.27ms
i Compiled tailwind/expose/theme/gridColumnEnd.mjs in 648.3ms
i Compiled tailwind/expose/theme/gridColumnStart.mjs in 648.34ms
i Compiled tailwind/expose/theme/gridRow.mjs in 648.36ms
i Compiled tailwind/expose/theme/gridRowEnd.mjs in 648.41ms
i Compiled tailwind/expose/theme/gridRowStart.mjs in 648.46ms
i Compiled tailwind/expose/theme/gridTemplateColumns.mjs in 648.49ms
i Compiled tailwind/expose/theme/gridTemplateRows.mjs in 648.51ms
i Compiled tailwind/expose/theme/height.mjs in 648.56ms
i Compiled tailwind/expose/theme/hueRotate.mjs in 648.57ms
i Compiled tailwind/expose/theme/inset.mjs in 648.59ms
i Compiled tailwind/expose/theme/invert.mjs in 648.62ms
i Compiled tailwind/expose/theme/keyframes.mjs in 648.67ms
i Compiled tailwind/expose/theme/letterSpacing.mjs in 648.7ms
i Compiled tailwind/expose/theme/lineHeight.mjs in 648.73ms
i Compiled tailwind/expose/theme/listStyleType.mjs in 648.76ms
i Compiled tailwind/expose/theme/listStyleImage.mjs in 648.78ms
i Compiled tailwind/expose/theme/margin.mjs in 648.87ms
i Compiled tailwind/expose/theme/lineClamp.mjs in 648.93ms
i Compiled tailwind/expose/theme/maxHeight.mjs in 648.97ms
i Compiled tailwind/expose/theme/maxWidth.mjs in 649.01ms
i Compiled tailwind/expose/theme/minHeight.mjs in 649.03ms
i Compiled tailwind/expose/theme/minWidth.mjs in 649.06ms
i Compiled tailwind/expose/theme/objectPosition.mjs in 649.1ms
i Compiled tailwind/expose/theme/opacity.mjs in 649.13ms
i Compiled tailwind/expose/theme/order.mjs in 649.16ms
i Compiled tailwind/expose/theme/outlineColor.mjs in 649.21ms
i Compiled tailwind/expose/theme/outlineOffset.mjs in 649.17ms
i Compiled tailwind/expose/theme/outlineWidth.mjs in 649.22ms
i Compiled tailwind/expose/theme/padding.mjs in 649.25ms
i Compiled tailwind/expose/theme/placeholderColor.mjs in 649.27ms
i Compiled tailwind/expose/theme/placeholderOpacity.mjs in 649.23ms
i Compiled tailwind/expose/theme/ringColor.mjs in 649.28ms
i Compiled tailwind/expose/theme/ringOffsetColor.mjs in 649.24ms
i Compiled tailwind/expose/theme/ringOffsetWidth.mjs in 649.2ms
i Compiled tailwind/expose/theme/ringOpacity.mjs in 649.27ms
i Compiled tailwind/expose/theme/ringWidth.mjs in 649.31ms
i Compiled tailwind/expose/theme/rotate.mjs in 649.39ms
i Compiled tailwind/expose/theme/saturate.mjs in 649.47ms
i Compiled tailwind/expose/theme/scale.mjs in 649.53ms
i Compiled tailwind/expose/theme/screens.mjs in 649.56ms
i Compiled tailwind/expose/theme/scrollMargin.mjs in 649.61ms
i Compiled tailwind/expose/theme/scrollPadding.mjs in 649.63ms
i Compiled tailwind/expose/theme/sepia.mjs in 649.65ms
i Compiled tailwind/expose/theme/skew.mjs in 649.69ms
i Compiled tailwind/expose/theme/space.mjs in 649.75ms
i Compiled tailwind/expose/theme/spacing.mjs in 649.81ms
i Compiled tailwind/expose/theme/stroke.mjs in 649.88ms
i Compiled tailwind/expose/theme/strokeWidth.mjs in 649.83ms
i Compiled tailwind/expose/theme/supports.mjs in 649.87ms
i Compiled tailwind/expose/theme/data.mjs in 649.91ms
i Compiled tailwind/expose/theme/textColor.mjs in 649.96ms
i Compiled tailwind/expose/theme/textDecorationColor.mjs in 649.92ms
i Compiled tailwind/expose/theme/textDecorationThickness.mjs in 649.87ms
i Compiled tailwind/expose/theme/textIndent.mjs in 649.91ms
i Compiled tailwind/expose/theme/textOpacity.mjs in 649.94ms
i Compiled tailwind/expose/theme/textUnderlineOffset.mjs in 649.96ms
i Compiled tailwind/expose/theme/transformOrigin.mjs in 650.01ms
i Compiled tailwind/expose/theme/transitionDelay.mjs in 650.07ms
i Compiled tailwind/expose/theme/transitionDuration.mjs in 650.11ms
i Compiled tailwind/expose/theme/transitionProperty.mjs in 650.14ms
i Compiled tailwind/expose/theme/transitionTimingFunction.mjs in 650.18ms
i Compiled tailwind/expose/theme/translate.mjs in 650.23ms
i Compiled tailwind/expose/theme/size.mjs in 650.26ms
i Compiled tailwind/expose/theme/width.mjs in 650.29ms
i Compiled tailwind/expose/theme/willChange.mjs in 650.31ms
i Compiled tailwind/expose/theme/zIndex.mjs in 650.35ms
i Compiled tailwind/expose/theme.mjs in 650.39ms
i Compiled tailwind/expose/corePlugins.mjs in 672.33ms
i Compiled tailwind/expose/plugins.mjs in 528.78ms
i Compiled tailwind/expose/content/relative.mjs in 528.79ms
i Compiled tailwind/expose/content/files.mjs in 536.63ms
i Compiled types/tailwind.config.d.ts in 501.57ms
i Compiled tailwind/expose/theme/accentColor.mjs in 553.77ms
i Compiled tailwind/expose/theme/animation.mjs in 553.67ms
i Compiled tailwind/expose/theme/aria.mjs in 553.7ms
i Compiled tailwind/expose/theme/aspectRatio.mjs in 553.73ms
i Compiled tailwind/expose/theme/backdropBlur.mjs in 553.76ms
i Compiled tailwind/expose/theme/backdropBrightness.mjs in 553.79ms
i Compiled tailwind/expose/theme/backdropContrast.mjs in 553.82ms
i Compiled tailwind/expose/theme/backdropGrayscale.mjs in 553.84ms
i Compiled tailwind/expose/theme/backdropHueRotate.mjs in 553.88ms
i Compiled tailwind/expose/theme/backdropInvert.mjs in 553.92ms
i Compiled tailwind/expose/theme/backdropOpacity.mjs in 553.96ms
i Compiled tailwind/expose/theme/backdropSaturate.mjs in 553.97ms
i Compiled tailwind/expose/theme/backdropSepia.mjs in 554ms
i Compiled tailwind/expose/theme/backgroundColor.mjs in 554.02ms
i Compiled tailwind/expose/theme/backgroundImage.mjs in 553.94ms
i Compiled tailwind/expose/theme/backgroundOpacity.mjs in 553.97ms
i Compiled tailwind/expose/theme/backgroundPosition.mjs in 553.98ms
i Compiled tailwind/expose/theme/backgroundSize.mjs in 554ms
i Compiled tailwind/expose/theme/blur.mjs in 554.03ms
i Compiled tailwind/expose/theme/borderColor.mjs in 554.05ms
i Compiled tailwind/expose/theme/borderOpacity.mjs in 553.85ms
i Compiled tailwind/expose/theme/borderRadius.mjs in 553.87ms
i Compiled tailwind/expose/theme/borderSpacing.mjs in 553.89ms
i Compiled tailwind/expose/theme/borderWidth.mjs in 553.92ms
i Compiled tailwind/expose/theme/boxShadow.mjs in 553.97ms
i Compiled tailwind/expose/theme/boxShadowColor.mjs in 553.99ms
i Compiled tailwind/expose/theme/brightness.mjs in 553.91ms
i Compiled tailwind/expose/theme/caretColor.mjs in 553.93ms
i Compiled tailwind/expose/theme/colors.mjs in 553.73ms
i Compiled tailwind/expose/theme/columns.mjs in 553.49ms
i Compiled tailwind/expose/theme/container.mjs in 553.5ms
i Compiled tailwind/expose/theme/content.mjs in 553.52ms
i Compiled tailwind/expose/theme/contrast.mjs in 553.54ms
i Compiled tailwind/expose/theme/cursor.mjs in 553.56ms
i Compiled tailwind/expose/theme/divideColor.mjs in 553.58ms
i Compiled tailwind/expose/theme/divideOpacity.mjs in 553.19ms
i Compiled tailwind/expose/theme/divideWidth.mjs in 553.2ms
i Compiled tailwind/expose/theme/dropShadow.mjs in 553.63ms
i Compiled tailwind/expose/theme/fill.mjs in 544.23ms
i Compiled tailwind/expose/theme/flex.mjs in 543.96ms
i Compiled tailwind/expose/theme/flexBasis.mjs in 544ms
i Compiled tailwind/expose/theme/flexGrow.mjs in 543.99ms
i Compiled tailwind/expose/theme/flexShrink.mjs in 544.01ms
i Compiled tailwind/expose/theme/fontFamily.mjs in 544.46ms
i Compiled tailwind/expose/theme/fontSize.mjs in 528.91ms
i Compiled tailwind/expose/theme/fontWeight.mjs in 507.11ms
i Compiled tailwind/expose/theme/gap.mjs in 507.12ms
i Compiled tailwind/expose/theme/gradientColorStops.mjs in 507.16ms
i Compiled tailwind/expose/theme/gradientColorStopPositions.mjs in 506.95ms
i Compiled tailwind/expose/theme/grayscale.mjs in 506.97ms
i Compiled tailwind/expose/theme/gridAutoColumns.mjs in 507ms
i Compiled tailwind/expose/theme/gridAutoRows.mjs in 507.02ms
i Compiled tailwind/expose/theme/gridColumn.mjs in 507.05ms
i Compiled tailwind/expose/theme/gridColumnEnd.mjs in 507.07ms
i Compiled tailwind/expose/theme/gridColumnStart.mjs in 507.09ms
i Compiled tailwind/expose/theme/gridRow.mjs in 507.11ms
i Compiled tailwind/expose/theme/gridRowEnd.mjs in 507.14ms
i Compiled tailwind/expose/theme/gridRowStart.mjs in 507.19ms
i Compiled tailwind/expose/theme/gridTemplateColumns.mjs in 507.24ms
i Compiled tailwind/expose/theme/gridTemplateRows.mjs in 507.26ms
i Compiled tailwind/expose/theme/height.mjs in 507.28ms
i Compiled tailwind/expose/theme/hueRotate.mjs in 507.28ms
i Compiled tailwind/expose/theme/inset.mjs in 507.3ms
i Compiled tailwind/expose/theme/invert.mjs in 507.31ms
i Compiled tailwind/expose/theme/keyframes.mjs in 507.34ms
i Compiled tailwind/expose/theme/letterSpacing.mjs in 507.36ms
i Compiled tailwind/expose/theme/lineHeight.mjs in 507.38ms
i Compiled tailwind/expose/theme/listStyleType.mjs in 507.4ms
i Compiled tailwind/expose/theme/listStyleImage.mjs in 507.42ms
i Compiled tailwind/expose/theme/margin.mjs in 507.45ms
i Compiled tailwind/expose/theme/lineClamp.mjs in 507.47ms
i Compiled tailwind/expose/theme/maxHeight.mjs in 507.49ms
i Compiled tailwind/expose/theme/maxWidth.mjs in 507.51ms
i Compiled tailwind/expose/theme/minHeight.mjs in 507.5ms
i Compiled tailwind/expose/theme/minWidth.mjs in 507.51ms
i Compiled tailwind/expose/theme/objectPosition.mjs in 507.52ms
i Compiled tailwind/expose/theme/opacity.mjs in 507.55ms
i Compiled tailwind/expose/theme/order.mjs in 507.57ms
i Compiled tailwind/expose/theme/outlineColor.mjs in 507.59ms
i Compiled tailwind/expose/theme/outlineOffset.mjs in 507.36ms
i Compiled tailwind/expose/theme/outlineWidth.mjs in 507.39ms
i Compiled tailwind/expose/theme/padding.mjs in 507.42ms
i Compiled tailwind/expose/theme/placeholderColor.mjs in 507.43ms
i Compiled tailwind/expose/theme/placeholderOpacity.mjs in 507.18ms
i Compiled tailwind/expose/theme/ringColor.mjs in 507.2ms
i Compiled tailwind/expose/theme/ringOffsetColor.mjs in 506.96ms
i Compiled tailwind/expose/theme/ringOffsetWidth.mjs in 506.79ms
i Compiled tailwind/expose/theme/ringOpacity.mjs in 506.81ms
i Compiled tailwind/expose/theme/ringWidth.mjs in 506.82ms
i Compiled tailwind/expose/theme/rotate.mjs in 506.85ms
i Compiled tailwind/expose/theme/saturate.mjs in 506.87ms
i Compiled tailwind/expose/theme/scale.mjs in 506.89ms
i Compiled tailwind/expose/theme/screens.mjs in 506.91ms
i Compiled tailwind/expose/theme/scrollMargin.mjs in 506.93ms
i Compiled tailwind/expose/theme/scrollPadding.mjs in 506.94ms
i Compiled tailwind/expose/theme/sepia.mjs in 506.96ms
i Compiled tailwind/expose/theme/skew.mjs in 506.98ms
i Compiled tailwind/expose/theme/space.mjs in 507ms
i Compiled tailwind/expose/theme/spacing.mjs in 507.01ms
i Compiled tailwind/expose/theme/stroke.mjs in 507.02ms
i Compiled tailwind/expose/theme/strokeWidth.mjs in 506.7ms
i Compiled tailwind/expose/theme/supports.mjs in 506.72ms
i Compiled tailwind/expose/theme/data.mjs in 506.74ms
i Compiled tailwind/expose/theme/textColor.mjs in 506.77ms
i Compiled tailwind/expose/theme/textDecorationColor.mjs in 506.59ms
i Compiled tailwind/expose/theme/textDecorationThickness.mjs in 506.34ms
i Compiled tailwind/expose/theme/textIndent.mjs in 506.36ms
i Compiled tailwind/expose/theme/textOpacity.mjs in 506.37ms
i Compiled tailwind/expose/theme/textUnderlineOffset.mjs in 506.38ms
i Compiled tailwind/expose/theme/transformOrigin.mjs in 506.4ms
i Compiled tailwind/expose/theme/transitionDelay.mjs in 506.42ms
i Compiled tailwind/expose/theme/transitionDuration.mjs in 506.44ms
i Compiled tailwind/expose/theme/transitionProperty.mjs in 506.45ms
i Compiled tailwind/expose/theme/transitionTimingFunction.mjs in 506.47ms
i Compiled tailwind/expose/theme/translate.mjs in 506.49ms
i Compiled tailwind/expose/theme/size.mjs in 506.49ms
i Compiled tailwind/expose/theme/width.mjs in 506.48ms
i Compiled tailwind/expose/theme/willChange.mjs in 506.46ms
i Compiled tailwind/expose/theme/zIndex.mjs in 506.48ms
i Compiled tailwind/expose/theme.mjs in 506.51ms
i Compiled tailwind/expose/corePlugins.mjs in 518.62ms
i Compiled tailwind/expose/theme/accentColor.mjs in 551.48ms
i Compiled tailwind/expose/theme/animation.mjs in 541.41ms
i Compiled tailwind/expose/theme/aria.mjs in 541.42ms
i Compiled tailwind/expose/theme/aspectRatio.mjs in 541.47ms
i Compiled tailwind/expose/theme/backdropBlur.mjs in 541.5ms
i Compiled tailwind/expose/theme/backdropBrightness.mjs in 541.52ms
i Compiled tailwind/expose/theme/backdropContrast.mjs in 541.55ms
i Compiled tailwind/expose/theme/backdropGrayscale.mjs in 541.57ms
i Compiled tailwind/expose/theme/backdropHueRotate.mjs in 541.6ms
i Compiled tailwind/expose/theme/backdropInvert.mjs in 541.63ms
i Compiled tailwind/expose/theme/backdropOpacity.mjs in 541.66ms
i Compiled tailwind/expose/theme/backdropSaturate.mjs in 541.68ms
i Compiled tailwind/expose/theme/backdropSepia.mjs in 541.71ms
i Compiled tailwind/expose/theme/backgroundColor.mjs in 541.73ms
i Compiled tailwind/expose/theme/backgroundImage.mjs in 541.64ms
i Compiled tailwind/expose/theme/backgroundOpacity.mjs in 541.66ms
i Compiled tailwind/expose/theme/backgroundPosition.mjs in 541.69ms
i Compiled tailwind/expose/theme/backgroundSize.mjs in 541.71ms
i Compiled tailwind/expose/theme/blur.mjs in 541.74ms
i Compiled tailwind/expose/theme/borderColor.mjs in 541.77ms
i Compiled tailwind/expose/theme/borderOpacity.mjs in 541.58ms
i Compiled tailwind/expose/theme/borderRadius.mjs in 541.61ms
i Compiled tailwind/expose/theme/borderSpacing.mjs in 541.62ms
i Compiled tailwind/expose/theme/borderWidth.mjs in 541.64ms
i Compiled tailwind/expose/theme/boxShadow.mjs in 541.66ms
i Compiled tailwind/expose/theme/boxShadowColor.mjs in 541.69ms
i Compiled tailwind/expose/theme/brightness.mjs in 541.59ms
i Compiled tailwind/expose/theme/caretColor.mjs in 541.63ms
i Compiled tailwind/expose/theme/colors.mjs in 541.45ms
i Compiled tailwind/expose/theme/columns.mjs in 541.37ms
i Compiled tailwind/expose/theme/container.mjs in 541.39ms
i Compiled tailwind/expose/theme/content.mjs in 541.41ms
i Compiled tailwind/expose/theme/contrast.mjs in 541.43ms
i Compiled tailwind/expose/theme/cursor.mjs in 541.47ms
i Compiled tailwind/expose/theme/divideColor.mjs in 541.49ms
i Compiled tailwind/expose/theme/divideOpacity.mjs in 541.41ms
i Compiled tailwind/expose/theme/divideWidth.mjs in 541.43ms
i Compiled tailwind/expose/theme/dropShadow.mjs in 541.84ms
i Compiled tailwind/expose/theme/fill.mjs in 533.61ms
i Compiled tailwind/expose/theme/flex.mjs in 533.48ms
i Compiled tailwind/expose/theme/flexBasis.mjs in 533.5ms
i Compiled tailwind/expose/theme/flexGrow.mjs in 533.51ms
i Compiled tailwind/expose/theme/flexShrink.mjs in 533.53ms
i Compiled tailwind/expose/theme/fontFamily.mjs in 533.98ms
i Compiled tailwind/expose/theme/fontSize.mjs in 524.38ms
i Compiled tailwind/expose/theme/fontWeight.mjs in 503.38ms
i Compiled tailwind/expose/theme/gap.mjs in 503.36ms
i Compiled tailwind/expose/theme/gradientColorStops.mjs in 503.35ms
i Compiled tailwind/expose/theme/gradientColorStopPositions.mjs in 503.07ms
i Compiled tailwind/expose/theme/grayscale.mjs in 503.1ms
i Compiled tailwind/expose/theme/gridAutoColumns.mjs in 503.12ms
i Compiled tailwind/expose/theme/gridAutoRows.mjs in 503.15ms
i Compiled tailwind/expose/theme/gridColumn.mjs in 503.18ms
i Compiled tailwind/expose/theme/gridColumnEnd.mjs in 503.21ms
i Compiled tailwind/expose/theme/gridColumnStart.mjs in 503.24ms
i Compiled tailwind/expose/theme/gridRow.mjs in 503.26ms
i Compiled tailwind/expose/theme/gridRowEnd.mjs in 503.28ms
i Compiled tailwind/expose/theme/gridRowStart.mjs in 503.3ms
i Compiled tailwind/expose/theme/gridTemplateColumns.mjs in 503.33ms
i Compiled tailwind/expose/theme/gridTemplateRows.mjs in 503.35ms
i Compiled tailwind/expose/theme/height.mjs in 503.37ms
i Compiled tailwind/expose/theme/hueRotate.mjs in 503.37ms
i Compiled tailwind/expose/theme/inset.mjs in 503.39ms
i Compiled tailwind/expose/theme/invert.mjs in 503.41ms
i Compiled tailwind/expose/theme/keyframes.mjs in 503.44ms
i Compiled tailwind/expose/theme/letterSpacing.mjs in 503.47ms
i Compiled tailwind/expose/theme/lineHeight.mjs in 503.49ms
i Compiled tailwind/expose/theme/listStyleType.mjs in 503.51ms
i Compiled tailwind/expose/theme/listStyleImage.mjs in 503.53ms
i Compiled tailwind/expose/theme/margin.mjs in 503.67ms
i Compiled tailwind/expose/theme/lineClamp.mjs in 503.69ms
i Compiled tailwind/expose/theme/maxHeight.mjs in 503.72ms
i Compiled tailwind/expose/theme/maxWidth.mjs in 503.73ms
i Compiled tailwind/expose/theme/minHeight.mjs in 503.74ms
i Compiled tailwind/expose/theme/minWidth.mjs in 503.75ms
i Compiled tailwind/expose/theme/objectPosition.mjs in 503.75ms
i Compiled tailwind/expose/theme/opacity.mjs in 503.79ms
i Compiled tailwind/expose/theme/order.mjs in 503.81ms
i Compiled tailwind/expose/theme/outlineColor.mjs in 503.83ms
i Compiled tailwind/expose/theme/outlineOffset.mjs in 503.61ms
i Compiled tailwind/expose/theme/outlineWidth.mjs in 503.64ms
i Compiled tailwind/expose/theme/padding.mjs in 503.66ms
i Compiled tailwind/expose/theme/placeholderColor.mjs in 503.68ms
i Compiled tailwind/expose/theme/placeholderOpacity.mjs in 503.35ms
i Compiled tailwind/expose/theme/ringColor.mjs in 503.37ms
i Compiled tailwind/expose/theme/ringOffsetColor.mjs in 503.12ms
i Compiled tailwind/expose/theme/ringOffsetWidth.mjs in 502.86ms
i Compiled tailwind/expose/theme/ringOpacity.mjs in 502.88ms
i Compiled tailwind/expose/theme/ringWidth.mjs in 502.9ms
i Compiled tailwind/expose/theme/rotate.mjs in 502.92ms
i Compiled tailwind/expose/theme/saturate.mjs in 502.95ms
i Compiled tailwind/expose/theme/scale.mjs in 502.98ms
i Compiled tailwind/expose/theme/screens.mjs in 502.99ms
i Compiled tailwind/expose/theme/scrollMargin.mjs in 503.02ms
i Compiled tailwind/expose/theme/scrollPadding.mjs in 503.03ms
i Compiled tailwind/expose/theme/sepia.mjs in 503.05ms
i Compiled tailwind/expose/theme/skew.mjs in 503.07ms
i Compiled tailwind/expose/theme/space.mjs in 503.11ms
i Compiled tailwind/expose/theme/spacing.mjs in 503.12ms
i Compiled tailwind/expose/theme/stroke.mjs in 503.12ms
i Compiled tailwind/expose/theme/strokeWidth.mjs in 502.76ms
i Compiled tailwind/expose/theme/supports.mjs in 502.79ms
i Compiled tailwind/expose/theme/data.mjs in 502.81ms
i Compiled tailwind/expose/theme/textColor.mjs in 502.84ms
i Compiled tailwind/expose/theme/textDecorationColor.mjs in 502.74ms
i Compiled tailwind/expose/theme/textDecorationThickness.mjs in 502.34ms
i Compiled tailwind/expose/theme/textIndent.mjs in 502.36ms
i Compiled tailwind/expose/theme/textOpacity.mjs in 502.37ms
i Compiled tailwind/expose/theme/textUnderlineOffset.mjs in 502.38ms
i Compiled tailwind/expose/theme/transformOrigin.mjs in 502.41ms
i Compiled tailwind/expose/theme/transitionDelay.mjs in 502.44ms
i Compiled tailwind/expose/theme/transitionDuration.mjs in 502.54ms
i Compiled tailwind/expose/theme/transitionProperty.mjs in 502.56ms
i Compiled tailwind/expose/theme/transitionTimingFunction.mjs in 502.59ms
i Compiled tailwind/expose/theme/translate.mjs in 502.62ms
i Compiled tailwind/expose/theme/size.mjs in 502.62ms
i Compiled tailwind/expose/theme/width.mjs in 502.63ms
i Compiled tailwind/expose/theme/willChange.mjs in 502.62ms
i Compiled tailwind/expose/theme/zIndex.mjs in 502.65ms
i Compiled tailwind/expose/theme.mjs in 502.68ms
i Compiled tailwind/expose/corePlugins.mjs in 515.99ms
i Compiled tailwind/expose/theme/accentColor.mjs in 539.46ms
i Compiled tailwind/expose/theme/animation.mjs in 539.33ms
i Compiled tailwind/expose/theme/aria.mjs in 539.37ms
i Compiled tailwind/expose/theme/aspectRatio.mjs in 539.4ms
i Compiled tailwind/expose/theme/backdropBlur.mjs in 539.43ms
i Compiled tailwind/expose/theme/backdropBrightness.mjs in 539.46ms
i Compiled tailwind/expose/theme/backdropContrast.mjs in 539.49ms
i Compiled tailwind/expose/theme/backdropGrayscale.mjs in 539.52ms
i Compiled tailwind/expose/theme/backdropHueRotate.mjs in 539.55ms
i Compiled tailwind/expose/theme/backdropInvert.mjs in 539.58ms
i Compiled tailwind/expose/theme/backdropOpacity.mjs in 539.6ms
i Compiled tailwind/expose/theme/backdropSaturate.mjs in 539.62ms
i Compiled tailwind/expose/theme/backdropSepia.mjs in 539.64ms
i Compiled tailwind/expose/theme/backgroundColor.mjs in 539.67ms
i Compiled tailwind/expose/theme/backgroundImage.mjs in 539.45ms
i Compiled tailwind/expose/theme/backgroundOpacity.mjs in 539.48ms
i Compiled tailwind/expose/theme/backgroundPosition.mjs in 539.5ms
i Compiled tailwind/expose/theme/backgroundSize.mjs in 539.53ms
i Compiled tailwind/expose/theme/blur.mjs in 539.58ms
i Compiled tailwind/expose/theme/borderColor.mjs in 539.62ms
i Compiled tailwind/expose/theme/borderOpacity.mjs in 539.19ms
i Compiled tailwind/expose/theme/borderRadius.mjs in 539.21ms
i Compiled tailwind/expose/theme/borderSpacing.mjs in 539.23ms
i Compiled tailwind/expose/theme/borderWidth.mjs in 539.24ms
i Compiled tailwind/expose/theme/boxShadow.mjs in 539.27ms
i Compiled tailwind/expose/theme/boxShadowColor.mjs in 539.29ms
i Compiled tailwind/expose/theme/brightness.mjs in 539.07ms
i Compiled tailwind/expose/theme/caretColor.mjs in 539.09ms
i Compiled tailwind/expose/theme/colors.mjs in 538.87ms
i Compiled tailwind/expose/theme/columns.mjs in 538.61ms
i Compiled tailwind/expose/theme/container.mjs in 538.62ms
i Compiled tailwind/expose/theme/content.mjs in 538.65ms
i Compiled tailwind/expose/theme/contrast.mjs in 538.68ms
i Compiled tailwind/expose/theme/cursor.mjs in 538.71ms
i Compiled tailwind/expose/theme/divideColor.mjs in 538.73ms
i Compiled tailwind/expose/theme/divideOpacity.mjs in 538.53ms
i Compiled tailwind/expose/theme/divideWidth.mjs in 538.55ms
i Compiled tailwind/expose/theme/dropShadow.mjs in 538.92ms
i Compiled tailwind/expose/theme/fill.mjs in 529.56ms
i Compiled tailwind/expose/theme/flex.mjs in 529.29ms
i Compiled tailwind/expose/theme/flexBasis.mjs in 529.3ms
i Compiled tailwind/expose/theme/flexGrow.mjs in 529.21ms
i Compiled tailwind/expose/theme/flexShrink.mjs in 529.23ms
i Compiled tailwind/expose/theme/fontFamily.mjs in 529.64ms
i Compiled tailwind/expose/theme/fontSize.mjs in 519.72ms
i Compiled tailwind/expose/corePlugins.mjs in 507.82ms
i Compiled tailwind/expose/theme/accentColor.mjs in 602.9ms
i Compiled tailwind/expose/theme/animation.mjs in 603.02ms
i Compiled tailwind/expose/theme/aria.mjs in 603.07ms
i Compiled tailwind/expose/theme/aspectRatio.mjs in 603.11ms
i Compiled tailwind/expose/theme/backdropBlur.mjs in 603.15ms
i Compiled tailwind/expose/theme/backdropBrightness.mjs in 603.2ms
i Compiled tailwind/expose/theme/backdropContrast.mjs in 603.24ms
i Compiled tailwind/expose/theme/backdropGrayscale.mjs in 603.28ms
i Compiled tailwind/expose/theme/backdropHueRotate.mjs in 603.32ms
i Compiled tailwind/expose/theme/backdropInvert.mjs in 603.37ms
i Compiled tailwind/expose/theme/backdropOpacity.mjs in 603.41ms
i Compiled tailwind/expose/theme/backdropSaturate.mjs in 603.45ms
i Compiled tailwind/expose/theme/backdropSepia.mjs in 603.49ms
i Compiled tailwind/expose/theme/backgroundColor.mjs in 603.53ms
i Compiled tailwind/expose/theme/backgroundImage.mjs in 603.48ms
i Compiled tailwind/expose/theme/backgroundOpacity.mjs in 603.54ms
i Compiled tailwind/expose/theme/backgroundPosition.mjs in 603.57ms
i Compiled tailwind/expose/theme/backgroundSize.mjs in 603.6ms
i Compiled tailwind/expose/theme/blur.mjs in 603.63ms
i Compiled tailwind/expose/theme/borderColor.mjs in 603.67ms
i Compiled tailwind/expose/theme/borderOpacity.mjs in 603.63ms
i Compiled tailwind/expose/theme/borderRadius.mjs in 603.67ms
i Compiled tailwind/expose/theme/borderSpacing.mjs in 603.71ms
i Compiled tailwind/expose/theme/borderWidth.mjs in 603.76ms
i Compiled tailwind/expose/theme/boxShadow.mjs in 603.8ms
i Compiled tailwind/expose/theme/boxShadowColor.mjs in 603.84ms
i Compiled tailwind/expose/theme/brightness.mjs in 603.79ms
i Compiled tailwind/expose/theme/caretColor.mjs in 603.83ms
i Compiled tailwind/expose/theme/colors.mjs in 603.77ms
i Compiled tailwind/expose/theme/columns.mjs in 603.72ms
i Compiled tailwind/expose/theme/container.mjs in 603.74ms
i Compiled tailwind/expose/theme/content.mjs in 603.77ms
i Compiled tailwind/expose/theme/contrast.mjs in 603.8ms
i Compiled tailwind/expose/theme/cursor.mjs in 603.84ms
i Compiled tailwind/expose/theme/divideColor.mjs in 603.86ms
i Compiled tailwind/expose/theme/divideOpacity.mjs in 603.8ms
i Compiled tailwind/expose/theme/divideWidth.mjs in 603.83ms
i Compiled tailwind/expose/theme/dropShadow.mjs in 604.45ms
i Compiled tailwind/expose/theme/fill.mjs in 596.02ms
i Compiled tailwind/expose/theme/flex.mjs in 595.92ms
i Compiled tailwind/expose/theme/flexBasis.mjs in 595.94ms
i Compiled tailwind/expose/theme/flexGrow.mjs in 595.95ms
i Compiled tailwind/expose/theme/flexShrink.mjs in 595.97ms
i Compiled tailwind/expose/theme/fontFamily.mjs in 596.5ms
i Compiled tailwind/expose/theme/fontSize.mjs in 587.59ms
i Compiled tailwind/expose/theme/fontWeight.mjs in 568.87ms
i Compiled tailwind/expose/theme/gap.mjs in 568.88ms
i Compiled tailwind/expose/theme/gradientColorStops.mjs in 568.9ms
i Compiled tailwind/expose/theme/gradientColorStopPositions.mjs in 568.82ms
i Compiled tailwind/expose/theme/grayscale.mjs in 568.86ms
i Compiled tailwind/expose/theme/gridAutoColumns.mjs in 568.89ms
i Compiled tailwind/expose/theme/gridAutoRows.mjs in 568.92ms
i Compiled tailwind/expose/theme/gridColumn.mjs in 568.95ms
i Compiled tailwind/expose/theme/gridColumnEnd.mjs in 568.99ms
i Compiled tailwind/expose/theme/gridColumnStart.mjs in 569.02ms
i Compiled tailwind/expose/theme/gridRow.mjs in 569.05ms
i Compiled tailwind/expose/theme/gridRowEnd.mjs in 569.09ms
i Compiled tailwind/expose/theme/gridRowStart.mjs in 569.12ms
i Compiled tailwind/expose/theme/gridTemplateColumns.mjs in 569.16ms
i Compiled tailwind/expose/theme/gridTemplateRows.mjs in 569.18ms
i Compiled tailwind/expose/theme/height.mjs in 569.21ms
i Compiled tailwind/expose/theme/hueRotate.mjs in 569.22ms
i Compiled tailwind/expose/theme/inset.mjs in 569.25ms
i Compiled tailwind/expose/theme/invert.mjs in 569.29ms
i Compiled tailwind/expose/theme/keyframes.mjs in 569.33ms
i Compiled tailwind/expose/theme/letterSpacing.mjs in 569.37ms
i Compiled tailwind/expose/theme/lineHeight.mjs in 569.41ms
i Compiled tailwind/expose/theme/listStyleType.mjs in 569.46ms
i Compiled tailwind/expose/theme/listStyleImage.mjs in 569.52ms
i Compiled tailwind/expose/theme/margin.mjs in 569.57ms
i Compiled tailwind/expose/theme/lineClamp.mjs in 569.6ms
i Compiled tailwind/expose/theme/maxHeight.mjs in 569.64ms
i Compiled tailwind/expose/theme/maxWidth.mjs in 569.67ms
i Compiled tailwind/expose/theme/minHeight.mjs in 569.7ms
i Compiled tailwind/expose/theme/minWidth.mjs in 569.72ms
i Compiled tailwind/expose/theme/objectPosition.mjs in 569.75ms
i Compiled tailwind/expose/theme/opacity.mjs in 569.8ms
i Compiled tailwind/expose/theme/order.mjs in 569.84ms
i Compiled tailwind/expose/theme/outlineColor.mjs in 569.88ms
i Compiled tailwind/expose/theme/outlineOffset.mjs in 569.84ms
i Compiled tailwind/expose/theme/outlineWidth.mjs in 569.88ms
i Compiled tailwind/expose/theme/padding.mjs in 569.92ms
i Compiled tailwind/expose/theme/placeholderColor.mjs in 569.97ms
i Compiled tailwind/expose/theme/placeholderOpacity.mjs in 569.92ms
i Compiled tailwind/expose/theme/ringColor.mjs in 569.97ms
i Compiled tailwind/expose/theme/ringOffsetColor.mjs in 569.92ms
i Compiled tailwind/expose/theme/ringOffsetWidth.mjs in 569.86ms
i Compiled tailwind/expose/theme/ringOpacity.mjs in 569.91ms
i Compiled tailwind/expose/theme/ringWidth.mjs in 569.95ms
i Compiled tailwind/expose/theme/rotate.mjs in 569.98ms
i Compiled tailwind/expose/theme/saturate.mjs in 570.01ms
i Compiled tailwind/expose/theme/scale.mjs in 570.05ms
i Compiled tailwind/expose/theme/screens.mjs in 570.08ms
i Compiled tailwind/expose/theme/scrollMargin.mjs in 570.11ms
i Compiled tailwind/expose/theme/scrollPadding.mjs in 570.13ms
i Compiled tailwind/expose/theme/sepia.mjs in 570.15ms
i Compiled tailwind/expose/theme/skew.mjs in 570.19ms
i Compiled tailwind/expose/theme/space.mjs in 570.24ms
i Compiled tailwind/expose/theme/spacing.mjs in 570.27ms
i Compiled tailwind/expose/theme/stroke.mjs in 570.3ms
i Compiled tailwind/expose/theme/strokeWidth.mjs in 570.26ms
i Compiled tailwind/expose/theme/supports.mjs in 570.3ms
i Compiled tailwind/expose/theme/data.mjs in 570.33ms
i Compiled tailwind/expose/theme/textColor.mjs in 570.38ms
i Compiled tailwind/expose/theme/textDecorationColor.mjs in 570.31ms
i Compiled tailwind/expose/theme/textDecorationThickness.mjs in 570.26ms
i Compiled tailwind/expose/theme/textIndent.mjs in 570.28ms
i Compiled tailwind/expose/theme/textOpacity.mjs in 570.3ms
i Compiled tailwind/expose/theme/textUnderlineOffset.mjs in 570.33ms
i Compiled tailwind/expose/theme/transformOrigin.mjs in 570.36ms
i Compiled tailwind/expose/theme/transitionDelay.mjs in 570.4ms
i Compiled tailwind/expose/theme/transitionDuration.mjs in 570.42ms
i Compiled tailwind/expose/theme/transitionProperty.mjs in 570.44ms
i Compiled tailwind/expose/theme/transitionTimingFunction.mjs in 570.47ms
i Compiled tailwind/expose/theme/translate.mjs in 570.49ms
i Compiled tailwind/expose/theme/size.mjs in 570.52ms
i Compiled tailwind/expose/theme/width.mjs in 570.53ms
i Compiled tailwind/expose/theme/willChange.mjs in 570.54ms
i Compiled tailwind/expose/theme/zIndex.mjs in 570.58ms
i Compiled tailwind/expose/theme.mjs in 570.63ms
i Compiled tailwind/expose/corePlugins.mjs in 588.07ms
i Compiled tailwind/expose/theme/accentColor.mjs in 546.5ms
i Compiled tailwind/expose/theme/animation.mjs in 546.53ms
i Compiled tailwind/expose/theme/aria.mjs in 546.56ms
i Compiled tailwind/expose/theme/aspectRatio.mjs in 546.59ms
i Compiled tailwind/expose/theme/backdropBlur.mjs in 546.63ms
i Compiled tailwind/expose/theme/backdropBrightness.mjs in 546.65ms
i Compiled tailwind/expose/theme/backdropContrast.mjs in 546.68ms
i Compiled tailwind/expose/theme/backdropGrayscale.mjs in 546.71ms
i Compiled tailwind/expose/theme/backdropHueRotate.mjs in 546.73ms
i Compiled tailwind/expose/theme/backdropInvert.mjs in 546.76ms
i Compiled tailwind/expose/theme/backdropOpacity.mjs in 546.79ms
i Compiled tailwind/expose/theme/backdropSaturate.mjs in 546.8ms
i Compiled tailwind/expose/theme/backdropSepia.mjs in 546.83ms
i Compiled tailwind/expose/theme/backgroundColor.mjs in 546.85ms
i Compiled tailwind/expose/theme/backgroundImage.mjs in 546.76ms
i Compiled tailwind/expose/theme/backgroundOpacity.mjs in 546.8ms
i Compiled tailwind/expose/theme/backgroundPosition.mjs in 546.82ms
i Compiled tailwind/expose/theme/backgroundSize.mjs in 546.85ms
i Compiled tailwind/expose/theme/blur.mjs in 546.88ms
i Compiled tailwind/expose/theme/borderColor.mjs in 546.91ms
i Compiled tailwind/expose/theme/borderOpacity.mjs in 546.82ms
i Compiled tailwind/expose/theme/borderRadius.mjs in 546.84ms
i Compiled tailwind/expose/theme/borderSpacing.mjs in 546.87ms
i Compiled tailwind/expose/theme/borderWidth.mjs in 546.88ms
i Compiled tailwind/expose/theme/boxShadow.mjs in 546.9ms
i Compiled tailwind/expose/theme/boxShadowColor.mjs in 546.93ms
i Compiled tailwind/expose/theme/brightness.mjs in 546.84ms
i Compiled tailwind/expose/theme/caretColor.mjs in 546.87ms
i Compiled tailwind/expose/theme/colors.mjs in 546.79ms
i Compiled tailwind/expose/theme/columns.mjs in 546.71ms
i Compiled tailwind/expose/theme/container.mjs in 546.72ms
i Compiled tailwind/expose/theme/content.mjs in 546.75ms
i Compiled tailwind/expose/theme/contrast.mjs in 546.77ms
i Compiled tailwind/expose/theme/cursor.mjs in 546.8ms
i Compiled tailwind/expose/theme/divideColor.mjs in 546.82ms
i Compiled tailwind/expose/theme/divideOpacity.mjs in 546.72ms
i Compiled tailwind/expose/theme/divideWidth.mjs in 546.74ms
i Compiled tailwind/expose/theme/dropShadow.mjs in 547.19ms
i Compiled tailwind/expose/theme/fill.mjs in 538.38ms
i Compiled tailwind/expose/theme/flex.mjs in 538.07ms
i Compiled tailwind/expose/theme/flexBasis.mjs in 538.1ms
i Compiled tailwind/expose/theme/flexGrow.mjs in 538.1ms
i Compiled tailwind/expose/theme/flexShrink.mjs in 538.12ms
i Compiled tailwind/expose/theme/fontFamily.mjs in 538.5ms
i Compiled tailwind/expose/theme/fontSize.mjs in 528.2ms
i Compiled tailwind/expose/theme/fontWeight.mjs in 507ms
i Compiled tailwind/expose/theme/gap.mjs in 507ms
i Compiled tailwind/expose/theme/gradientColorStops.mjs in 507ms
i Compiled tailwind/expose/theme/gradientColorStopPositions.mjs in 506.73ms
i Compiled tailwind/expose/theme/grayscale.mjs in 506.76ms
i Compiled tailwind/expose/theme/gridAutoColumns.mjs in 506.79ms
i Compiled tailwind/expose/theme/gridAutoRows.mjs in 506.83ms
i Compiled tailwind/expose/theme/gridColumn.mjs in 506.86ms
i Compiled tailwind/expose/theme/gridColumnEnd.mjs in 506.89ms
i Compiled tailwind/expose/theme/gridColumnStart.mjs in 506.92ms
i Compiled tailwind/expose/theme/gridRow.mjs in 506.94ms
i Compiled tailwind/expose/theme/gridRowEnd.mjs in 506.96ms
i Compiled tailwind/expose/theme/gridRowStart.mjs in 506.98ms
i Compiled tailwind/expose/theme/gridTemplateColumns.mjs in 507ms
i Compiled tailwind/expose/theme/gridTemplateRows.mjs in 507.02ms
i Compiled tailwind/expose/theme/height.mjs in 507.04ms
i Compiled tailwind/expose/theme/hueRotate.mjs in 507.05ms
i Compiled tailwind/expose/theme/inset.mjs in 507.07ms
i Compiled tailwind/expose/theme/invert.mjs in 507.08ms
i Compiled tailwind/expose/theme/keyframes.mjs in 507.11ms
i Compiled tailwind/expose/theme/letterSpacing.mjs in 507.13ms
i Compiled tailwind/expose/theme/lineHeight.mjs in 507.15ms
i Compiled tailwind/expose/theme/listStyleType.mjs in 507.17ms
i Compiled tailwind/expose/theme/listStyleImage.mjs in 507.23ms
i Compiled tailwind/expose/theme/margin.mjs in 507.3ms
i Compiled tailwind/expose/theme/lineClamp.mjs in 507.34ms
i Compiled tailwind/expose/theme/maxHeight.mjs in 507.38ms
i Compiled tailwind/expose/theme/maxWidth.mjs in 507.41ms
i Compiled tailwind/expose/theme/minHeight.mjs in 507.41ms
i Compiled tailwind/expose/theme/minWidth.mjs in 507.42ms
i Compiled tailwind/expose/theme/objectPosition.mjs in 507.43ms
i Compiled tailwind/expose/theme/opacity.mjs in 507.46ms
i Compiled tailwind/expose/theme/order.mjs in 507.47ms
i Compiled tailwind/expose/theme/outlineColor.mjs in 507.49ms
i Compiled tailwind/expose/theme/outlineOffset.mjs in 507.26ms
i Compiled tailwind/expose/theme/outlineWidth.mjs in 507.29ms
i Compiled tailwind/expose/theme/padding.mjs in 507.34ms
i Compiled tailwind/expose/theme/placeholderColor.mjs in 507.37ms
i Compiled tailwind/expose/theme/placeholderOpacity.mjs in 506.99ms
i Compiled tailwind/expose/theme/ringColor.mjs in 507.01ms
i Compiled tailwind/expose/theme/ringOffsetColor.mjs in 506.8ms
i Compiled tailwind/expose/theme/ringOffsetWidth.mjs in 506.59ms
i Compiled tailwind/expose/theme/ringOpacity.mjs in 506.62ms
i Compiled tailwind/expose/theme/ringWidth.mjs in 506.63ms
i Compiled tailwind/expose/theme/rotate.mjs in 506.66ms
i Compiled tailwind/expose/theme/saturate.mjs in 506.68ms
i Compiled tailwind/expose/theme/scale.mjs in 506.7ms
i Compiled tailwind/expose/theme/screens.mjs in 506.74ms
i Compiled tailwind/expose/theme/scrollMargin.mjs in 506.76ms
i Compiled tailwind/expose/theme/scrollPadding.mjs in 506.78ms
i Compiled tailwind/expose/theme/sepia.mjs in 506.79ms
i Compiled tailwind/expose/theme/skew.mjs in 506.83ms
i Compiled tailwind/expose/theme/space.mjs in 506.87ms
i Compiled tailwind/expose/theme/spacing.mjs in 506.89ms
i Compiled tailwind/expose/theme/stroke.mjs in 506.9ms
i Compiled tailwind/expose/theme/strokeWidth.mjs in 506.65ms
i Compiled tailwind/expose/theme/supports.mjs in 506.69ms
i Compiled tailwind/expose/theme/data.mjs in 506.72ms
i Compiled tailwind/expose/theme/textColor.mjs in 506.75ms
i Compiled tailwind/expose/theme/textDecorationColor.mjs in 506.68ms
i Compiled tailwind/expose/theme/textDecorationThickness.mjs in 506.35ms
i Compiled tailwind/expose/theme/textIndent.mjs in 506.38ms
i Compiled tailwind/expose/theme/textOpacity.mjs in 506.39ms
i Compiled tailwind/expose/theme/textUnderlineOffset.mjs in 506.42ms
i Compiled tailwind/expose/theme/transformOrigin.mjs in 506.44ms
i Compiled tailwind/expose/theme/transitionDelay.mjs in 506.5ms
i Compiled tailwind/expose/theme/transitionDuration.mjs in 506.54ms
i Compiled tailwind/expose/theme/transitionProperty.mjs in 506.57ms
i Compiled tailwind/expose/theme/transitionTimingFunction.mjs in 506.59ms
i Compiled tailwind/expose/theme/translate.mjs in 506.62ms
i Compiled tailwind/expose/theme/size.mjs in 506.63ms
i Compiled tailwind/expose/theme/width.mjs in 506.64ms
i Compiled tailwind/expose/theme/willChange.mjs in 506.65ms
i Compiled tailwind/expose/theme/zIndex.mjs in 506.68ms
i Compiled tailwind/expose/theme.mjs in 506.71ms
i Compiled tailwind/expose/corePlugins.mjs in 521.57ms
i Compiled tailwind/expose/theme/accentColor.mjs in 541.89ms
i Compiled tailwind/expose/theme/animation.mjs in 541.84ms
i Compiled tailwind/expose/theme/aria.mjs in 541.87ms
i Compiled tailwind/expose/theme/aspectRatio.mjs in 541.9ms
i Compiled tailwind/expose/theme/backdropBlur.mjs in 541.92ms
i Compiled tailwind/expose/theme/backdropBrightness.mjs in 541.95ms
i Compiled tailwind/expose/theme/backdropContrast.mjs in 541.98ms
i Compiled tailwind/expose/theme/backdropGrayscale.mjs in 542ms
i Compiled tailwind/expose/theme/backdropHueRotate.mjs in 542.03ms
i Compiled tailwind/expose/theme/backdropInvert.mjs in 542.05ms
i Compiled tailwind/expose/theme/backdropOpacity.mjs in 542.08ms
i Compiled tailwind/expose/theme/backdropSaturate.mjs in 542.1ms
i Compiled tailwind/expose/theme/backdropSepia.mjs in 542.13ms
i Compiled tailwind/expose/theme/backgroundColor.mjs in 542.16ms
i Compiled tailwind/expose/theme/backgroundImage.mjs in 542.08ms
i Compiled tailwind/expose/theme/backgroundOpacity.mjs in 542.11ms
i Compiled tailwind/expose/theme/backgroundPosition.mjs in 542.13ms
i Compiled tailwind/expose/theme/backgroundSize.mjs in 542.15ms
i Compiled tailwind/expose/theme/blur.mjs in 542.18ms
i Compiled tailwind/expose/theme/borderColor.mjs in 542.21ms
i Compiled tailwind/expose/theme/borderOpacity.mjs in 541.98ms
i Compiled tailwind/expose/theme/borderRadius.mjs in 542ms
i Compiled tailwind/expose/theme/borderSpacing.mjs in 542.01ms
i Compiled tailwind/expose/theme/borderWidth.mjs in 542.02ms
i Compiled tailwind/expose/theme/boxShadow.mjs in 542.04ms
i Compiled tailwind/expose/theme/boxShadowColor.mjs in 542.06ms
i Compiled tailwind/expose/theme/brightness.mjs in 541.83ms
i Compiled tailwind/expose/theme/caretColor.mjs in 541.85ms
i Compiled tailwind/expose/theme/colors.mjs in 541.47ms
i Compiled tailwind/expose/theme/columns.mjs in 541.21ms
i Compiled tailwind/expose/theme/container.mjs in 541.22ms
i Compiled tailwind/expose/theme/content.mjs in 541.25ms
i Compiled tailwind/expose/theme/contrast.mjs in 541.27ms
i Compiled tailwind/expose/theme/cursor.mjs in 541.29ms
i Compiled tailwind/expose/theme/divideColor.mjs in 541.3ms
i Compiled tailwind/expose/theme/divideOpacity.mjs in 541.06ms
i Compiled tailwind/expose/theme/divideWidth.mjs in 541.07ms
i Compiled tailwind/expose/theme/dropShadow.mjs in 541.52ms
i Compiled tailwind/expose/theme/fill.mjs in 532.26ms
i Compiled tailwind/expose/theme/flex.mjs in 531.97ms
i Compiled tailwind/expose/theme/flexBasis.mjs in 531.99ms
i Compiled tailwind/expose/theme/flexGrow.mjs in 531.99ms
i Compiled tailwind/expose/theme/flexShrink.mjs in 532.01ms
i Compiled tailwind/expose/theme/fontFamily.mjs in 532.39ms
i Compiled tailwind/expose/theme/fontSize.mjs in 521.98ms
i Compiled tailwind/expose/corePlugins.mjs in 509.77ms
i Compiled tailwind/expose/theme/accentColor.mjs in 638.97ms
i Compiled tailwind/expose/theme/animation.mjs in 639.09ms
i Compiled tailwind/expose/theme/aria.mjs in 639.14ms
i Compiled tailwind/expose/theme/aspectRatio.mjs in 639.16ms
i Compiled tailwind/expose/theme/backdropBlur.mjs in 639.19ms
i Compiled tailwind/expose/theme/backdropBrightness.mjs in 639.22ms
i Compiled tailwind/expose/theme/backdropContrast.mjs in 639.26ms
i Compiled tailwind/expose/theme/backdropGrayscale.mjs in 639.3ms
i Compiled tailwind/expose/theme/backdropHueRotate.mjs in 639.34ms
i Compiled tailwind/expose/theme/backdropInvert.mjs in 639.39ms
i Compiled tailwind/expose/theme/backdropOpacity.mjs in 639.43ms
i Compiled tailwind/expose/theme/backdropSaturate.mjs in 639.47ms
i Compiled tailwind/expose/theme/backdropSepia.mjs in 639.51ms
i Compiled tailwind/expose/theme/backgroundColor.mjs in 639.55ms
i Compiled tailwind/expose/theme/backgroundImage.mjs in 639.48ms
i Compiled tailwind/expose/theme/backgroundOpacity.mjs in 639.52ms
i Compiled tailwind/expose/theme/backgroundPosition.mjs in 639.54ms
i Compiled tailwind/expose/theme/backgroundSize.mjs in 639.58ms
i Compiled tailwind/expose/theme/blur.mjs in 639.61ms
i Compiled tailwind/expose/theme/borderColor.mjs in 639.67ms
i Compiled tailwind/expose/theme/borderOpacity.mjs in 639.61ms
i Compiled tailwind/expose/theme/borderRadius.mjs in 639.64ms
i Compiled tailwind/expose/theme/borderSpacing.mjs in 639.66ms
i Compiled tailwind/expose/theme/borderWidth.mjs in 639.69ms
i Compiled tailwind/expose/theme/boxShadow.mjs in 639.71ms
i Compiled tailwind/expose/theme/boxShadowColor.mjs in 639.74ms
i Compiled tailwind/expose/theme/brightness.mjs in 639.68ms
i Compiled tailwind/expose/theme/caretColor.mjs in 639.71ms
i Compiled tailwind/expose/theme/colors.mjs in 639.65ms
i Compiled tailwind/expose/theme/columns.mjs in 639.61ms
i Compiled tailwind/expose/theme/container.mjs in 639.64ms
i Compiled tailwind/expose/theme/content.mjs in 639.68ms
i Compiled tailwind/expose/theme/contrast.mjs in 639.71ms
i Compiled tailwind/expose/theme/cursor.mjs in 639.75ms
i Compiled tailwind/expose/theme/divideColor.mjs in 639.78ms
i Compiled tailwind/expose/theme/divideOpacity.mjs in 639.72ms
i Compiled tailwind/expose/theme/divideWidth.mjs in 639.75ms
i Compiled tailwind/expose/theme/dropShadow.mjs in 640.32ms
i Compiled tailwind/expose/theme/fill.mjs in 632.75ms
i Compiled tailwind/expose/theme/flex.mjs in 632.68ms
i Compiled tailwind/expose/theme/flexBasis.mjs in 632.72ms
i Compiled tailwind/expose/theme/flexGrow.mjs in 632.75ms
i Compiled tailwind/expose/theme/flexShrink.mjs in 632.8ms
i Compiled tailwind/expose/theme/fontFamily.mjs in 633.54ms
i Compiled tailwind/expose/theme/fontSize.mjs in 625.02ms
i Compiled tailwind/expose/theme/fontWeight.mjs in 606.07ms
i Compiled tailwind/expose/theme/gap.mjs in 606.07ms
i Compiled tailwind/expose/theme/gradientColorStops.mjs in 606.09ms
i Compiled tailwind/expose/theme/gradientColorStopPositions.mjs in 606.01ms
i Compiled tailwind/expose/theme/grayscale.mjs in 606.05ms
i Compiled tailwind/expose/theme/gridAutoColumns.mjs in 606.08ms
i Compiled tailwind/expose/theme/gridAutoRows.mjs in 606.12ms
i Compiled tailwind/expose/theme/gridColumn.mjs in 606.16ms
i Compiled tailwind/expose/theme/gridColumnEnd.mjs in 606.22ms
i Compiled tailwind/expose/theme/gridColumnStart.mjs in 606.26ms
i Compiled tailwind/expose/theme/gridRow.mjs in 606.3ms
i Compiled tailwind/expose/theme/gridRowEnd.mjs in 606.33ms
i Compiled tailwind/expose/theme/gridRowStart.mjs in 606.4ms
i Compiled tailwind/expose/theme/gridTemplateColumns.mjs in 606.47ms
i Compiled tailwind/expose/theme/gridTemplateRows.mjs in 606.51ms
i Compiled tailwind/expose/theme/height.mjs in 606.53ms
i Compiled tailwind/expose/theme/hueRotate.mjs in 606.54ms
i Compiled tailwind/expose/theme/inset.mjs in 606.56ms
i Compiled tailwind/expose/theme/invert.mjs in 606.58ms
i Compiled tailwind/expose/theme/keyframes.mjs in 606.63ms
i Compiled tailwind/expose/theme/letterSpacing.mjs in 606.65ms
i Compiled tailwind/expose/theme/lineHeight.mjs in 606.68ms
i Compiled tailwind/expose/theme/listStyleType.mjs in 606.7ms
i Compiled tailwind/expose/theme/listStyleImage.mjs in 606.73ms
i Compiled tailwind/expose/theme/margin.mjs in 606.77ms
i Compiled tailwind/expose/theme/lineClamp.mjs in 606.79ms
i Compiled tailwind/expose/theme/maxHeight.mjs in 606.82ms
i Compiled tailwind/expose/theme/maxWidth.mjs in 606.85ms
i Compiled tailwind/expose/theme/minHeight.mjs in 606.85ms
i Compiled tailwind/expose/theme/minWidth.mjs in 606.87ms
i Compiled tailwind/expose/theme/objectPosition.mjs in 606.89ms
i Compiled tailwind/expose/theme/opacity.mjs in 606.92ms
i Compiled tailwind/expose/theme/order.mjs in 606.94ms
i Compiled tailwind/expose/theme/outlineColor.mjs in 606.96ms
i Compiled tailwind/expose/theme/outlineOffset.mjs in 606.9ms
i Compiled tailwind/expose/theme/outlineWidth.mjs in 606.93ms
i Compiled tailwind/expose/theme/padding.mjs in 606.95ms
i Compiled tailwind/expose/theme/placeholderColor.mjs in 606.97ms
i Compiled tailwind/expose/theme/placeholderOpacity.mjs in 606.92ms
i Compiled tailwind/expose/theme/ringColor.mjs in 606.94ms
i Compiled tailwind/expose/theme/ringOffsetColor.mjs in 606.88ms
i Compiled tailwind/expose/theme/ringOffsetWidth.mjs in 606.8ms
i Compiled tailwind/expose/theme/ringOpacity.mjs in 606.83ms
i Compiled tailwind/expose/theme/ringWidth.mjs in 606.84ms
i Compiled tailwind/expose/theme/rotate.mjs in 606.87ms
i Compiled tailwind/expose/theme/saturate.mjs in 606.9ms
i Compiled tailwind/expose/theme/scale.mjs in 606.94ms
i Compiled tailwind/expose/theme/screens.mjs in 606.97ms
i Compiled tailwind/expose/theme/scrollMargin.mjs in 606.99ms
i Compiled tailwind/expose/theme/scrollPadding.mjs in 607ms
i Compiled tailwind/expose/theme/sepia.mjs in 607.03ms
i Compiled tailwind/expose/theme/skew.mjs in 607.06ms
i Compiled tailwind/expose/theme/space.mjs in 607.09ms
i Compiled tailwind/expose/theme/spacing.mjs in 607.1ms
i Compiled tailwind/expose/theme/stroke.mjs in 607.12ms
i Compiled tailwind/expose/theme/strokeWidth.mjs in 607.06ms
i Compiled tailwind/expose/theme/supports.mjs in 607.09ms
i Compiled tailwind/expose/theme/data.mjs in 607.12ms
i Compiled tailwind/expose/theme/textColor.mjs in 607.15ms
i Compiled tailwind/expose/theme/textDecorationColor.mjs in 607.09ms
i Compiled tailwind/expose/theme/textDecorationThickness.mjs in 607.01ms
i Compiled tailwind/expose/theme/textIndent.mjs in 607.04ms
i Compiled tailwind/expose/theme/textOpacity.mjs in 607.08ms
i Compiled tailwind/expose/theme/textUnderlineOffset.mjs in 607.1ms
i Compiled tailwind/expose/theme/transformOrigin.mjs in 607.12ms
i Compiled tailwind/expose/theme/transitionDelay.mjs in 607.16ms
i Compiled tailwind/expose/theme/transitionDuration.mjs in 607.18ms
i Compiled tailwind/expose/theme/transitionProperty.mjs in 607.2ms
i Compiled tailwind/expose/theme/transitionTimingFunction.mjs in 607.25ms
i Compiled tailwind/expose/theme/translate.mjs in 607.28ms
i Compiled tailwind/expose/theme/size.mjs in 607.3ms
i Compiled tailwind/expose/theme/width.mjs in 607.31ms
i Compiled tailwind/expose/theme/willChange.mjs in 607.32ms
i Compiled tailwind/expose/theme/zIndex.mjs in 607.35ms
i Compiled tailwind/expose/theme.mjs in 607.38ms
i Compiled tailwind/expose/corePlugins.mjs in 629.63ms
i Compiled tailwind/expose/plugins.mjs in 508.81ms
i Compiled tailwind/expose/content/relative.mjs in 508.82ms
i Compiled tailwind/expose/content/files.mjs in 515.78ms

 WARN  'manifest-route-rule' middleware already exists at 'D:/domains/ratingo-admin/node_modules/nuxt/dist/app/middleware/manifest-route-rule.js'. You can set override: true to replace it.


 WARN  'manifest-route-rule' middleware already exists at 'D:/domains/ratingo-admin/node_modules/nuxt/dist/app/middleware/manifest-route-rule.js'. You can set override: true to replace it.


 WARN  'manifest-route-rule' middleware already exists at 'D:/domains/ratingo-admin/node_modules/nuxt/dist/app/middleware/manifest-route-rule.js'. You can set override: true to replace it.


 WARN  'manifest-route-rule' middleware already exists at 'D:/domains/ratingo-admin/node_modules/nuxt/dist/app/middleware/manifest-route-rule.js'. You can set override: true to replace it.


 WARN  'manifest-route-rule' middleware already exists at 'D:/domains/ratingo-admin/node_modules/nuxt/dist/app/middleware/manifest-route-rule.js'. You can set override: true to replace it.


 WARN  'manifest-route-rule' middleware already exists at 'D:/domains/ratingo-admin/node_modules/nuxt/dist/app/middleware/manifest-route-rule.js'. You can set override: true to replace it.


 WARN  'manifest-route-rule' middleware already exists at 'D:/domains/ratingo-admin/node_modules/nuxt/dist/app/middleware/manifest-route-rule.js'. You can set override: true to replace it. (repeated 480 times)

i Compiled tailwind/expose/theme/accentColor.mjs in 528.57ms
i Compiled tailwind/expose/theme/accentColor.mjs in 509.35ms
i Compiled tailwind/expose/theme/accentColor.mjs in 507.11ms
i Compiled tailwind/expose/theme/animation.mjs in 507.12ms
i Compiled tailwind/expose/theme/aria.mjs in 507.15ms
i Compiled tailwind/expose/theme/aspectRatio.mjs in 507.18ms
i Compiled tailwind/expose/theme/backdropBlur.mjs in 507.21ms
i Compiled tailwind/expose/theme/backdropBrightness.mjs in 507.24ms
i Compiled tailwind/expose/theme/backdropContrast.mjs in 507.26ms
i Compiled tailwind/expose/theme/backdropGrayscale.mjs in 507.28ms
i Compiled tailwind/expose/theme/backdropHueRotate.mjs in 507.31ms
i Compiled tailwind/expose/theme/backdropInvert.mjs in 507.35ms
i Compiled tailwind/expose/theme/backdropOpacity.mjs in 507.37ms
i Compiled tailwind/expose/theme/backdropSaturate.mjs in 507.4ms
i Compiled tailwind/expose/theme/backdropSepia.mjs in 507.42ms
i Compiled tailwind/expose/theme/backgroundColor.mjs in 507.44ms
i Compiled tailwind/expose/theme/backgroundImage.mjs in 507.22ms
i Compiled tailwind/expose/theme/backgroundOpacity.mjs in 507.25ms
i Compiled tailwind/expose/theme/backgroundPosition.mjs in 507.26ms
i Compiled tailwind/expose/theme/backgroundSize.mjs in 507.29ms
i Compiled tailwind/expose/theme/blur.mjs in 507.32ms
i Compiled tailwind/expose/theme/borderColor.mjs in 507.35ms
i Compiled tailwind/expose/theme/borderOpacity.mjs in 507.13ms
i Compiled tailwind/expose/theme/borderRadius.mjs in 507.15ms
i Compiled tailwind/expose/theme/borderSpacing.mjs in 507.17ms
i Compiled tailwind/expose/theme/borderWidth.mjs in 507.18ms
i Compiled tailwind/expose/theme/boxShadow.mjs in 507.22ms
i Compiled tailwind/expose/theme/boxShadowColor.mjs in 507.29ms
i Compiled tailwind/expose/theme/brightness.mjs in 507.2ms
i Compiled tailwind/expose/theme/caretColor.mjs in 507.23ms
i Compiled tailwind/expose/theme/colors.mjs in 506.82ms
i Compiled tailwind/expose/theme/columns.mjs in 506.7ms
i Compiled tailwind/expose/theme/container.mjs in 506.71ms
i Compiled tailwind/expose/theme/content.mjs in 506.73ms
i Compiled tailwind/expose/theme/contrast.mjs in 506.76ms
i Compiled tailwind/expose/theme/cursor.mjs in 506.78ms
i Compiled tailwind/expose/theme/divideColor.mjs in 506.79ms
i Compiled tailwind/expose/theme/divideOpacity.mjs in 506.53ms
i Compiled tailwind/expose/theme/divideWidth.mjs in 506.55ms
i Compiled tailwind/expose/theme/dropShadow.mjs in 507.05ms
i Compiled tailwind/expose/theme/accentColor.mjs in 500.42ms
i Compiled tailwind/expose/theme/accentColor.mjs in 521.63ms
i Compiled tailwind/expose/theme/accentColor.mjs in 548.01ms
i Compiled tailwind/expose/theme/animation.mjs in 547.99ms
i Compiled tailwind/expose/theme/aria.mjs in 548.02ms
i Compiled tailwind/expose/theme/aspectRatio.mjs in 548.05ms
i Compiled tailwind/expose/theme/backdropBlur.mjs in 548.08ms
i Compiled tailwind/expose/theme/backdropBrightness.mjs in 548.1ms
i Compiled tailwind/expose/theme/backdropContrast.mjs in 548.13ms
i Compiled tailwind/expose/theme/backdropGrayscale.mjs in 548.15ms
i Compiled tailwind/expose/theme/backdropHueRotate.mjs in 548.18ms
i Compiled tailwind/expose/theme/backdropInvert.mjs in 548.21ms
i Compiled tailwind/expose/theme/backdropOpacity.mjs in 548.24ms
i Compiled tailwind/expose/theme/backdropSaturate.mjs in 548.26ms
i Compiled tailwind/expose/theme/backdropSepia.mjs in 548.29ms
i Compiled tailwind/expose/theme/backgroundColor.mjs in 548.32ms
i Compiled tailwind/expose/theme/backgroundImage.mjs in 548.24ms
i Compiled tailwind/expose/theme/backgroundOpacity.mjs in 548.28ms
i Compiled tailwind/expose/theme/backgroundPosition.mjs in 548.31ms
i Compiled tailwind/expose/theme/backgroundSize.mjs in 548.33ms
i Compiled tailwind/expose/theme/blur.mjs in 548.37ms
i Compiled tailwind/expose/theme/borderColor.mjs in 548.4ms
i Compiled tailwind/expose/theme/borderOpacity.mjs in 548.31ms
i Compiled tailwind/expose/theme/borderRadius.mjs in 548.35ms
i Compiled tailwind/expose/theme/borderSpacing.mjs in 548.38ms
i Compiled tailwind/expose/theme/borderWidth.mjs in 548.38ms
i Compiled tailwind/expose/theme/boxShadow.mjs in 548.4ms
i Compiled tailwind/expose/theme/boxShadowColor.mjs in 548.42ms
i Compiled tailwind/expose/theme/brightness.mjs in 548.34ms
i Compiled tailwind/expose/theme/caretColor.mjs in 548.36ms
i Compiled tailwind/expose/theme/colors.mjs in 548.29ms
i Compiled tailwind/expose/theme/columns.mjs in 548.21ms
i Compiled tailwind/expose/theme/container.mjs in 548.22ms
i Compiled tailwind/expose/theme/content.mjs in 548.24ms
i Compiled tailwind/expose/theme/contrast.mjs in 548.26ms
i Compiled tailwind/expose/theme/cursor.mjs in 548.29ms
i Compiled tailwind/expose/theme/divideColor.mjs in 548.3ms
i Compiled tailwind/expose/theme/divideOpacity.mjs in 548.22ms
i Compiled tailwind/expose/theme/divideWidth.mjs in 548.24ms
i Compiled tailwind/expose/theme/dropShadow.mjs in 548.72ms
i Compiled tailwind/expose/theme/fill.mjs in 533.7ms
i Compiled tailwind/expose/theme/flex.mjs in 533.44ms
i Compiled tailwind/expose/theme/flexBasis.mjs in 533.47ms
i Compiled tailwind/expose/theme/flexGrow.mjs in 533.38ms
i Compiled tailwind/expose/theme/flexShrink.mjs in 533.41ms
i Compiled tailwind/expose/theme/fontFamily.mjs in 533.89ms
i Compiled tailwind/expose/theme/fontSize.mjs in 523.13ms
i Compiled tailwind/expose/theme/fontWeight.mjs in 500.03ms
i Compiled tailwind/expose/theme/gap.mjs in 500.05ms
i Compiled tailwind/expose/theme/gradientColorStops.mjs in 500.08ms
i Compiled tailwind/expose/corePlugins.mjs in 513.02ms
i Compiled tailwind/expose/theme/accentColor.mjs in 552ms
i Compiled tailwind/expose/theme/animation.mjs in 536.9ms
i Compiled tailwind/expose/theme/aria.mjs in 536.92ms
i Compiled tailwind/expose/theme/aspectRatio.mjs in 536.95ms
i Compiled tailwind/expose/theme/backdropBlur.mjs in 536.97ms
i Compiled tailwind/expose/theme/backdropBrightness.mjs in 537.01ms
i Compiled tailwind/expose/theme/backdropContrast.mjs in 537.03ms
i Compiled tailwind/expose/theme/backdropGrayscale.mjs in 529.3ms
i Compiled tailwind/expose/theme/backdropHueRotate.mjs in 529.33ms
i Compiled tailwind/expose/theme/backdropInvert.mjs in 529.35ms
i Compiled tailwind/expose/theme/backdropOpacity.mjs in 529.38ms
i Compiled tailwind/expose/theme/backdropSaturate.mjs in 529.39ms
i Compiled tailwind/expose/theme/backdropSepia.mjs in 529.42ms
i Compiled tailwind/expose/theme/backgroundColor.mjs in 529.44ms
i Compiled tailwind/expose/theme/backgroundImage.mjs in 524.22ms
i Compiled tailwind/expose/theme/backgroundOpacity.mjs in 524.23ms
i Compiled tailwind/expose/theme/backgroundPosition.mjs in 524.24ms
i Compiled tailwind/expose/theme/backgroundSize.mjs in 524.26ms
i Compiled tailwind/expose/theme/blur.mjs in 524.29ms
i Compiled tailwind/expose/theme/borderColor.mjs in 524.31ms
i Compiled tailwind/expose/theme/borderOpacity.mjs in 524.22ms
i Compiled tailwind/expose/theme/borderRadius.mjs in 524.24ms
i Compiled tailwind/expose/theme/borderSpacing.mjs in 524.25ms
i Compiled tailwind/expose/theme/borderWidth.mjs in 524.26ms
i Compiled tailwind/expose/theme/boxShadow.mjs in 524.28ms
i Compiled tailwind/expose/theme/boxShadowColor.mjs in 524.3ms
i Compiled tailwind/expose/theme/brightness.mjs in 524.21ms
i Compiled tailwind/expose/theme/caretColor.mjs in 524.24ms
i Compiled tailwind/expose/theme/colors.mjs in 524.19ms
i Compiled tailwind/expose/theme/columns.mjs in 524.05ms
i Compiled tailwind/expose/theme/container.mjs in 524.06ms
i Compiled tailwind/expose/theme/content.mjs in 524.08ms
i Compiled tailwind/expose/theme/contrast.mjs in 524.11ms
i Compiled tailwind/expose/theme/cursor.mjs in 524.13ms
i Compiled tailwind/expose/theme/divideColor.mjs in 524.13ms
i Compiled tailwind/expose/theme/divideOpacity.mjs in 523.96ms
i Compiled tailwind/expose/theme/divideWidth.mjs in 523.97ms
i Compiled tailwind/expose/theme/dropShadow.mjs in 524.43ms
i Compiled tailwind/expose/theme/fill.mjs in 510.29ms
i Compiled tailwind/expose/theme/flex.mjs in 510.01ms
i Compiled tailwind/expose/theme/flexBasis.mjs in 510.02ms
i Compiled tailwind/expose/theme/flexGrow.mjs in 510.03ms
i Compiled tailwind/expose/theme/flexShrink.mjs in 510.05ms
i Compiled tailwind/expose/theme/fontFamily.mjs in 510.58ms
i Compiled tailwind/expose/theme/accentColor.mjs in 500.82ms
i Compiled tailwind/expose/theme/animation.mjs in 500.88ms
i Compiled tailwind/expose/theme/aria.mjs in 500.92ms
i Compiled tailwind/expose/theme/aspectRatio.mjs in 500.96ms
i Compiled tailwind/expose/theme/backdropBlur.mjs in 500.99ms
i Compiled tailwind/expose/theme/backdropBrightness.mjs in 501.01ms
i Compiled tailwind/expose/theme/backdropContrast.mjs in 501.04ms
i Compiled tailwind/expose/theme/backdropGrayscale.mjs in 501.06ms
i Compiled tailwind/expose/theme/backdropHueRotate.mjs in 501.11ms
i Compiled tailwind/expose/theme/backdropInvert.mjs in 501.14ms
i Compiled tailwind/expose/theme/backdropOpacity.mjs in 501.16ms
i Compiled tailwind/expose/theme/backdropSaturate.mjs in 501.18ms
i Compiled tailwind/expose/theme/backdropSepia.mjs in 501.21ms
i Compiled tailwind/expose/theme/backgroundColor.mjs in 501.23ms
i Compiled tailwind/expose/theme/backgroundImage.mjs in 501.16ms
i Compiled tailwind/expose/theme/backgroundOpacity.mjs in 501.19ms
i Compiled tailwind/expose/theme/backgroundPosition.mjs in 501.22ms
i Compiled tailwind/expose/theme/backgroundSize.mjs in 501.24ms
i Compiled tailwind/expose/theme/blur.mjs in 501.28ms
i Compiled tailwind/expose/theme/borderColor.mjs in 501.32ms
i Compiled tailwind/expose/theme/borderOpacity.mjs in 501.25ms
i Compiled tailwind/expose/theme/borderRadius.mjs in 501.28ms
i Compiled tailwind/expose/theme/borderSpacing.mjs in 501.32ms
i Compiled tailwind/expose/theme/borderWidth.mjs in 501.33ms
i Compiled tailwind/expose/theme/boxShadow.mjs in 501.36ms
i Compiled tailwind/expose/theme/boxShadowColor.mjs in 501.38ms
i Compiled tailwind/expose/theme/brightness.mjs in 501.31ms
i Compiled tailwind/expose/theme/caretColor.mjs in 501.34ms
i Compiled tailwind/expose/theme/colors.mjs in 501.28ms
i Compiled tailwind/expose/theme/columns.mjs in 501.21ms
i Compiled tailwind/expose/theme/container.mjs in 501.23ms
i Compiled tailwind/expose/theme/content.mjs in 501.26ms
i Compiled tailwind/expose/theme/contrast.mjs in 501.28ms
i Compiled tailwind/expose/theme/cursor.mjs in 501.31ms
i Compiled tailwind/expose/theme/divideColor.mjs in 501.32ms
i Compiled tailwind/expose/theme/divideOpacity.mjs in 501.25ms
i Compiled tailwind/expose/theme/divideWidth.mjs in 501.27ms
i Compiled tailwind/expose/theme/dropShadow.mjs in 501.9ms
i Compiled tailwind/expose/theme/accentColor.mjs in 546.32ms
i Compiled tailwind/expose/theme/accentColor.mjs in 575.78ms
i Compiled tailwind/expose/theme/animation.mjs in 575.68ms
i Compiled tailwind/expose/theme/aria.mjs in 575.72ms
i Compiled tailwind/expose/theme/aspectRatio.mjs in 575.75ms
i Compiled tailwind/expose/theme/backdropBlur.mjs in 575.77ms
i Compiled tailwind/expose/theme/backdropBrightness.mjs in 575.8ms
i Compiled tailwind/expose/theme/backdropContrast.mjs in 575.82ms
i Compiled tailwind/expose/theme/backdropGrayscale.mjs in 575.85ms
i Compiled tailwind/expose/theme/backdropHueRotate.mjs in 575.88ms
i Compiled tailwind/expose/theme/backdropInvert.mjs in 575.91ms
i Compiled tailwind/expose/theme/backdropOpacity.mjs in 575.93ms
i Compiled tailwind/expose/theme/backdropSaturate.mjs in 575.95ms
i Compiled tailwind/expose/theme/backdropSepia.mjs in 575.98ms
i Compiled tailwind/expose/theme/backgroundColor.mjs in 576.01ms
i Compiled tailwind/expose/theme/backgroundImage.mjs in 575.84ms
i Compiled tailwind/expose/theme/backgroundOpacity.mjs in 575.88ms
i Compiled tailwind/expose/theme/backgroundPosition.mjs in 575.91ms
i Compiled tailwind/expose/theme/backgroundSize.mjs in 575.93ms
i Compiled tailwind/expose/theme/blur.mjs in 575.96ms
i Compiled tailwind/expose/theme/borderColor.mjs in 575.99ms
i Compiled tailwind/expose/theme/borderOpacity.mjs in 575.8ms
i Compiled tailwind/expose/theme/borderRadius.mjs in 575.82ms
i Compiled tailwind/expose/theme/borderSpacing.mjs in 575.84ms
i Compiled tailwind/expose/theme/borderWidth.mjs in 575.85ms
i Compiled tailwind/expose/theme/boxShadow.mjs in 575.87ms
i Compiled tailwind/expose/theme/boxShadowColor.mjs in 575.89ms
i Compiled tailwind/expose/theme/brightness.mjs in 575.61ms
i Compiled tailwind/expose/theme/caretColor.mjs in 575.64ms
i Compiled tailwind/expose/theme/colors.mjs in 575.45ms
i Compiled tailwind/expose/theme/columns.mjs in 575.11ms
i Compiled tailwind/expose/theme/container.mjs in 575.12ms
i Compiled tailwind/expose/theme/content.mjs in 575.14ms
i Compiled tailwind/expose/theme/contrast.mjs in 575.17ms
i Compiled tailwind/expose/theme/cursor.mjs in 575.2ms
i Compiled tailwind/expose/theme/divideColor.mjs in 575.21ms
i Compiled tailwind/expose/theme/divideOpacity.mjs in 575.12ms
i Compiled tailwind/expose/theme/divideWidth.mjs in 575.21ms
i Compiled tailwind/expose/theme/dropShadow.mjs in 575.91ms
i Compiled tailwind/expose/theme/fill.mjs in 561.93ms
i Compiled tailwind/expose/theme/flex.mjs in 561.6ms
i Compiled tailwind/expose/theme/flexBasis.mjs in 561.62ms
i Compiled tailwind/expose/theme/flexGrow.mjs in 561.64ms
i Compiled tailwind/expose/theme/flexShrink.mjs in 561.71ms
i Compiled tailwind/expose/theme/fontFamily.mjs in 562.34ms
i Compiled tailwind/expose/theme/fontSize.mjs in 551.88ms
i Compiled tailwind/expose/theme/fontWeight.mjs in 529ms
i Compiled tailwind/expose/theme/gap.mjs in 529.02ms
i Compiled tailwind/expose/theme/gradientColorStops.mjs in 529.04ms
i Compiled tailwind/expose/theme/gradientColorStopPositions.mjs in 528.91ms
i Compiled tailwind/expose/theme/grayscale.mjs in 528.93ms
i Compiled tailwind/expose/theme/gridAutoColumns.mjs in 528.96ms
i Compiled tailwind/expose/theme/gridAutoRows.mjs in 528.99ms
i Compiled tailwind/expose/theme/gridColumn.mjs in 529.01ms
i Compiled tailwind/expose/theme/gridColumnEnd.mjs in 529.03ms
i Compiled tailwind/expose/theme/gridColumnStart.mjs in 529.06ms
i Compiled tailwind/expose/theme/gridRow.mjs in 529.08ms
i Compiled tailwind/expose/theme/gridRowEnd.mjs in 529.1ms
i Compiled tailwind/expose/theme/gridRowStart.mjs in 529.12ms
i Compiled tailwind/expose/theme/gridTemplateColumns.mjs in 529.14ms
i Compiled tailwind/expose/theme/gridTemplateRows.mjs in 529.16ms
i Compiled tailwind/expose/theme/height.mjs in 529.18ms
i Compiled tailwind/expose/theme/hueRotate.mjs in 529.17ms
i Compiled tailwind/expose/theme/inset.mjs in 529.21ms
i Compiled tailwind/expose/theme/invert.mjs in 529.22ms
i Compiled tailwind/expose/theme/keyframes.mjs in 529.25ms
i Compiled tailwind/expose/theme/letterSpacing.mjs in 529.27ms
i Compiled tailwind/expose/theme/lineHeight.mjs in 529.29ms
i Compiled tailwind/expose/theme/listStyleType.mjs in 529.31ms
i Compiled tailwind/expose/theme/listStyleImage.mjs in 529.34ms
i Compiled tailwind/expose/theme/margin.mjs in 529.36ms
i Compiled tailwind/expose/theme/lineClamp.mjs in 529.38ms
i Compiled tailwind/expose/theme/maxHeight.mjs in 529.41ms
i Compiled tailwind/expose/theme/maxWidth.mjs in 529.41ms
i Compiled tailwind/expose/theme/minHeight.mjs in 529.41ms
i Compiled tailwind/expose/theme/minWidth.mjs in 529.42ms
i Compiled tailwind/expose/theme/objectPosition.mjs in 529.44ms
i Compiled tailwind/expose/theme/opacity.mjs in 529.47ms
i Compiled tailwind/expose/theme/order.mjs in 529.5ms
i Compiled tailwind/expose/theme/outlineColor.mjs in 529.52ms
i Compiled tailwind/expose/theme/outlineOffset.mjs in 529.43ms
i Compiled tailwind/expose/theme/outlineWidth.mjs in 529.46ms
i Compiled tailwind/expose/theme/padding.mjs in 529.49ms
i Compiled tailwind/expose/theme/placeholderColor.mjs in 529.5ms
i Compiled tailwind/expose/theme/placeholderOpacity.mjs in 529.35ms
i Compiled tailwind/expose/theme/ringColor.mjs in 529.36ms
i Compiled tailwind/expose/theme/ringOffsetColor.mjs in 529.27ms
i Compiled tailwind/expose/theme/ringOffsetWidth.mjs in 529.09ms
i Compiled tailwind/expose/theme/ringOpacity.mjs in 529.11ms
i Compiled tailwind/expose/theme/ringWidth.mjs in 529.12ms
i Compiled tailwind/expose/theme/rotate.mjs in 529.15ms
i Compiled tailwind/expose/theme/saturate.mjs in 529.17ms
i Compiled tailwind/expose/theme/scale.mjs in 529.19ms
i Compiled tailwind/expose/theme/screens.mjs in 529.21ms
i Compiled tailwind/expose/theme/scrollMargin.mjs in 529.23ms
i Compiled tailwind/expose/theme/scrollPadding.mjs in 529.25ms
i Compiled tailwind/expose/theme/sepia.mjs in 529.27ms
i Compiled tailwind/expose/theme/skew.mjs in 529.28ms
i Compiled tailwind/expose/theme/space.mjs in 529.31ms
i Compiled tailwind/expose/theme/spacing.mjs in 529.32ms
i Compiled tailwind/expose/theme/stroke.mjs in 529.33ms
i Compiled tailwind/expose/theme/strokeWidth.mjs in 529.1ms
i Compiled tailwind/expose/theme/supports.mjs in 529.13ms
i Compiled tailwind/expose/theme/data.mjs in 529.15ms
i Compiled tailwind/expose/theme/textColor.mjs in 529.17ms
i Compiled tailwind/expose/theme/textDecorationColor.mjs in 529.09ms
i Compiled tailwind/expose/theme/textDecorationThickness.mjs in 528.88ms
i Compiled tailwind/expose/theme/textIndent.mjs in 528.9ms
i Compiled tailwind/expose/theme/textOpacity.mjs in 528.91ms
i Compiled tailwind/expose/theme/textUnderlineOffset.mjs in 528.93ms
i Compiled tailwind/expose/theme/transformOrigin.mjs in 528.95ms
i Compiled tailwind/expose/theme/transitionDelay.mjs in 528.98ms
i Compiled tailwind/expose/theme/transitionDuration.mjs in 529ms
i Compiled tailwind/expose/theme/transitionProperty.mjs in 529.02ms
i Compiled tailwind/expose/theme/transitionTimingFunction.mjs in 529.05ms
i Compiled tailwind/expose/theme/translate.mjs in 529.08ms
i Compiled tailwind/expose/theme/size.mjs in 529.09ms
i Compiled tailwind/expose/theme/width.mjs in 529.09ms
i Compiled tailwind/expose/theme/willChange.mjs in 529.08ms
i Compiled tailwind/expose/theme/zIndex.mjs in 529.1ms
i Compiled tailwind/expose/theme.mjs in 529.12ms
i Compiled tailwind/expose/corePlugins.mjs in 543.94ms
i Compiled tailwind/expose/theme/accentColor.mjs in 503.68ms
i Compiled tailwind/expose/theme/animation.mjs in 503.61ms
i Compiled tailwind/expose/theme/aria.mjs in 503.64ms
i Compiled tailwind/expose/theme/aspectRatio.mjs in 503.67ms
i Compiled tailwind/expose/theme/backdropBlur.mjs in 503.7ms
i Compiled tailwind/expose/theme/backdropBrightness.mjs in 503.73ms
i Compiled tailwind/expose/theme/backdropContrast.mjs in 503.75ms
i Compiled tailwind/expose/theme/backdropGrayscale.mjs in 503.78ms
i Compiled tailwind/expose/theme/backdropHueRotate.mjs in 503.81ms
i Compiled tailwind/expose/theme/backdropInvert.mjs in 503.84ms
i Compiled tailwind/expose/theme/backdropOpacity.mjs in 503.87ms
i Compiled tailwind/expose/theme/backdropSaturate.mjs in 503.88ms
i Compiled tailwind/expose/theme/backdropSepia.mjs in 503.9ms
i Compiled tailwind/expose/theme/backgroundColor.mjs in 503.93ms
i Compiled tailwind/expose/theme/backgroundImage.mjs in 503.75ms
i Compiled tailwind/expose/theme/backgroundOpacity.mjs in 503.78ms
i Compiled tailwind/expose/theme/backgroundPosition.mjs in 503.81ms
i Compiled tailwind/expose/theme/backgroundSize.mjs in 503.83ms
i Compiled tailwind/expose/theme/blur.mjs in 503.86ms
i Compiled tailwind/expose/theme/borderColor.mjs in 503.89ms
i Compiled tailwind/expose/theme/borderOpacity.mjs in 503.8ms
i Compiled tailwind/expose/theme/borderRadius.mjs in 503.82ms
i Compiled tailwind/expose/theme/borderSpacing.mjs in 503.84ms
i Compiled tailwind/expose/theme/borderWidth.mjs in 503.85ms
i Compiled tailwind/expose/theme/boxShadow.mjs in 503.88ms
i Compiled tailwind/expose/theme/boxShadowColor.mjs in 503.9ms
i Compiled tailwind/expose/theme/brightness.mjs in 503.65ms
i Compiled tailwind/expose/theme/caretColor.mjs in 503.68ms
i Compiled tailwind/expose/theme/colors.mjs in 503.4ms
i Compiled tailwind/expose/theme/columns.mjs in 503.1ms
i Compiled tailwind/expose/theme/container.mjs in 503.1ms
i Compiled tailwind/expose/theme/content.mjs in 503.12ms
i Compiled tailwind/expose/theme/contrast.mjs in 503.15ms
i Compiled tailwind/expose/theme/cursor.mjs in 503.2ms
i Compiled tailwind/expose/theme/divideColor.mjs in 503.25ms
i Compiled tailwind/expose/theme/divideOpacity.mjs in 503.16ms
i Compiled tailwind/expose/theme/divideWidth.mjs in 503.18ms
i Compiled tailwind/expose/theme/dropShadow.mjs in 503.67ms
i Compiled tailwind/expose/theme/accentColor.mjs in 520.24ms
i Compiled tailwind/expose/theme/animation.mjs in 504.46ms
i Compiled tailwind/expose/theme/aria.mjs in 504.47ms
i Compiled tailwind/expose/theme/aspectRatio.mjs in 504.5ms
i Compiled tailwind/expose/theme/backdropBlur.mjs in 504.53ms
i Compiled tailwind/expose/theme/backdropBrightness.mjs in 504.55ms
i Compiled tailwind/expose/theme/backdropContrast.mjs in 504.57ms
i Compiled tailwind/expose/theme/accentColor.mjs in 548.11ms
i Compiled tailwind/expose/theme/animation.mjs in 531.75ms
i Compiled tailwind/expose/theme/aria.mjs in 531.76ms
i Compiled tailwind/expose/theme/aspectRatio.mjs in 531.79ms
i Compiled tailwind/expose/theme/backdropBlur.mjs in 531.81ms
i Compiled tailwind/expose/theme/backdropBrightness.mjs in 531.86ms
i Compiled tailwind/expose/theme/backdropContrast.mjs in 531.89ms
i Compiled tailwind/expose/theme/backdropGrayscale.mjs in 526.86ms
i Compiled tailwind/expose/theme/backdropHueRotate.mjs in 526.89ms
i Compiled tailwind/expose/theme/backdropInvert.mjs in 526.92ms
i Compiled tailwind/expose/theme/backdropOpacity.mjs in 526.94ms
i Compiled tailwind/expose/theme/backdropSaturate.mjs in 526.96ms
i Compiled tailwind/expose/theme/backdropSepia.mjs in 526.98ms
i Compiled tailwind/expose/theme/backgroundColor.mjs in 527.01ms
i Compiled tailwind/expose/theme/backgroundImage.mjs in 516.83ms
i Compiled tailwind/expose/theme/backgroundOpacity.mjs in 513.49ms
i Compiled tailwind/expose/theme/backgroundPosition.mjs in 513.5ms
i Compiled tailwind/expose/theme/backgroundSize.mjs in 513.53ms
i Compiled tailwind/expose/theme/blur.mjs in 513.56ms
i Compiled tailwind/expose/theme/borderColor.mjs in 513.59ms
i Compiled tailwind/expose/theme/borderOpacity.mjs in 513.49ms
i Compiled tailwind/expose/theme/borderRadius.mjs in 513.52ms
i Compiled tailwind/expose/theme/borderSpacing.mjs in 513.54ms
i Compiled tailwind/expose/theme/borderWidth.mjs in 513.54ms
i Compiled tailwind/expose/theme/boxShadow.mjs in 513.57ms
i Compiled tailwind/expose/theme/boxShadowColor.mjs in 513.59ms
i Compiled tailwind/expose/theme/brightness.mjs in 513.35ms
i Compiled tailwind/expose/theme/caretColor.mjs in 513.38ms
i Compiled tailwind/expose/theme/colors.mjs in 513.17ms
i Compiled tailwind/expose/theme/columns.mjs in 512.97ms
i Compiled tailwind/expose/theme/container.mjs in 512.99ms
i Compiled tailwind/expose/theme/content.mjs in 513.13ms
i Compiled tailwind/expose/theme/contrast.mjs in 513.17ms
i Compiled tailwind/expose/theme/cursor.mjs in 513.2ms
i Compiled tailwind/expose/theme/divideColor.mjs in 513.1ms
i Compiled tailwind/expose/theme/divideOpacity.mjs in 512.9ms
i Compiled tailwind/expose/theme/divideWidth.mjs in 512.91ms
i Compiled tailwind/expose/theme/dropShadow.mjs in 513.55ms
i Compiled tailwind/expose/theme/fill.mjs in 504.03ms
i Compiled tailwind/expose/theme/flex.mjs in 503.78ms
i Compiled tailwind/expose/theme/flexBasis.mjs in 503.81ms
i Compiled tailwind/expose/theme/flexGrow.mjs in 503.82ms
i Compiled tailwind/expose/theme/flexShrink.mjs in 503.85ms
i Compiled tailwind/expose/theme/fontFamily.mjs in 504.49ms
i Compiled tailwind/expose/theme/accentColor.mjs in 568.23ms
i Compiled tailwind/expose/theme/animation.mjs in 553.03ms
i Compiled tailwind/expose/theme/aria.mjs in 553.05ms
i Compiled tailwind/expose/theme/aspectRatio.mjs in 553.08ms
i Compiled tailwind/expose/theme/backdropBlur.mjs in 553.1ms
i Compiled tailwind/expose/theme/backdropBrightness.mjs in 553.13ms
i Compiled tailwind/expose/theme/backdropContrast.mjs in 553.15ms
i Compiled tailwind/expose/theme/backdropGrayscale.mjs in 548.12ms
i Compiled tailwind/expose/theme/backdropHueRotate.mjs in 548.15ms
i Compiled tailwind/expose/theme/backdropInvert.mjs in 548.17ms
i Compiled tailwind/expose/theme/backdropOpacity.mjs in 548.2ms
i Compiled tailwind/expose/theme/backdropSaturate.mjs in 548.23ms
i Compiled tailwind/expose/theme/backdropSepia.mjs in 548.27ms
i Compiled tailwind/expose/theme/backgroundColor.mjs in 548.29ms
i Compiled tailwind/expose/theme/backgroundImage.mjs in 537.55ms
i Compiled tailwind/expose/theme/backgroundOpacity.mjs in 537.56ms
i Compiled tailwind/expose/theme/backgroundPosition.mjs in 537.57ms
i Compiled tailwind/expose/theme/backgroundSize.mjs in 537.6ms
i Compiled tailwind/expose/theme/blur.mjs in 537.63ms
i Compiled tailwind/expose/theme/borderColor.mjs in 537.65ms
i Compiled tailwind/expose/theme/borderOpacity.mjs in 537.48ms
i Compiled tailwind/expose/theme/borderRadius.mjs in 537.5ms
i Compiled tailwind/expose/theme/borderSpacing.mjs in 537.52ms
i Compiled tailwind/expose/theme/borderWidth.mjs in 537.54ms
i Compiled tailwind/expose/theme/boxShadow.mjs in 537.56ms
i Compiled tailwind/expose/theme/boxShadowColor.mjs in 537.58ms
i Compiled tailwind/expose/theme/brightness.mjs in 537.35ms
i Compiled tailwind/expose/theme/caretColor.mjs in 537.38ms
i Compiled tailwind/expose/theme/colors.mjs in 537.15ms
i Compiled tailwind/expose/theme/columns.mjs in 536.93ms
i Compiled tailwind/expose/theme/container.mjs in 536.95ms
i Compiled tailwind/expose/theme/content.mjs in 536.97ms
i Compiled tailwind/expose/theme/contrast.mjs in 536.99ms
i Compiled tailwind/expose/theme/cursor.mjs in 537.02ms
i Compiled tailwind/expose/theme/divideColor.mjs in 537.02ms
i Compiled tailwind/expose/theme/divideOpacity.mjs in 536.81ms
i Compiled tailwind/expose/theme/divideWidth.mjs in 536.82ms
i Compiled tailwind/expose/theme/dropShadow.mjs in 537.37ms
i Compiled tailwind/expose/theme/fill.mjs in 528.96ms
i Compiled tailwind/expose/theme/flex.mjs in 528.7ms
i Compiled tailwind/expose/theme/flexBasis.mjs in 528.72ms
i Compiled tailwind/expose/theme/flexGrow.mjs in 528.73ms
i Compiled tailwind/expose/theme/flexShrink.mjs in 528.75ms
i Compiled tailwind/expose/theme/fontFamily.mjs in 529.29ms
i Compiled tailwind/expose/theme/fontSize.mjs in 519.65ms
i Compiled tailwind/expose/corePlugins.mjs in 511.38ms

 WARN  'manifest-route-rule' middleware already exists at 'D:/domains/ratingo-admin/node_modules/nuxt/dist/app/middleware/manifest-route-rule.js'. You can set override: true to replace it.


 WARN  'manifest-route-rule' middleware already exists at 'D:/domains/ratingo-admin/node_modules/nuxt/dist/app/middleware/manifest-route-rule.js'. You can set override: true to replace it.


 WARN  'manifest-route-rule' middleware already exists at 'D:/domains/ratingo-admin/node_modules/nuxt/dist/app/middleware/manifest-route-rule.js'. You can set override: true to replace it.


 WARN  'manifest-route-rule' middleware already exists at 'D:/domains/ratingo-admin/node_modules/nuxt/dist/app/middleware/manifest-route-rule.js'. You can set override: true to replace it.


 WARN  'manifest-route-rule' middleware already exists at 'D:/domains/ratingo-admin/node_modules/nuxt/dist/app/middleware/manifest-route-rule.js'. You can set override: true to replace it.


 WARN  'manifest-route-rule' middleware already exists at 'D:/domains/ratingo-admin/node_modules/nuxt/dist/app/middleware/manifest-route-rule.js'. You can set override: true to replace it.


 WARN  'manifest-route-rule' middleware already exists at 'D:/domains/ratingo-admin/node_modules/nuxt/dist/app/middleware/manifest-route-rule.js'. You can set override: true to replace it. (repeated 511 times)


 WARN  'manifest-route-rule' middleware already exists at 'D:/domains/ratingo-admin/node_modules/nuxt/dist/app/middleware/manifest-route-rule.js'. You can set override: true to replace it.


 WARN  'manifest-route-rule' middleware already exists at 'D:/domains/ratingo-admin/node_modules/nuxt/dist/app/middleware/manifest-route-rule.js'. You can set override: true to replace it.


 WARN  'manifest-route-rule' middleware already exists at 'D:/domains/ratingo-admin/node_modules/nuxt/dist/app/middleware/manifest-route-rule.js'. You can set override: true to replace it.


 WARN  'manifest-route-rule' middleware already exists at 'D:/domains/ratingo-admin/node_modules/nuxt/dist/app/middleware/manifest-route-rule.js'. You can set override: true to replace it.


 WARN  'manifest-route-rule' middleware already exists at 'D:/domains/ratingo-admin/node_modules/nuxt/dist/app/middleware/manifest-route-rule.js'. You can set override: true to replace it.


 WARN  'manifest-route-rule' middleware already exists at 'D:/domains/ratingo-admin/node_modules/nuxt/dist/app/middleware/manifest-route-rule.js'. You can set override: true to replace it. (repeated 373 times)

i Compiled tailwind/expose/theme/accentColor.mjs in 561.36ms
i Compiled tailwind/expose/theme/animation.mjs in 561.58ms
i Compiled tailwind/expose/theme/aria.mjs in 561.62ms
i Compiled tailwind/expose/theme/aspectRatio.mjs in 561.65ms
i Compiled tailwind/expose/theme/backdropBlur.mjs in 561.69ms
i Compiled tailwind/expose/theme/backdropBrightness.mjs in 561.73ms
i Compiled tailwind/expose/theme/backdropContrast.mjs in 561.78ms
i Compiled tailwind/expose/theme/backdropGrayscale.mjs in 561.82ms
i Compiled tailwind/expose/theme/backdropHueRotate.mjs in 561.87ms
i Compiled tailwind/expose/theme/backdropInvert.mjs in 561.9ms
i Compiled tailwind/expose/theme/backdropOpacity.mjs in 561.95ms
i Compiled tailwind/expose/theme/backdropSaturate.mjs in 561.98ms
i Compiled tailwind/expose/theme/backdropSepia.mjs in 562.01ms
i Compiled tailwind/expose/theme/backgroundColor.mjs in 562.04ms
i Compiled tailwind/expose/theme/backgroundImage.mjs in 561.97ms
i Compiled tailwind/expose/theme/backgroundOpacity.mjs in 562.01ms
i Compiled tailwind/expose/theme/backgroundPosition.mjs in 562.05ms
i Compiled tailwind/expose/theme/backgroundSize.mjs in 562.08ms
i Compiled tailwind/expose/theme/blur.mjs in 562.11ms
i Compiled tailwind/expose/theme/borderColor.mjs in 562.15ms
i Compiled tailwind/expose/theme/borderOpacity.mjs in 562.09ms
i Compiled tailwind/expose/theme/borderRadius.mjs in 562.12ms
i Compiled tailwind/expose/theme/borderSpacing.mjs in 562.17ms
i Compiled tailwind/expose/theme/borderWidth.mjs in 562.2ms
i Compiled tailwind/expose/theme/boxShadow.mjs in 562.23ms
i Compiled tailwind/expose/theme/boxShadowColor.mjs in 562.26ms
i Compiled tailwind/expose/theme/brightness.mjs in 562.2ms
i Compiled tailwind/expose/theme/caretColor.mjs in 562.23ms
i Compiled tailwind/expose/theme/colors.mjs in 562.17ms
i Compiled tailwind/expose/theme/columns.mjs in 562.12ms
i Compiled tailwind/expose/theme/container.mjs in 562.14ms
i Compiled tailwind/expose/theme/content.mjs in 562.17ms
i Compiled tailwind/expose/theme/contrast.mjs in 562.2ms
i Compiled tailwind/expose/theme/cursor.mjs in 562.22ms
i Compiled tailwind/expose/theme/divideColor.mjs in 562.25ms
i Compiled tailwind/expose/theme/divideOpacity.mjs in 562.19ms
i Compiled tailwind/expose/theme/divideWidth.mjs in 562.23ms
i Compiled tailwind/expose/theme/dropShadow.mjs in 563.01ms
i Compiled tailwind/expose/theme/fill.mjs in 555.31ms
i Compiled tailwind/expose/theme/flex.mjs in 555.22ms
i Compiled tailwind/expose/theme/flexBasis.mjs in 555.27ms
i Compiled tailwind/expose/theme/flexGrow.mjs in 555.29ms
i Compiled tailwind/expose/theme/flexShrink.mjs in 555.32ms
i Compiled tailwind/expose/theme/fontFamily.mjs in 556.04ms
i Compiled tailwind/expose/theme/fontSize.mjs in 546.84ms
i Compiled tailwind/expose/theme/fontWeight.mjs in 527ms
i Compiled tailwind/expose/theme/gap.mjs in 527.02ms
i Compiled tailwind/expose/theme/gradientColorStops.mjs in 527.08ms
i Compiled tailwind/expose/theme/gradientColorStopPositions.mjs in 527.02ms
i Compiled tailwind/expose/theme/grayscale.mjs in 527.08ms
i Compiled tailwind/expose/theme/gridAutoColumns.mjs in 527.12ms
i Compiled tailwind/expose/theme/gridAutoRows.mjs in 527.16ms
i Compiled tailwind/expose/theme/gridColumn.mjs in 527.21ms
i Compiled tailwind/expose/theme/gridColumnEnd.mjs in 527.28ms
i Compiled tailwind/expose/theme/gridColumnStart.mjs in 527.34ms
i Compiled tailwind/expose/theme/gridRow.mjs in 527.39ms
i Compiled tailwind/expose/theme/gridRowEnd.mjs in 527.43ms
i Compiled tailwind/expose/theme/gridRowStart.mjs in 527.46ms
i Compiled tailwind/expose/theme/gridTemplateColumns.mjs in 527.51ms
i Compiled tailwind/expose/theme/gridTemplateRows.mjs in 527.58ms
i Compiled tailwind/expose/theme/height.mjs in 527.64ms
i Compiled tailwind/expose/theme/hueRotate.mjs in 527.69ms
i Compiled tailwind/expose/theme/inset.mjs in 527.78ms
i Compiled tailwind/expose/theme/invert.mjs in 527.83ms
i Compiled tailwind/expose/theme/keyframes.mjs in 527.88ms
i Compiled tailwind/expose/theme/letterSpacing.mjs in 527.92ms
i Compiled tailwind/expose/theme/lineHeight.mjs in 528ms
i Compiled tailwind/expose/theme/listStyleType.mjs in 528.05ms
i Compiled tailwind/expose/theme/listStyleImage.mjs in 528.1ms
i Compiled tailwind/expose/theme/margin.mjs in 528.14ms
i Compiled tailwind/expose/theme/lineClamp.mjs in 528.19ms
i Compiled tailwind/expose/theme/maxHeight.mjs in 528.23ms
i Compiled tailwind/expose/theme/maxWidth.mjs in 528.27ms
i Compiled tailwind/expose/theme/minHeight.mjs in 528.29ms
i Compiled tailwind/expose/theme/minWidth.mjs in 528.33ms
i Compiled tailwind/expose/theme/objectPosition.mjs in 528.36ms
i Compiled tailwind/expose/theme/opacity.mjs in 528.43ms
i Compiled tailwind/expose/theme/order.mjs in 528.49ms
i Compiled tailwind/expose/theme/outlineColor.mjs in 528.54ms
i Compiled tailwind/expose/theme/outlineOffset.mjs in 528.49ms
i Compiled tailwind/expose/theme/outlineWidth.mjs in 528.53ms
i Compiled tailwind/expose/theme/padding.mjs in 528.58ms
i Compiled tailwind/expose/theme/placeholderColor.mjs in 528.62ms
i Compiled tailwind/expose/theme/placeholderOpacity.mjs in 528.57ms
i Compiled tailwind/expose/theme/ringColor.mjs in 528.61ms
i Compiled tailwind/expose/theme/ringOffsetColor.mjs in 528.55ms
i Compiled tailwind/expose/theme/ringOffsetWidth.mjs in 528.53ms
i Compiled tailwind/expose/theme/ringOpacity.mjs in 528.59ms
i Compiled tailwind/expose/theme/ringWidth.mjs in 528.63ms
i Compiled tailwind/expose/theme/rotate.mjs in 528.69ms
i Compiled tailwind/expose/theme/saturate.mjs in 528.72ms
i Compiled tailwind/expose/theme/scale.mjs in 528.77ms
i Compiled tailwind/expose/theme/screens.mjs in 528.8ms
i Compiled tailwind/expose/theme/scrollMargin.mjs in 528.84ms
i Compiled tailwind/expose/theme/scrollPadding.mjs in 528.87ms
i Compiled tailwind/expose/theme/sepia.mjs in 528.91ms
i Compiled tailwind/expose/theme/skew.mjs in 528.99ms
i Compiled tailwind/expose/theme/space.mjs in 529.18ms
i Compiled tailwind/expose/theme/spacing.mjs in 529.25ms
i Compiled tailwind/expose/theme/stroke.mjs in 529.32ms
i Compiled tailwind/expose/theme/strokeWidth.mjs in 529.28ms
i Compiled tailwind/expose/theme/supports.mjs in 529.36ms
i Compiled tailwind/expose/theme/data.mjs in 529.45ms
i Compiled tailwind/expose/theme/textColor.mjs in 529.52ms
i Compiled tailwind/expose/theme/textDecorationColor.mjs in 529.5ms
i Compiled tailwind/expose/theme/textDecorationThickness.mjs in 529.48ms
i Compiled tailwind/expose/theme/textIndent.mjs in 529.56ms
i Compiled tailwind/expose/theme/textOpacity.mjs in 529.63ms
i Compiled tailwind/expose/theme/textUnderlineOffset.mjs in 529.71ms
i Compiled tailwind/expose/theme/transformOrigin.mjs in 529.78ms
i Compiled tailwind/expose/theme/transitionDelay.mjs in 538.05ms
i Compiled tailwind/expose/theme/transitionDuration.mjs in 538.31ms
i Compiled tailwind/expose/theme/transitionProperty.mjs in 538.37ms
i Compiled tailwind/expose/theme/transitionTimingFunction.mjs in 538.41ms
i Compiled tailwind/expose/theme/translate.mjs in 538.46ms
i Compiled tailwind/expose/theme/size.mjs in 538.5ms
i Compiled tailwind/expose/theme/width.mjs in 538.52ms
i Compiled tailwind/expose/theme/willChange.mjs in 538.53ms
i Compiled tailwind/expose/theme/zIndex.mjs in 538.58ms
i Compiled tailwind/expose/theme.mjs in 538.62ms
i Compiled tailwind/expose/corePlugins.mjs in 557.1ms
i Compiled tailwind/expose/theme/accentColor.mjs in 610.36ms
i Compiled tailwind/expose/theme/animation.mjs in 610.48ms
i Compiled tailwind/expose/theme/aria.mjs in 610.52ms
i Compiled tailwind/expose/theme/aspectRatio.mjs in 610.54ms
i Compiled tailwind/expose/theme/backdropBlur.mjs in 610.57ms
i Compiled tailwind/expose/theme/backdropBrightness.mjs in 610.61ms
i Compiled tailwind/expose/theme/backdropContrast.mjs in 610.63ms
i Compiled tailwind/expose/theme/backdropGrayscale.mjs in 610.66ms
i Compiled tailwind/expose/theme/backdropHueRotate.mjs in 610.69ms
i Compiled tailwind/expose/theme/backdropInvert.mjs in 610.71ms
i Compiled tailwind/expose/theme/backdropOpacity.mjs in 610.74ms
i Compiled tailwind/expose/theme/backdropSaturate.mjs in 610.77ms
i Compiled tailwind/expose/theme/backdropSepia.mjs in 610.79ms
i Compiled tailwind/expose/theme/backgroundColor.mjs in 610.82ms
i Compiled tailwind/expose/theme/backgroundImage.mjs in 610.75ms
i Compiled tailwind/expose/theme/backgroundOpacity.mjs in 610.77ms
i Compiled tailwind/expose/theme/backgroundPosition.mjs in 610.8ms
i Compiled tailwind/expose/theme/backgroundSize.mjs in 610.84ms
i Compiled tailwind/expose/theme/blur.mjs in 610.93ms
i Compiled tailwind/expose/theme/borderColor.mjs in 610.99ms
i Compiled tailwind/expose/theme/borderOpacity.mjs in 610.95ms
i Compiled tailwind/expose/theme/borderRadius.mjs in 610.98ms
i Compiled tailwind/expose/theme/borderSpacing.mjs in 611.06ms
i Compiled tailwind/expose/theme/borderWidth.mjs in 611.11ms
i Compiled tailwind/expose/theme/boxShadow.mjs in 611.14ms
i Compiled tailwind/expose/theme/boxShadowColor.mjs in 611.17ms
i Compiled tailwind/expose/theme/brightness.mjs in 611.12ms
i Compiled tailwind/expose/theme/caretColor.mjs in 611.15ms
i Compiled tailwind/expose/theme/colors.mjs in 611.11ms
i Compiled tailwind/expose/theme/columns.mjs in 611.06ms
i Compiled tailwind/expose/theme/container.mjs in 611.1ms
i Compiled tailwind/expose/theme/content.mjs in 611.13ms
i Compiled tailwind/expose/theme/contrast.mjs in 611.17ms
i Compiled tailwind/expose/theme/cursor.mjs in 611.21ms
i Compiled tailwind/expose/theme/divideColor.mjs in 611.28ms
i Compiled tailwind/expose/theme/divideOpacity.mjs in 611.27ms
i Compiled tailwind/expose/theme/divideWidth.mjs in 611.33ms
i Compiled tailwind/expose/theme/dropShadow.mjs in 612.24ms
i Compiled tailwind/expose/theme/fill.mjs in 604.23ms
i Compiled tailwind/expose/theme/flex.mjs in 604.13ms
i Compiled tailwind/expose/theme/flexBasis.mjs in 604.16ms
i Compiled tailwind/expose/theme/flexGrow.mjs in 604.18ms
i Compiled tailwind/expose/theme/flexShrink.mjs in 604.2ms
i Compiled tailwind/expose/theme/fontFamily.mjs in 605.21ms
i Compiled tailwind/expose/theme/fontSize.mjs in 596.23ms
i Compiled tailwind/expose/theme/fontWeight.mjs in 576.52ms
i Compiled tailwind/expose/theme/gap.mjs in 576.53ms
i Compiled tailwind/expose/theme/gradientColorStops.mjs in 576.55ms
i Compiled tailwind/expose/theme/gradientColorStopPositions.mjs in 576.49ms
i Compiled tailwind/expose/theme/grayscale.mjs in 576.52ms
i Compiled tailwind/expose/theme/gridAutoColumns.mjs in 576.54ms
i Compiled tailwind/expose/theme/gridAutoRows.mjs in 576.57ms
i Compiled tailwind/expose/theme/gridColumn.mjs in 576.61ms
i Compiled tailwind/expose/theme/gridColumnEnd.mjs in 576.64ms
i Compiled tailwind/expose/theme/gridColumnStart.mjs in 576.68ms
i Compiled tailwind/expose/theme/gridRow.mjs in 576.71ms
i Compiled tailwind/expose/theme/gridRowEnd.mjs in 576.74ms
i Compiled tailwind/expose/theme/gridRowStart.mjs in 576.77ms
i Compiled tailwind/expose/theme/gridTemplateColumns.mjs in 576.82ms
i Compiled tailwind/expose/theme/gridTemplateRows.mjs in 576.86ms
i Compiled tailwind/expose/theme/height.mjs in 576.89ms
i Compiled tailwind/expose/theme/hueRotate.mjs in 576.91ms
i Compiled tailwind/expose/theme/inset.mjs in 576.95ms
i Compiled tailwind/expose/theme/invert.mjs in 576.98ms
i Compiled tailwind/expose/theme/keyframes.mjs in 577.02ms
i Compiled tailwind/expose/theme/letterSpacing.mjs in 577.06ms
i Compiled tailwind/expose/theme/lineHeight.mjs in 577.09ms
i Compiled tailwind/expose/theme/listStyleType.mjs in 577.12ms
i Compiled tailwind/expose/theme/listStyleImage.mjs in 577.16ms
i Compiled tailwind/expose/theme/margin.mjs in 577.21ms
i Compiled tailwind/expose/theme/lineClamp.mjs in 577.25ms
i Compiled tailwind/expose/theme/maxHeight.mjs in 577.3ms
i Compiled tailwind/expose/theme/maxWidth.mjs in 577.32ms
i Compiled tailwind/expose/theme/minHeight.mjs in 577.33ms
i Compiled tailwind/expose/theme/minWidth.mjs in 577.34ms
i Compiled tailwind/expose/theme/objectPosition.mjs in 577.36ms
i Compiled tailwind/expose/theme/opacity.mjs in 577.39ms
i Compiled tailwind/expose/theme/order.mjs in 577.41ms
i Compiled tailwind/expose/theme/outlineColor.mjs in 577.45ms
i Compiled tailwind/expose/theme/outlineOffset.mjs in 577.41ms
i Compiled tailwind/expose/theme/outlineWidth.mjs in 577.44ms
i Compiled tailwind/expose/theme/padding.mjs in 577.46ms
i Compiled tailwind/expose/theme/placeholderColor.mjs in 577.49ms
i Compiled tailwind/expose/theme/placeholderOpacity.mjs in 577.48ms
i Compiled tailwind/expose/theme/ringColor.mjs in 577.57ms
i Compiled tailwind/expose/theme/ringOffsetColor.mjs in 577.52ms
i Compiled tailwind/expose/theme/ringOffsetWidth.mjs in 577.47ms
i Compiled tailwind/expose/theme/ringOpacity.mjs in 577.51ms
i Compiled tailwind/expose/theme/ringWidth.mjs in 577.55ms
i Compiled tailwind/expose/theme/rotate.mjs in 577.58ms
i Compiled tailwind/expose/theme/saturate.mjs in 577.62ms
i Compiled tailwind/expose/theme/scale.mjs in 577.65ms
i Compiled tailwind/expose/theme/screens.mjs in 577.7ms
i Compiled tailwind/expose/theme/scrollMargin.mjs in 577.73ms
i Compiled tailwind/expose/theme/scrollPadding.mjs in 577.77ms
i Compiled tailwind/expose/theme/sepia.mjs in 577.81ms
i Compiled tailwind/expose/theme/skew.mjs in 577.86ms
i Compiled tailwind/expose/theme/space.mjs in 577.89ms
i Compiled tailwind/expose/theme/spacing.mjs in 577.92ms
i Compiled tailwind/expose/theme/stroke.mjs in 577.94ms
i Compiled tailwind/expose/theme/strokeWidth.mjs in 577.89ms
i Compiled tailwind/expose/theme/supports.mjs in 577.93ms
i Compiled tailwind/expose/theme/data.mjs in 577.99ms
i Compiled tailwind/expose/theme/textColor.mjs in 578.03ms
i Compiled tailwind/expose/theme/textDecorationColor.mjs in 577.97ms
i Compiled tailwind/expose/theme/textDecorationThickness.mjs in 577.91ms
i Compiled tailwind/expose/theme/textIndent.mjs in 577.95ms
i Compiled tailwind/expose/theme/textOpacity.mjs in 577.96ms
i Compiled tailwind/expose/theme/textUnderlineOffset.mjs in 577.99ms
i Compiled tailwind/expose/theme/transformOrigin.mjs in 578.01ms
i Compiled tailwind/expose/theme/transitionDelay.mjs in 578.05ms
i Compiled tailwind/expose/theme/transitionDuration.mjs in 578.09ms
i Compiled tailwind/expose/theme/transitionProperty.mjs in 578.14ms
i Compiled tailwind/expose/theme/transitionTimingFunction.mjs in 578.18ms
i Compiled tailwind/expose/theme/translate.mjs in 578.22ms
i Compiled tailwind/expose/theme/size.mjs in 578.25ms
i Compiled tailwind/expose/theme/width.mjs in 578.27ms
i Compiled tailwind/expose/theme/willChange.mjs in 578.28ms
i Compiled tailwind/expose/theme/zIndex.mjs in 578.31ms
i Compiled tailwind/expose/theme.mjs in 578.35ms
i Compiled tailwind/expose/corePlugins.mjs in 596.55ms
i Compiled tailwind/expose/theme/accentColor.mjs in 568.99ms
i Compiled tailwind/expose/theme/accentColor.mjs in 540.29ms
i Compiled tailwind/expose/theme/animation.mjs in 540.14ms
i Compiled tailwind/expose/theme/aria.mjs in 540.17ms
i Compiled tailwind/expose/theme/aspectRatio.mjs in 540.19ms
i Compiled tailwind/expose/theme/backdropBlur.mjs in 540.21ms
i Compiled tailwind/expose/theme/backdropBrightness.mjs in 540.24ms
i Compiled tailwind/expose/theme/backdropContrast.mjs in 540.26ms
i Compiled tailwind/expose/theme/backdropGrayscale.mjs in 540.31ms
i Compiled tailwind/expose/theme/backdropHueRotate.mjs in 540.34ms
i Compiled tailwind/expose/theme/backdropInvert.mjs in 540.36ms
i Compiled tailwind/expose/theme/backdropOpacity.mjs in 540.38ms
i Compiled tailwind/expose/theme/backdropSaturate.mjs in 540.4ms
i Compiled tailwind/expose/theme/backdropSepia.mjs in 540.42ms
i Compiled tailwind/expose/theme/backgroundColor.mjs in 540.45ms
i Compiled tailwind/expose/theme/backgroundImage.mjs in 540.12ms
i Compiled tailwind/expose/theme/backgroundOpacity.mjs in 540.14ms
i Compiled tailwind/expose/theme/backgroundPosition.mjs in 540.17ms
i Compiled tailwind/expose/theme/backgroundSize.mjs in 540.2ms
i Compiled tailwind/expose/theme/blur.mjs in 540.22ms
i Compiled tailwind/expose/theme/borderColor.mjs in 540.25ms
i Compiled tailwind/expose/theme/borderOpacity.mjs in 540.06ms
i Compiled tailwind/expose/theme/borderRadius.mjs in 540.07ms
i Compiled tailwind/expose/theme/borderSpacing.mjs in 540.09ms
i Compiled tailwind/expose/theme/borderWidth.mjs in 540.1ms
i Compiled tailwind/expose/theme/boxShadow.mjs in 540.12ms
i Compiled tailwind/expose/theme/boxShadowColor.mjs in 540.14ms
i Compiled tailwind/expose/theme/brightness.mjs in 539.89ms
i Compiled tailwind/expose/theme/caretColor.mjs in 539.91ms
i Compiled tailwind/expose/theme/colors.mjs in 539.78ms
i Compiled tailwind/expose/theme/columns.mjs in 539.4ms
i Compiled tailwind/expose/theme/container.mjs in 539.39ms
i Compiled tailwind/expose/theme/content.mjs in 539.41ms
i Compiled tailwind/expose/theme/contrast.mjs in 539.43ms
i Compiled tailwind/expose/theme/cursor.mjs in 539.45ms
i Compiled tailwind/expose/theme/divideColor.mjs in 539.45ms
i Compiled tailwind/expose/theme/divideOpacity.mjs in 539.18ms
i Compiled tailwind/expose/theme/divideWidth.mjs in 539.18ms
i Compiled tailwind/expose/theme/dropShadow.mjs in 539.66ms
i Compiled tailwind/expose/theme/fill.mjs in 530.01ms
i Compiled tailwind/expose/theme/flex.mjs in 529.76ms
i Compiled tailwind/expose/theme/flexBasis.mjs in 529.78ms
i Compiled tailwind/expose/theme/flexGrow.mjs in 529.79ms
i Compiled tailwind/expose/theme/flexShrink.mjs in 529.81ms
i Compiled tailwind/expose/theme/fontFamily.mjs in 530.38ms
i Compiled tailwind/expose/theme/fontSize.mjs in 519.15ms
i Compiled tailwind/expose/corePlugins.mjs in 506.38ms
i Compiled tailwind/expose/theme/accentColor.mjs in 515.37ms
i Compiled tailwind/expose/theme/animation.mjs in 515.49ms
i Compiled tailwind/expose/theme/aria.mjs in 515.53ms
i Compiled tailwind/expose/theme/aspectRatio.mjs in 515.55ms
i Compiled tailwind/expose/theme/backdropBlur.mjs in 515.59ms
i Compiled tailwind/expose/theme/backdropBrightness.mjs in 515.63ms
i Compiled tailwind/expose/theme/backdropContrast.mjs in 515.67ms
i Compiled tailwind/expose/theme/backdropGrayscale.mjs in 515.72ms
i Compiled tailwind/expose/theme/backdropHueRotate.mjs in 515.76ms
i Compiled tailwind/expose/theme/backdropInvert.mjs in 515.79ms
i Compiled tailwind/expose/theme/backdropOpacity.mjs in 515.84ms
i Compiled tailwind/expose/theme/backdropSaturate.mjs in 515.88ms
i Compiled tailwind/expose/theme/backdropSepia.mjs in 515.92ms
i Compiled tailwind/expose/theme/backgroundColor.mjs in 515.95ms
i Compiled tailwind/expose/theme/backgroundImage.mjs in 515.9ms
i Compiled tailwind/expose/theme/backgroundOpacity.mjs in 515.93ms
i Compiled tailwind/expose/theme/backgroundPosition.mjs in 515.98ms
i Compiled tailwind/expose/theme/backgroundSize.mjs in 516.03ms
i Compiled tailwind/expose/theme/blur.mjs in 516.08ms
i Compiled tailwind/expose/theme/borderColor.mjs in 516.12ms
i Compiled tailwind/expose/theme/borderOpacity.mjs in 516.08ms
i Compiled tailwind/expose/theme/borderRadius.mjs in 516.11ms
i Compiled tailwind/expose/theme/borderSpacing.mjs in 516.15ms
i Compiled tailwind/expose/theme/borderWidth.mjs in 516.18ms
i Compiled tailwind/expose/theme/boxShadow.mjs in 516.26ms
i Compiled tailwind/expose/theme/boxShadowColor.mjs in 516.38ms
i Compiled tailwind/expose/theme/brightness.mjs in 516.42ms
i Compiled tailwind/expose/theme/caretColor.mjs in 516.5ms
i Compiled tailwind/expose/theme/colors.mjs in 516.48ms
i Compiled tailwind/expose/theme/columns.mjs in 516.46ms
i Compiled tailwind/expose/theme/container.mjs in 516.52ms
i Compiled tailwind/expose/theme/content.mjs in 516.58ms
i Compiled tailwind/expose/theme/contrast.mjs in 516.64ms
i Compiled tailwind/expose/theme/cursor.mjs in 516.76ms
i Compiled tailwind/expose/theme/divideColor.mjs in 516.83ms
i Compiled tailwind/expose/theme/divideOpacity.mjs in 516.81ms
i Compiled tailwind/expose/theme/divideWidth.mjs in 516.87ms
i Compiled tailwind/expose/theme/dropShadow.mjs in 517.84ms
i Compiled tailwind/expose/theme/fill.mjs in 509.64ms
i Compiled tailwind/expose/theme/flex.mjs in 509.55ms
i Compiled tailwind/expose/theme/flexBasis.mjs in 509.64ms
i Compiled tailwind/expose/theme/flexGrow.mjs in 509.67ms
i Compiled tailwind/expose/theme/flexShrink.mjs in 509.71ms
i Compiled tailwind/expose/theme/fontFamily.mjs in 510.64ms
i Compiled tailwind/expose/theme/fontSize.mjs in 502.06ms
i Compiled tailwind/expose/theme/accentColor.mjs in 522ms
i Compiled tailwind/expose/theme/animation.mjs in 522.11ms
i Compiled tailwind/expose/theme/aria.mjs in 522.15ms
i Compiled tailwind/expose/theme/aspectRatio.mjs in 522.18ms
i Compiled tailwind/expose/theme/backdropBlur.mjs in 522.21ms
i Compiled tailwind/expose/theme/backdropBrightness.mjs in 522.26ms
i Compiled tailwind/expose/theme/backdropContrast.mjs in 522.31ms
i Compiled tailwind/expose/theme/backdropGrayscale.mjs in 522.35ms
i Compiled tailwind/expose/theme/backdropHueRotate.mjs in 522.39ms
i Compiled tailwind/expose/theme/backdropInvert.mjs in 522.47ms
i Compiled tailwind/expose/theme/backdropOpacity.mjs in 522.56ms
i Compiled tailwind/expose/theme/backdropSaturate.mjs in 522.61ms
i Compiled tailwind/expose/theme/backdropSepia.mjs in 522.65ms
i Compiled tailwind/expose/theme/backgroundColor.mjs in 522.68ms
i Compiled tailwind/expose/theme/backgroundImage.mjs in 522.61ms
i Compiled tailwind/expose/theme/backgroundOpacity.mjs in 522.64ms
i Compiled tailwind/expose/theme/backgroundPosition.mjs in 522.67ms
i Compiled tailwind/expose/theme/backgroundSize.mjs in 522.72ms
i Compiled tailwind/expose/theme/blur.mjs in 522.76ms
i Compiled tailwind/expose/theme/borderColor.mjs in 522.79ms
i Compiled tailwind/expose/theme/borderOpacity.mjs in 522.73ms
i Compiled tailwind/expose/theme/borderRadius.mjs in 522.75ms
i Compiled tailwind/expose/theme/borderSpacing.mjs in 522.78ms
i Compiled tailwind/expose/theme/borderWidth.mjs in 522.8ms
i Compiled tailwind/expose/theme/boxShadow.mjs in 522.85ms
i Compiled tailwind/expose/theme/boxShadowColor.mjs in 522.9ms
i Compiled tailwind/expose/theme/brightness.mjs in 522.87ms
i Compiled tailwind/expose/theme/caretColor.mjs in 522.92ms
i Compiled tailwind/expose/theme/colors.mjs in 522.85ms
i Compiled tailwind/expose/theme/columns.mjs in 522.8ms
i Compiled tailwind/expose/theme/container.mjs in 522.83ms
i Compiled tailwind/expose/theme/content.mjs in 522.87ms
i Compiled tailwind/expose/theme/contrast.mjs in 522.91ms
i Compiled tailwind/expose/theme/cursor.mjs in 522.95ms
i Compiled tailwind/expose/theme/divideColor.mjs in 522.98ms
i Compiled tailwind/expose/theme/divideOpacity.mjs in 522.94ms
i Compiled tailwind/expose/theme/divideWidth.mjs in 522.97ms
i Compiled tailwind/expose/theme/dropShadow.mjs in 523.92ms
i Compiled tailwind/expose/theme/fill.mjs in 515.64ms
i Compiled tailwind/expose/theme/flex.mjs in 515.59ms
i Compiled tailwind/expose/theme/flexBasis.mjs in 515.64ms
i Compiled tailwind/expose/theme/flexGrow.mjs in 515.65ms
i Compiled tailwind/expose/theme/flexShrink.mjs in 515.68ms
i Compiled tailwind/expose/theme/fontFamily.mjs in 516.5ms
i Compiled tailwind/expose/theme/fontSize.mjs in 507.9ms
i Compiled tailwind/expose/corePlugins.mjs in 503.29ms
i Compiled tailwind/expose/theme/accentColor.mjs in 519.17ms
i Compiled tailwind/expose/theme/animation.mjs in 519.05ms
i Compiled tailwind/expose/theme/aria.mjs in 519.08ms
i Compiled tailwind/expose/theme/aspectRatio.mjs in 519.1ms
i Compiled tailwind/expose/theme/backdropBlur.mjs in 519.12ms
i Compiled tailwind/expose/theme/backdropBrightness.mjs in 519.16ms
i Compiled tailwind/expose/theme/backdropContrast.mjs in 519.18ms
i Compiled tailwind/expose/theme/backdropGrayscale.mjs in 519.22ms
i Compiled tailwind/expose/theme/backdropHueRotate.mjs in 519.27ms
i Compiled tailwind/expose/theme/backdropInvert.mjs in 519.31ms
i Compiled tailwind/expose/theme/backdropOpacity.mjs in 519.34ms
i Compiled tailwind/expose/theme/backdropSaturate.mjs in 519.35ms
i Compiled tailwind/expose/theme/backdropSepia.mjs in 519.38ms
i Compiled tailwind/expose/theme/backgroundColor.mjs in 519.4ms
i Compiled tailwind/expose/theme/backgroundImage.mjs in 519.2ms
i Compiled tailwind/expose/theme/backgroundOpacity.mjs in 519.21ms
i Compiled tailwind/expose/theme/backgroundPosition.mjs in 519.24ms
i Compiled tailwind/expose/theme/backgroundSize.mjs in 519.26ms
i Compiled tailwind/expose/theme/blur.mjs in 519.29ms
i Compiled tailwind/expose/theme/borderColor.mjs in 519.32ms
i Compiled tailwind/expose/theme/borderOpacity.mjs in 519.11ms
i Compiled tailwind/expose/theme/borderRadius.mjs in 519.14ms
i Compiled tailwind/expose/theme/borderSpacing.mjs in 519.2ms
i Compiled tailwind/expose/theme/borderWidth.mjs in 519.21ms
i Compiled tailwind/expose/theme/boxShadow.mjs in 519.24ms
i Compiled tailwind/expose/theme/boxShadowColor.mjs in 519.26ms
i Compiled tailwind/expose/theme/brightness.mjs in 519.06ms
i Compiled tailwind/expose/theme/caretColor.mjs in 519.08ms
i Compiled tailwind/expose/theme/colors.mjs in 518.89ms
i Compiled tailwind/expose/theme/columns.mjs in 518.69ms
i Compiled tailwind/expose/theme/container.mjs in 518.7ms
i Compiled tailwind/expose/theme/content.mjs in 518.73ms
i Compiled tailwind/expose/theme/contrast.mjs in 518.75ms
i Compiled tailwind/expose/theme/cursor.mjs in 518.77ms
i Compiled tailwind/expose/theme/divideColor.mjs in 518.78ms
i Compiled tailwind/expose/theme/divideOpacity.mjs in 518.55ms
i Compiled tailwind/expose/theme/divideWidth.mjs in 518.56ms
i Compiled tailwind/expose/theme/dropShadow.mjs in 519.14ms
i Compiled tailwind/expose/theme/fill.mjs in 509.83ms
i Compiled tailwind/expose/theme/flex.mjs in 509.6ms
i Compiled tailwind/expose/theme/flexBasis.mjs in 509.62ms
i Compiled tailwind/expose/theme/flexGrow.mjs in 509.63ms
i Compiled tailwind/expose/theme/flexShrink.mjs in 509.64ms
i Compiled tailwind/expose/theme/fontFamily.mjs in 510.22ms
i Compiled tailwind/expose/theme/accentColor.mjs in 527.56ms
i Compiled tailwind/expose/theme/accentColor.mjs in 522.09ms
i Compiled tailwind/expose/theme/animation.mjs in 507.02ms
i Compiled tailwind/expose/theme/aria.mjs in 507.03ms
i Compiled tailwind/expose/theme/aspectRatio.mjs in 507.05ms
i Compiled tailwind/expose/theme/backdropBlur.mjs in 507.08ms
i Compiled tailwind/expose/theme/backdropBrightness.mjs in 507.1ms
i Compiled tailwind/expose/theme/backdropContrast.mjs in 507.12ms
i Compiled tailwind/expose/theme/backdropGrayscale.mjs in 502.11ms
i Compiled tailwind/expose/theme/backdropHueRotate.mjs in 502.13ms
i Compiled tailwind/expose/theme/backdropInvert.mjs in 502.15ms
i Compiled tailwind/expose/theme/backdropOpacity.mjs in 502.17ms
i Compiled tailwind/expose/theme/backdropSaturate.mjs in 502.19ms
i Compiled tailwind/expose/theme/backdropSepia.mjs in 502.22ms
i Compiled tailwind/expose/theme/backgroundColor.mjs in 502.26ms
i Compiled tailwind/expose/theme/backgroundImage.mjs in 502.04ms
i Compiled tailwind/expose/theme/backgroundOpacity.mjs in 502.07ms
i Compiled tailwind/expose/theme/backgroundPosition.mjs in 502.09ms
i Compiled tailwind/expose/theme/backgroundSize.mjs in 502.14ms
i Compiled tailwind/expose/theme/blur.mjs in 502.17ms
i Compiled tailwind/expose/theme/borderColor.mjs in 502.19ms
i Compiled tailwind/expose/theme/borderOpacity.mjs in 502ms
i Compiled tailwind/expose/theme/borderRadius.mjs in 502.01ms
i Compiled tailwind/expose/theme/borderSpacing.mjs in 502.03ms
i Compiled tailwind/expose/theme/borderWidth.mjs in 502.04ms
i Compiled tailwind/expose/theme/boxShadow.mjs in 502.07ms
i Compiled tailwind/expose/theme/boxShadowColor.mjs in 502.09ms
i Compiled tailwind/expose/theme/brightness.mjs in 501.91ms
i Compiled tailwind/expose/theme/caretColor.mjs in 501.93ms
i Compiled tailwind/expose/theme/colors.mjs in 501.75ms
i Compiled tailwind/expose/theme/columns.mjs in 501.56ms
i Compiled tailwind/expose/theme/container.mjs in 501.58ms
i Compiled tailwind/expose/theme/content.mjs in 501.6ms
i Compiled tailwind/expose/theme/contrast.mjs in 501.62ms
i Compiled tailwind/expose/theme/cursor.mjs in 501.64ms
i Compiled tailwind/expose/theme/divideColor.mjs in 501.65ms
i Compiled tailwind/expose/theme/divideOpacity.mjs in 501.34ms
i Compiled tailwind/expose/theme/divideWidth.mjs in 501.36ms
i Compiled tailwind/expose/theme/dropShadow.mjs in 501.85ms
i Compiled tailwind/expose/theme/accentColor.mjs in 518.51ms
i Compiled tailwind/expose/theme/animation.mjs in 518.64ms
i Compiled tailwind/expose/theme/aria.mjs in 518.68ms
i Compiled tailwind/expose/theme/aspectRatio.mjs in 518.7ms
i Compiled tailwind/expose/theme/backdropBlur.mjs in 518.73ms
i Compiled tailwind/expose/theme/backdropBrightness.mjs in 518.76ms
i Compiled tailwind/expose/theme/backdropContrast.mjs in 518.79ms
i Compiled tailwind/expose/theme/backdropGrayscale.mjs in 518.82ms
i Compiled tailwind/expose/theme/backdropHueRotate.mjs in 518.85ms
i Compiled tailwind/expose/theme/backdropInvert.mjs in 518.89ms
i Compiled tailwind/expose/theme/backdropOpacity.mjs in 518.92ms
i Compiled tailwind/expose/theme/backdropSaturate.mjs in 518.95ms
i Compiled tailwind/expose/theme/backdropSepia.mjs in 518.98ms
i Compiled tailwind/expose/theme/backgroundColor.mjs in 519.01ms
i Compiled tailwind/expose/theme/backgroundImage.mjs in 518.94ms
i Compiled tailwind/expose/theme/backgroundOpacity.mjs in 518.96ms
i Compiled tailwind/expose/theme/backgroundPosition.mjs in 519ms
i Compiled tailwind/expose/theme/backgroundSize.mjs in 519.03ms
i Compiled tailwind/expose/theme/blur.mjs in 519.07ms
i Compiled tailwind/expose/theme/borderColor.mjs in 519.1ms
i Compiled tailwind/expose/theme/borderOpacity.mjs in 519.03ms
i Compiled tailwind/expose/theme/borderRadius.mjs in 519.05ms
i Compiled tailwind/expose/theme/borderSpacing.mjs in 519.07ms
i Compiled tailwind/expose/theme/borderWidth.mjs in 519.09ms
i Compiled tailwind/expose/theme/boxShadow.mjs in 519.13ms
i Compiled tailwind/expose/theme/boxShadowColor.mjs in 519.15ms
i Compiled tailwind/expose/theme/brightness.mjs in 519.09ms
i Compiled tailwind/expose/theme/caretColor.mjs in 519.11ms
i Compiled tailwind/expose/theme/colors.mjs in 519.05ms
i Compiled tailwind/expose/theme/columns.mjs in 518.98ms
i Compiled tailwind/expose/theme/container.mjs in 519ms
i Compiled tailwind/expose/theme/content.mjs in 519.03ms
i Compiled tailwind/expose/theme/contrast.mjs in 519.05ms
i Compiled tailwind/expose/theme/cursor.mjs in 519.07ms
i Compiled tailwind/expose/theme/divideColor.mjs in 519.09ms
i Compiled tailwind/expose/theme/divideOpacity.mjs in 519.03ms
i Compiled tailwind/expose/theme/divideWidth.mjs in 519.06ms
i Compiled tailwind/expose/theme/dropShadow.mjs in 519.75ms
i Compiled tailwind/expose/theme/fill.mjs in 511.54ms
i Compiled tailwind/expose/theme/flex.mjs in 511.42ms
i Compiled tailwind/expose/theme/flexBasis.mjs in 511.45ms
i Compiled tailwind/expose/theme/flexGrow.mjs in 511.47ms
i Compiled tailwind/expose/theme/flexShrink.mjs in 511.5ms
i Compiled tailwind/expose/theme/fontFamily.mjs in 512.24ms
i Compiled tailwind/expose/theme/fontSize.mjs in 503.68ms

 WARN  'manifest-route-rule' middleware already exists at 'D:/domains/ratingo-admin/node_modules/nuxt/dist/app/middleware/manifest-route-rule.js'. You can set override: true to replace it.


 WARN  'manifest-route-rule' middleware already exists at 'D:/domains/ratingo-admin/node_modules/nuxt/dist/app/middleware/manifest-route-rule.js'. You can set override: true to replace it.


 WARN  'manifest-route-rule' middleware already exists at 'D:/domains/ratingo-admin/node_modules/nuxt/dist/app/middleware/manifest-route-rule.js'. You can set override: true to replace it.


 WARN  'manifest-route-rule' middleware already exists at 'D:/domains/ratingo-admin/node_modules/nuxt/dist/app/middleware/manifest-route-rule.js'. You can set override: true to replace it.


 WARN  'manifest-route-rule' middleware already exists at 'D:/domains/ratingo-admin/node_modules/nuxt/dist/app/middleware/manifest-route-rule.js'. You can set override: true to replace it.


 WARN  'manifest-route-rule' middleware already exists at 'D:/domains/ratingo-admin/node_modules/nuxt/dist/app/middleware/manifest-route-rule.js'. You can set override: true to replace it.


 WARN  'manifest-route-rule' middleware already exists at 'D:/domains/ratingo-admin/node_modules/nuxt/dist/app/middleware/manifest-route-rule.js'. You can set override: true to replace it. (repeated 250 times)

i Compiled tailwind/expose/theme/accentColor.mjs in 541.53ms
i Compiled tailwind/expose/theme/animation.mjs in 546.67ms
i Compiled tailwind/expose/theme/aria.mjs in 546.76ms
i Compiled tailwind/expose/theme/aspectRatio.mjs in 546.83ms
i Compiled tailwind/expose/theme/backdropBlur.mjs in 546.87ms
i Compiled tailwind/expose/theme/backdropBrightness.mjs in 546.9ms
i Compiled tailwind/expose/theme/backdropContrast.mjs in 552.02ms
i Compiled tailwind/expose/theme/backdropGrayscale.mjs in 552.16ms
i Compiled tailwind/expose/theme/backdropHueRotate.mjs in 552.2ms
i Compiled tailwind/expose/theme/backdropInvert.mjs in 552.24ms
i Compiled tailwind/expose/theme/backdropOpacity.mjs in 552.3ms
i Compiled tailwind/expose/theme/backdropSaturate.mjs in 557.42ms
i Compiled tailwind/expose/theme/backdropSepia.mjs in 557.54ms
i Compiled tailwind/expose/theme/backgroundColor.mjs in 557.57ms
i Compiled tailwind/expose/theme/backgroundImage.mjs in 557.51ms
i Compiled tailwind/expose/theme/backgroundOpacity.mjs in 557.55ms
i Compiled tailwind/expose/theme/backgroundPosition.mjs in 562.75ms
i Compiled tailwind/expose/theme/backgroundSize.mjs in 562.87ms
i Compiled tailwind/expose/theme/blur.mjs in 562.91ms
i Compiled tailwind/expose/theme/borderColor.mjs in 562.95ms
i Compiled tailwind/expose/theme/borderOpacity.mjs in 562.9ms
i Compiled tailwind/expose/theme/borderRadius.mjs in 568.07ms
i Compiled tailwind/expose/theme/borderSpacing.mjs in 568.2ms
i Compiled tailwind/expose/theme/borderWidth.mjs in 568.22ms
i Compiled tailwind/expose/theme/boxShadow.mjs in 568.25ms
i Compiled tailwind/expose/theme/boxShadowColor.mjs in 568.28ms
i Compiled tailwind/expose/theme/brightness.mjs in 573.33ms
i Compiled tailwind/expose/theme/caretColor.mjs in 573.49ms
i Compiled tailwind/expose/theme/colors.mjs in 573.44ms
i Compiled tailwind/expose/theme/columns.mjs in 573.39ms
i Compiled tailwind/expose/theme/container.mjs in 573.41ms
i Compiled tailwind/expose/theme/content.mjs in 578.56ms
i Compiled tailwind/expose/theme/contrast.mjs in 578.86ms
i Compiled tailwind/expose/theme/cursor.mjs in 578.94ms
i Compiled tailwind/expose/theme/divideColor.mjs in 578.98ms
i Compiled tailwind/expose/theme/divideOpacity.mjs in 578.93ms
i Compiled tailwind/expose/theme/divideWidth.mjs in 584.09ms
i Compiled tailwind/expose/theme/dropShadow.mjs in 584.73ms
i Compiled tailwind/expose/theme/fill.mjs in 576.81ms
i Compiled tailwind/expose/theme/flex.mjs in 576.74ms
i Compiled tailwind/expose/theme/flexBasis.mjs in 576.78ms
i Compiled tailwind/expose/theme/flexGrow.mjs in 576.8ms
i Compiled tailwind/expose/theme/flexShrink.mjs in 581.98ms
i Compiled tailwind/expose/theme/fontFamily.mjs in 582.58ms
i Compiled tailwind/expose/theme/fontSize.mjs in 573.16ms
i Compiled tailwind/expose/theme/fontWeight.mjs in 553.21ms
i Compiled tailwind/expose/theme/gap.mjs in 553.22ms
i Compiled tailwind/expose/theme/gradientColorStops.mjs in 558.35ms
i Compiled tailwind/expose/theme/gradientColorStopPositions.mjs in 558.4ms
i Compiled tailwind/expose/theme/grayscale.mjs in 558.45ms
i Compiled tailwind/expose/theme/gridAutoColumns.mjs in 558.49ms
i Compiled tailwind/expose/theme/gridAutoRows.mjs in 558.54ms
i Compiled tailwind/expose/theme/gridColumn.mjs in 563.76ms
i Compiled tailwind/expose/theme/gridColumnEnd.mjs in 563.91ms
i Compiled tailwind/expose/theme/gridColumnStart.mjs in 563.95ms
i Compiled tailwind/expose/theme/gridRow.mjs in 563.99ms
i Compiled tailwind/expose/theme/gridRowEnd.mjs in 564.04ms
i Compiled tailwind/expose/theme/gridRowStart.mjs in 569.19ms
i Compiled tailwind/expose/theme/gridTemplateColumns.mjs in 569.33ms
i Compiled tailwind/expose/theme/gridTemplateRows.mjs in 569.37ms
i Compiled tailwind/expose/theme/height.mjs in 569.44ms
i Compiled tailwind/expose/theme/hueRotate.mjs in 569.47ms
i Compiled tailwind/expose/theme/inset.mjs in 574.6ms
i Compiled tailwind/expose/theme/invert.mjs in 574.73ms
i Compiled tailwind/expose/theme/keyframes.mjs in 574.81ms
i Compiled tailwind/expose/theme/letterSpacing.mjs in 574.85ms
i Compiled tailwind/expose/theme/lineHeight.mjs in 574.88ms
i Compiled tailwind/expose/theme/listStyleType.mjs in 580.01ms
i Compiled tailwind/expose/theme/listStyleImage.mjs in 580.13ms
i Compiled tailwind/expose/theme/margin.mjs in 580.16ms
i Compiled tailwind/expose/theme/lineClamp.mjs in 580.19ms
i Compiled tailwind/expose/theme/maxHeight.mjs in 580.23ms
i Compiled tailwind/expose/theme/maxWidth.mjs in 580.24ms
i Compiled tailwind/expose/theme/minHeight.mjs in 585.48ms
i Compiled tailwind/expose/theme/minWidth.mjs in 585.58ms
i Compiled tailwind/expose/theme/objectPosition.mjs in 585.62ms
i Compiled tailwind/expose/theme/opacity.mjs in 585.68ms
i Compiled tailwind/expose/theme/order.mjs in 585.76ms
i Compiled tailwind/expose/theme/outlineColor.mjs in 590.95ms
i Compiled tailwind/expose/theme/outlineOffset.mjs in 591.01ms
i Compiled tailwind/expose/theme/outlineWidth.mjs in 591.04ms
i Compiled tailwind/expose/theme/padding.mjs in 591.07ms
i Compiled tailwind/expose/theme/placeholderColor.mjs in 591.11ms
i Compiled tailwind/expose/theme/placeholderOpacity.mjs in 596.18ms
i Compiled tailwind/expose/theme/ringColor.mjs in 596.35ms
i Compiled tailwind/expose/theme/ringOffsetColor.mjs in 596.3ms
i Compiled tailwind/expose/theme/ringOffsetWidth.mjs in 596.23ms
i Compiled tailwind/expose/theme/ringOpacity.mjs in 596.27ms
i Compiled tailwind/expose/theme/ringWidth.mjs in 601.41ms
i Compiled tailwind/expose/theme/rotate.mjs in 601.62ms
i Compiled tailwind/expose/theme/saturate.mjs in 601.67ms
i Compiled tailwind/expose/theme/scale.mjs in 601.69ms
i Compiled tailwind/expose/theme/screens.mjs in 601.73ms
i Compiled tailwind/expose/theme/scrollMargin.mjs in 606.88ms
i Compiled tailwind/expose/theme/scrollPadding.mjs in 607.07ms
i Compiled tailwind/expose/theme/sepia.mjs in 607.11ms
i Compiled tailwind/expose/theme/skew.mjs in 607.14ms
i Compiled tailwind/expose/theme/space.mjs in 607.18ms
i Compiled tailwind/expose/theme/spacing.mjs in 607.21ms
i Compiled tailwind/expose/theme/stroke.mjs in 612.4ms
i Compiled tailwind/expose/theme/strokeWidth.mjs in 612.45ms
i Compiled tailwind/expose/theme/supports.mjs in 612.5ms
i Compiled tailwind/expose/theme/data.mjs in 612.54ms
i Compiled tailwind/expose/theme/textColor.mjs in 612.58ms
i Compiled tailwind/expose/theme/textDecorationColor.mjs in 617.61ms
i Compiled tailwind/expose/theme/textDecorationThickness.mjs in 617.64ms
i Compiled tailwind/expose/theme/textIndent.mjs in 617.67ms
i Compiled tailwind/expose/theme/textOpacity.mjs in 617.69ms
i Compiled tailwind/expose/theme/textUnderlineOffset.mjs in 617.71ms
i Compiled tailwind/expose/theme/transformOrigin.mjs in 622.87ms
i Compiled tailwind/expose/theme/transitionDelay.mjs in 623.03ms
i Compiled tailwind/expose/theme/transitionDuration.mjs in 623.1ms
i Compiled tailwind/expose/theme/transitionProperty.mjs in 623.22ms
i Compiled tailwind/expose/theme/transitionTimingFunction.mjs in 623.29ms
i Compiled tailwind/expose/theme/translate.mjs in 628.51ms
i Compiled tailwind/expose/theme/size.mjs in 628.66ms
i Compiled tailwind/expose/theme/width.mjs in 628.73ms
i Compiled tailwind/expose/theme/willChange.mjs in 628.77ms
i Compiled tailwind/expose/theme/zIndex.mjs in 628.83ms
i Compiled tailwind/expose/theme.mjs in 634.01ms
i Compiled tailwind/expose/corePlugins.mjs in 657.31ms
i Compiled tailwind/expose/plugins.mjs in 511.03ms
i Compiled tailwind/expose/content/relative.mjs in 511.04ms
i Compiled tailwind/expose/content/files.mjs in 521.67ms
i Compiled types/tailwind.config.d.ts in 518.36ms
i Compiled tailwind/expose/theme/accentColor.mjs in 679.97ms
i Compiled tailwind/expose/theme/animation.mjs in 685.1ms
i Compiled tailwind/expose/theme/aria.mjs in 685.19ms
i Compiled tailwind/expose/theme/aspectRatio.mjs in 685.22ms
i Compiled tailwind/expose/theme/backdropBlur.mjs in 685.28ms
i Compiled tailwind/expose/theme/backdropBrightness.mjs in 685.31ms
i Compiled tailwind/expose/theme/backdropContrast.mjs in 690.53ms
i Compiled tailwind/expose/theme/backdropGrayscale.mjs in 690.72ms
i Compiled tailwind/expose/theme/backdropHueRotate.mjs in 690.78ms
i Compiled tailwind/expose/theme/backdropInvert.mjs in 690.83ms
i Compiled tailwind/expose/theme/backdropOpacity.mjs in 690.88ms
i Compiled tailwind/expose/theme/backdropSaturate.mjs in 696.02ms
i Compiled tailwind/expose/theme/backdropSepia.mjs in 696.18ms
i Compiled tailwind/expose/theme/backgroundColor.mjs in 696.24ms
i Compiled tailwind/expose/theme/backgroundImage.mjs in 696.21ms
i Compiled tailwind/expose/theme/backgroundOpacity.mjs in 696.25ms
i Compiled tailwind/expose/theme/backgroundPosition.mjs in 701.43ms
i Compiled tailwind/expose/theme/backgroundSize.mjs in 701.54ms
i Compiled tailwind/expose/theme/blur.mjs in 701.58ms
i Compiled tailwind/expose/theme/borderColor.mjs in 701.65ms
i Compiled tailwind/expose/theme/borderOpacity.mjs in 701.62ms
i Compiled tailwind/expose/theme/borderRadius.mjs in 887.6ms
i Compiled tailwind/expose/theme/borderSpacing.mjs in 887.77ms
i Compiled tailwind/expose/theme/borderWidth.mjs in 887.8ms
i Compiled tailwind/expose/theme/boxShadow.mjs in 887.84ms
i Compiled tailwind/expose/theme/boxShadowColor.mjs in 887.87ms
i Compiled tailwind/expose/theme/brightness.mjs in 887.81ms
i Compiled tailwind/expose/theme/caretColor.mjs in 887.84ms
i Compiled tailwind/expose/theme/colors.mjs in 887.79ms
i Compiled tailwind/expose/theme/columns.mjs in 887.74ms
i Compiled tailwind/expose/theme/container.mjs in 887.78ms
i Compiled tailwind/expose/theme/content.mjs in 887.82ms
i Compiled tailwind/expose/theme/contrast.mjs in 887.85ms
i Compiled tailwind/expose/theme/cursor.mjs in 887.88ms
i Compiled tailwind/expose/theme/divideColor.mjs in 887.9ms
i Compiled tailwind/expose/theme/divideOpacity.mjs in 887.86ms
i Compiled tailwind/expose/theme/divideWidth.mjs in 887.98ms
i Compiled tailwind/expose/theme/dropShadow.mjs in 888.89ms
i Compiled tailwind/expose/theme/fill.mjs in 881.23ms
i Compiled tailwind/expose/theme/flex.mjs in 881.15ms
i Compiled tailwind/expose/theme/flexBasis.mjs in 881.18ms
i Compiled tailwind/expose/theme/flexGrow.mjs in 881.19ms
i Compiled tailwind/expose/theme/flexShrink.mjs in 881.22ms
i Compiled tailwind/expose/theme/fontFamily.mjs in 882.09ms
i Compiled tailwind/expose/theme/fontSize.mjs in 873.21ms
i Compiled tailwind/expose/theme/fontWeight.mjs in 853.41ms
i Compiled tailwind/expose/theme/gap.mjs in 853.44ms
i Compiled tailwind/expose/theme/gradientColorStops.mjs in 853.47ms
i Compiled tailwind/expose/theme/gradientColorStopPositions.mjs in 853.42ms
i Compiled tailwind/expose/theme/grayscale.mjs in 853.47ms
i Compiled tailwind/expose/theme/gridAutoColumns.mjs in 853.52ms
i Compiled tailwind/expose/theme/gridAutoRows.mjs in 853.56ms
i Compiled tailwind/expose/theme/gridColumn.mjs in 853.64ms
i Compiled tailwind/expose/theme/gridColumnEnd.mjs in 853.68ms
i Compiled tailwind/expose/theme/gridColumnStart.mjs in 853.73ms
i Compiled tailwind/expose/theme/gridRow.mjs in 853.78ms
i Compiled tailwind/expose/theme/gridRowEnd.mjs in 853.83ms
i Compiled tailwind/expose/theme/gridRowStart.mjs in 853.9ms
i Compiled tailwind/expose/theme/gridTemplateColumns.mjs in 853.97ms
i Compiled tailwind/expose/theme/gridTemplateRows.mjs in 854.04ms
i Compiled tailwind/expose/theme/height.mjs in 854.1ms
i Compiled tailwind/expose/theme/hueRotate.mjs in 854.16ms
i Compiled tailwind/expose/theme/inset.mjs in 854.23ms
i Compiled tailwind/expose/theme/invert.mjs in 854.26ms
i Compiled tailwind/expose/theme/keyframes.mjs in 854.33ms
i Compiled tailwind/expose/theme/letterSpacing.mjs in 854.37ms
i Compiled tailwind/expose/theme/lineHeight.mjs in 854.42ms
i Compiled tailwind/expose/theme/listStyleType.mjs in 854.47ms
i Compiled tailwind/expose/theme/listStyleImage.mjs in 854.52ms
i Compiled tailwind/expose/theme/margin.mjs in 854.56ms
i Compiled tailwind/expose/theme/lineClamp.mjs in 854.59ms
i Compiled tailwind/expose/theme/maxHeight.mjs in 854.63ms
i Compiled tailwind/expose/theme/maxWidth.mjs in 854.65ms
i Compiled tailwind/expose/theme/minHeight.mjs in 854.67ms
i Compiled tailwind/expose/theme/minWidth.mjs in 854.7ms
i Compiled tailwind/expose/theme/objectPosition.mjs in 854.72ms
i Compiled tailwind/expose/theme/opacity.mjs in 854.76ms
i Compiled tailwind/expose/theme/order.mjs in 854.79ms
i Compiled tailwind/expose/theme/outlineColor.mjs in 854.82ms
i Compiled tailwind/expose/theme/outlineOffset.mjs in 854.76ms
i Compiled tailwind/expose/theme/outlineWidth.mjs in 854.82ms
i Compiled tailwind/expose/theme/padding.mjs in 854.86ms
i Compiled tailwind/expose/theme/placeholderColor.mjs in 854.91ms
i Compiled tailwind/expose/theme/placeholderOpacity.mjs in 854.89ms
i Compiled tailwind/expose/theme/ringColor.mjs in 854.94ms
i Compiled tailwind/expose/theme/ringOffsetColor.mjs in 854.89ms
i Compiled tailwind/expose/theme/ringOffsetWidth.mjs in 854.85ms
i Compiled tailwind/expose/theme/ringOpacity.mjs in 854.9ms
i Compiled tailwind/expose/theme/ringWidth.mjs in 854.95ms
i Compiled tailwind/expose/theme/rotate.mjs in 854.99ms
i Compiled tailwind/expose/theme/saturate.mjs in 855.04ms
i Compiled tailwind/expose/theme/scale.mjs in 855.1ms
i Compiled tailwind/expose/theme/screens.mjs in 855.17ms
i Compiled tailwind/expose/theme/scrollMargin.mjs in 855.22ms
i Compiled tailwind/expose/theme/scrollPadding.mjs in 855.25ms
i Compiled tailwind/expose/theme/sepia.mjs in 855.29ms
i Compiled tailwind/expose/theme/skew.mjs in 855.32ms
i Compiled tailwind/expose/theme/space.mjs in 855.36ms
i Compiled tailwind/expose/theme/spacing.mjs in 855.38ms
i Compiled tailwind/expose/theme/stroke.mjs in 855.41ms
i Compiled tailwind/expose/theme/strokeWidth.mjs in 855.37ms
i Compiled tailwind/expose/theme/supports.mjs in 855.43ms
i Compiled tailwind/expose/theme/data.mjs in 855.49ms
i Compiled tailwind/expose/theme/textColor.mjs in 855.61ms
i Compiled tailwind/expose/theme/textDecorationColor.mjs in 855.65ms
i Compiled tailwind/expose/theme/textDecorationThickness.mjs in 855.63ms
i Compiled tailwind/expose/theme/textIndent.mjs in 855.74ms
i Compiled tailwind/expose/theme/textOpacity.mjs in 855.83ms
i Compiled tailwind/expose/theme/textUnderlineOffset.mjs in 855.89ms
i Compiled tailwind/expose/theme/transformOrigin.mjs in 855.95ms
i Compiled tailwind/expose/theme/transitionDelay.mjs in 856.02ms
i Compiled tailwind/expose/theme/transitionDuration.mjs in 856.08ms
i Compiled tailwind/expose/theme/transitionProperty.mjs in 856.14ms
i Compiled tailwind/expose/theme/transitionTimingFunction.mjs in 856.25ms
i Compiled tailwind/expose/theme/translate.mjs in 856.35ms
i Compiled tailwind/expose/theme/size.mjs in 856.39ms
i Compiled tailwind/expose/theme/width.mjs in 856.43ms
i Compiled tailwind/expose/theme/willChange.mjs in 856.47ms
i Compiled tailwind/expose/theme/zIndex.mjs in 856.52ms
i Compiled tailwind/expose/theme.mjs in 856.57ms
i Compiled tailwind/expose/corePlugins.mjs in 876.77ms
i Compiled tailwind/expose/plugins.mjs in 750.44ms
i Compiled tailwind/expose/content/relative.mjs in 750.44ms
i Compiled tailwind/expose/content/files.mjs in 758.31ms
i Compiled tailwind/expose/content/extract.mjs in 727.33ms
i Compiled tailwind/expose/content/transform.mjs in 727.37ms
i Compiled tailwind/expose/content.mjs in 727.4ms
i Compiled tailwind/expose/presets.mjs in 727.43ms
i Compiled tailwind/expose/darkMode.mjs in 727.47ms
i Compiled tailwind/expose/prefix.mjs in 727.5ms
i Compiled tailwind/expose/important.mjs in 727.53ms
i Compiled tailwind/expose/separator.mjs in 727.56ms
i Compiled tailwind/expose/safelist.mjs in 727.59ms
i Compiled tailwind/expose/blocklist.mjs in 727.63ms
i Compiled tailwind/expose/index.mjs in 727.67ms
i Compiled types/tailwind.config.d.ts in 767.7ms
i Compiled tailwind/expose/theme/accentColor.mjs in 654.77ms
i Compiled tailwind/expose/theme/animation.mjs in 659.89ms
i Compiled tailwind/expose/theme/aria.mjs in 659.98ms
i Compiled tailwind/expose/theme/aspectRatio.mjs in 660.01ms
i Compiled tailwind/expose/theme/backdropBlur.mjs in 660.05ms
i Compiled tailwind/expose/theme/backdropBrightness.mjs in 660.09ms
i Compiled tailwind/expose/theme/backdropContrast.mjs in 665.21ms
i Compiled tailwind/expose/theme/backdropGrayscale.mjs in 665.4ms
i Compiled tailwind/expose/theme/backdropHueRotate.mjs in 665.45ms
i Compiled tailwind/expose/theme/backdropInvert.mjs in 665.5ms
i Compiled tailwind/expose/theme/backdropOpacity.mjs in 665.56ms
i Compiled tailwind/expose/theme/backdropSaturate.mjs in 670.71ms
i Compiled tailwind/expose/theme/backdropSepia.mjs in 670.91ms
i Compiled tailwind/expose/theme/backgroundColor.mjs in 670.99ms
i Compiled tailwind/expose/theme/backgroundImage.mjs in 670.94ms
i Compiled tailwind/expose/theme/backgroundOpacity.mjs in 670.98ms
i Compiled tailwind/expose/theme/backgroundPosition.mjs in 671.34ms
i Compiled tailwind/expose/theme/backgroundSize.mjs in 671.44ms
i Compiled tailwind/expose/theme/blur.mjs in 671.48ms
i Compiled tailwind/expose/theme/borderColor.mjs in 671.52ms
i Compiled tailwind/expose/theme/borderOpacity.mjs in 671.48ms
i Compiled tailwind/expose/theme/borderRadius.mjs in 838.49ms
i Compiled tailwind/expose/theme/borderSpacing.mjs in 838.72ms
i Compiled tailwind/expose/theme/borderWidth.mjs in 838.76ms
i Compiled tailwind/expose/theme/boxShadow.mjs in 838.81ms
i Compiled tailwind/expose/theme/boxShadowColor.mjs in 838.85ms
i Compiled tailwind/expose/theme/brightness.mjs in 838.81ms
i Compiled tailwind/expose/theme/caretColor.mjs in 838.84ms
i Compiled tailwind/expose/theme/colors.mjs in 838.79ms
i Compiled tailwind/expose/theme/columns.mjs in 838.73ms
i Compiled tailwind/expose/theme/container.mjs in 838.77ms
i Compiled tailwind/expose/theme/content.mjs in 838.81ms
i Compiled tailwind/expose/theme/contrast.mjs in 838.86ms
i Compiled tailwind/expose/theme/cursor.mjs in 838.91ms
i Compiled tailwind/expose/theme/divideColor.mjs in 838.94ms
i Compiled tailwind/expose/theme/divideOpacity.mjs in 838.91ms
i Compiled tailwind/expose/theme/divideWidth.mjs in 838.94ms
i Compiled tailwind/expose/theme/dropShadow.mjs in 839.7ms
i Compiled tailwind/expose/theme/fill.mjs in 831.65ms
i Compiled tailwind/expose/theme/flex.mjs in 831.54ms
i Compiled tailwind/expose/theme/flexBasis.mjs in 831.57ms
i Compiled tailwind/expose/theme/flexGrow.mjs in 831.57ms
i Compiled tailwind/expose/theme/flexShrink.mjs in 831.61ms
i Compiled tailwind/expose/theme/fontFamily.mjs in 832.3ms
i Compiled tailwind/expose/theme/fontSize.mjs in 823.11ms
i Compiled tailwind/expose/theme/fontWeight.mjs in 803.56ms
i Compiled tailwind/expose/theme/gap.mjs in 803.57ms
i Compiled tailwind/expose/theme/gradientColorStops.mjs in 803.59ms
i Compiled tailwind/expose/theme/gradientColorStopPositions.mjs in 803.52ms
i Compiled tailwind/expose/theme/grayscale.mjs in 803.55ms
i Compiled tailwind/expose/theme/gridAutoColumns.mjs in 803.58ms
i Compiled tailwind/expose/theme/gridAutoRows.mjs in 803.61ms
i Compiled tailwind/expose/theme/gridColumn.mjs in 803.65ms
i Compiled tailwind/expose/theme/gridColumnEnd.mjs in 803.69ms
i Compiled tailwind/expose/theme/gridColumnStart.mjs in 803.71ms
i Compiled tailwind/expose/theme/gridRow.mjs in 803.74ms
i Compiled tailwind/expose/theme/gridRowEnd.mjs in 803.78ms
i Compiled tailwind/expose/theme/gridRowStart.mjs in 803.86ms
i Compiled tailwind/expose/theme/gridTemplateColumns.mjs in 803.95ms
i Compiled tailwind/expose/theme/gridTemplateRows.mjs in 803.98ms
i Compiled tailwind/expose/theme/height.mjs in 804.01ms
i Compiled tailwind/expose/theme/hueRotate.mjs in 804.02ms
i Compiled tailwind/expose/theme/inset.mjs in 804.05ms
i Compiled tailwind/expose/theme/invert.mjs in 804.07ms
i Compiled tailwind/expose/theme/keyframes.mjs in 804.1ms
i Compiled tailwind/expose/theme/letterSpacing.mjs in 804.12ms
i Compiled tailwind/expose/theme/lineHeight.mjs in 804.15ms
i Compiled tailwind/expose/theme/listStyleType.mjs in 804.18ms
i Compiled tailwind/expose/theme/listStyleImage.mjs in 804.2ms
i Compiled tailwind/expose/theme/margin.mjs in 804.24ms
i Compiled tailwind/expose/theme/lineClamp.mjs in 804.26ms
i Compiled tailwind/expose/theme/maxHeight.mjs in 804.29ms
i Compiled tailwind/expose/theme/maxWidth.mjs in 804.31ms
i Compiled tailwind/expose/theme/minHeight.mjs in 804.33ms
i Compiled tailwind/expose/theme/minWidth.mjs in 804.34ms
i Compiled tailwind/expose/theme/objectPosition.mjs in 804.36ms
i Compiled tailwind/expose/theme/opacity.mjs in 804.39ms
i Compiled tailwind/expose/theme/order.mjs in 804.41ms
i Compiled tailwind/expose/theme/outlineColor.mjs in 804.43ms
i Compiled tailwind/expose/theme/outlineOffset.mjs in 804.38ms
i Compiled tailwind/expose/theme/outlineWidth.mjs in 804.41ms
i Compiled tailwind/expose/theme/padding.mjs in 804.43ms
i Compiled tailwind/expose/theme/placeholderColor.mjs in 804.46ms
i Compiled tailwind/expose/theme/placeholderOpacity.mjs in 804.4ms
i Compiled tailwind/expose/theme/ringColor.mjs in 804.42ms
i Compiled tailwind/expose/theme/ringOffsetColor.mjs in 804.36ms
i Compiled tailwind/expose/theme/ringOffsetWidth.mjs in 804.29ms
i Compiled tailwind/expose/theme/ringOpacity.mjs in 804.32ms
i Compiled tailwind/expose/theme/ringWidth.mjs in 804.34ms
i Compiled tailwind/expose/theme/rotate.mjs in 804.36ms
i Compiled tailwind/expose/theme/saturate.mjs in 804.39ms
i Compiled tailwind/expose/theme/scale.mjs in 804.42ms
i Compiled tailwind/expose/theme/screens.mjs in 804.44ms
i Compiled tailwind/expose/theme/scrollMargin.mjs in 804.47ms
i Compiled tailwind/expose/theme/scrollPadding.mjs in 804.49ms
i Compiled tailwind/expose/theme/sepia.mjs in 804.51ms
i Compiled tailwind/expose/theme/skew.mjs in 804.54ms
i Compiled tailwind/expose/theme/space.mjs in 804.57ms
i Compiled tailwind/expose/theme/spacing.mjs in 804.59ms
i Compiled tailwind/expose/theme/stroke.mjs in 804.6ms
i Compiled tailwind/expose/theme/strokeWidth.mjs in 804.54ms
i Compiled tailwind/expose/theme/supports.mjs in 804.57ms
i Compiled tailwind/expose/theme/data.mjs in 804.59ms
i Compiled tailwind/expose/theme/textColor.mjs in 804.62ms
i Compiled tailwind/expose/theme/textDecorationColor.mjs in 804.56ms
i Compiled tailwind/expose/theme/textDecorationThickness.mjs in 804.49ms
i Compiled tailwind/expose/theme/textIndent.mjs in 804.52ms
i Compiled tailwind/expose/theme/textOpacity.mjs in 804.55ms
i Compiled tailwind/expose/theme/textUnderlineOffset.mjs in 804.58ms
i Compiled tailwind/expose/theme/transformOrigin.mjs in 804.61ms
i Compiled tailwind/expose/theme/transitionDelay.mjs in 804.64ms
i Compiled tailwind/expose/theme/transitionDuration.mjs in 804.67ms
i Compiled tailwind/expose/theme/transitionProperty.mjs in 804.71ms
i Compiled tailwind/expose/theme/transitionTimingFunction.mjs in 804.74ms
i Compiled tailwind/expose/theme/translate.mjs in 804.8ms
i Compiled tailwind/expose/theme/size.mjs in 804.84ms
i Compiled tailwind/expose/theme/width.mjs in 804.86ms
i Compiled tailwind/expose/theme/willChange.mjs in 804.87ms
i Compiled tailwind/expose/theme/zIndex.mjs in 804.89ms
i Compiled tailwind/expose/theme.mjs in 804.92ms
i Compiled tailwind/expose/corePlugins.mjs in 823.07ms
i Compiled tailwind/expose/plugins.mjs in 696.88ms
i Compiled tailwind/expose/content/relative.mjs in 696.88ms
i Compiled tailwind/expose/content/files.mjs in 703.66ms
i Compiled tailwind/expose/content/extract.mjs in 672.4ms
i Compiled tailwind/expose/content/transform.mjs in 672.41ms
i Compiled tailwind/expose/content.mjs in 672.44ms
i Compiled tailwind/expose/presets.mjs in 672.48ms
i Compiled tailwind/expose/darkMode.mjs in 672.52ms
i Compiled tailwind/expose/prefix.mjs in 672.55ms
i Compiled tailwind/expose/important.mjs in 672.58ms
i Compiled tailwind/expose/separator.mjs in 672.62ms
i Compiled tailwind/expose/safelist.mjs in 672.66ms
i Compiled tailwind/expose/blocklist.mjs in 672.71ms
i Compiled tailwind/expose/index.mjs in 672.75ms
i Compiled types/tailwind.config.d.ts in 699.93ms
i Compiled tailwind/expose/theme/accentColor.mjs in 653.09ms
i Compiled tailwind/expose/theme/animation.mjs in 658.21ms
i Compiled tailwind/expose/theme/aria.mjs in 658.31ms
i Compiled tailwind/expose/theme/aspectRatio.mjs in 658.35ms
i Compiled tailwind/expose/theme/backdropBlur.mjs in 658.38ms
i Compiled tailwind/expose/theme/backdropBrightness.mjs in 658.41ms
i Compiled tailwind/expose/theme/backdropContrast.mjs in 663.53ms
i Compiled tailwind/expose/theme/backdropGrayscale.mjs in 663.65ms
i Compiled tailwind/expose/theme/backdropHueRotate.mjs in 663.69ms
i Compiled tailwind/expose/theme/backdropInvert.mjs in 663.73ms
i Compiled tailwind/expose/theme/backdropOpacity.mjs in 663.76ms
i Compiled tailwind/expose/theme/backdropSaturate.mjs in 668.87ms
i Compiled tailwind/expose/theme/backdropSepia.mjs in 669.02ms
i Compiled tailwind/expose/theme/backgroundColor.mjs in 669.08ms
i Compiled tailwind/expose/theme/backgroundImage.mjs in 669.05ms
i Compiled tailwind/expose/theme/backgroundOpacity.mjs in 669.1ms
i Compiled tailwind/expose/theme/backgroundPosition.mjs in 674.27ms
i Compiled tailwind/expose/theme/backgroundSize.mjs in 674.4ms
i Compiled tailwind/expose/theme/blur.mjs in 674.46ms
i Compiled tailwind/expose/theme/borderColor.mjs in 674.5ms
i Compiled tailwind/expose/theme/borderOpacity.mjs in 674.46ms
i Compiled tailwind/expose/theme/borderRadius.mjs in 679.61ms
i Compiled tailwind/expose/theme/borderSpacing.mjs in 679.78ms
i Compiled tailwind/expose/theme/borderWidth.mjs in 679.84ms
i Compiled tailwind/expose/theme/boxShadow.mjs in 679.89ms
i Compiled tailwind/expose/theme/boxShadowColor.mjs in 679.93ms
i Compiled tailwind/expose/theme/brightness.mjs in 682.19ms
i Compiled tailwind/expose/theme/caretColor.mjs in 682.3ms
i Compiled tailwind/expose/theme/colors.mjs in 682.24ms
i Compiled tailwind/expose/theme/columns.mjs in 682.18ms
i Compiled tailwind/expose/theme/container.mjs in 682.21ms
i Compiled tailwind/expose/theme/content.mjs in 858.42ms
i Compiled tailwind/expose/theme/contrast.mjs in 858.61ms
i Compiled tailwind/expose/theme/cursor.mjs in 858.64ms
i Compiled tailwind/expose/theme/divideColor.mjs in 858.68ms
i Compiled tailwind/expose/theme/divideOpacity.mjs in 858.62ms
i Compiled tailwind/expose/theme/divideWidth.mjs in 858.64ms
i Compiled tailwind/expose/theme/dropShadow.mjs in 859.34ms
i Compiled tailwind/expose/theme/fill.mjs in 851.14ms
i Compiled tailwind/expose/theme/flex.mjs in 851.05ms
i Compiled tailwind/expose/theme/flexBasis.mjs in 851.08ms
i Compiled tailwind/expose/theme/flexGrow.mjs in 851.09ms
i Compiled tailwind/expose/theme/flexShrink.mjs in 851.13ms
i Compiled tailwind/expose/theme/fontFamily.mjs in 851.84ms
i Compiled tailwind/expose/theme/fontSize.mjs in 842.92ms
i Compiled tailwind/expose/theme/fontWeight.mjs in 822.86ms
i Compiled tailwind/expose/theme/gap.mjs in 822.87ms
i Compiled tailwind/expose/theme/gradientColorStops.mjs in 822.9ms
i Compiled tailwind/expose/theme/gradientColorStopPositions.mjs in 822.84ms
i Compiled tailwind/expose/theme/grayscale.mjs in 822.87ms
i Compiled tailwind/expose/theme/gridAutoColumns.mjs in 822.9ms
i Compiled tailwind/expose/theme/gridAutoRows.mjs in 822.92ms
i Compiled tailwind/expose/theme/gridColumn.mjs in 822.98ms
i Compiled tailwind/expose/theme/gridColumnEnd.mjs in 823.02ms
i Compiled tailwind/expose/theme/gridColumnStart.mjs in 823.08ms
i Compiled tailwind/expose/theme/gridRow.mjs in 823.12ms
i Compiled tailwind/expose/theme/gridRowEnd.mjs in 823.36ms
i Compiled tailwind/expose/theme/gridRowStart.mjs in 823.4ms
i Compiled tailwind/expose/theme/gridTemplateColumns.mjs in 823.44ms
i Compiled tailwind/expose/theme/gridTemplateRows.mjs in 823.48ms
i Compiled tailwind/expose/theme/height.mjs in 823.62ms
i Compiled tailwind/expose/theme/hueRotate.mjs in 823.65ms
i Compiled tailwind/expose/theme/inset.mjs in 823.71ms
i Compiled tailwind/expose/theme/invert.mjs in 823.78ms
i Compiled tailwind/expose/theme/keyframes.mjs in 823.84ms
i Compiled tailwind/expose/theme/letterSpacing.mjs in 823.89ms
i Compiled tailwind/expose/theme/lineHeight.mjs in 823.97ms
i Compiled tailwind/expose/theme/listStyleType.mjs in 824.02ms
i Compiled tailwind/expose/theme/listStyleImage.mjs in 824.07ms
i Compiled tailwind/expose/theme/margin.mjs in 824.11ms
i Compiled tailwind/expose/theme/lineClamp.mjs in 824.14ms
i Compiled tailwind/expose/theme/maxHeight.mjs in 824.19ms
i Compiled tailwind/expose/theme/maxWidth.mjs in 824.23ms
i Compiled tailwind/expose/theme/minHeight.mjs in 824.26ms
i Compiled tailwind/expose/theme/minWidth.mjs in 824.31ms
i Compiled tailwind/expose/theme/objectPosition.mjs in 824.33ms
i Compiled tailwind/expose/theme/opacity.mjs in 824.36ms
i Compiled tailwind/expose/theme/order.mjs in 824.4ms
i Compiled tailwind/expose/theme/outlineColor.mjs in 824.9ms
i Compiled tailwind/expose/theme/outlineOffset.mjs in 824.9ms
i Compiled tailwind/expose/theme/outlineWidth.mjs in 824.94ms
i Compiled tailwind/expose/theme/padding.mjs in 824.98ms
i Compiled tailwind/expose/theme/placeholderColor.mjs in 825.03ms
i Compiled tailwind/expose/theme/placeholderOpacity.mjs in 824.98ms
i Compiled tailwind/expose/theme/ringColor.mjs in 825.03ms
i Compiled tailwind/expose/theme/ringOffsetColor.mjs in 824.98ms
i Compiled tailwind/expose/theme/ringOffsetWidth.mjs in 824.93ms
i Compiled tailwind/expose/theme/ringOpacity.mjs in 824.97ms
i Compiled tailwind/expose/theme/ringWidth.mjs in 825.01ms
i Compiled tailwind/expose/theme/rotate.mjs in 825.05ms
i Compiled tailwind/expose/theme/saturate.mjs in 825.1ms
i Compiled tailwind/expose/theme/scale.mjs in 825.14ms
i Compiled tailwind/expose/theme/screens.mjs in 825.17ms
i Compiled tailwind/expose/theme/scrollMargin.mjs in 825.21ms
i Compiled tailwind/expose/theme/scrollPadding.mjs in 825.24ms
i Compiled tailwind/expose/theme/sepia.mjs in 825.29ms
i Compiled tailwind/expose/theme/skew.mjs in 825.33ms
i Compiled tailwind/expose/theme/space.mjs in 825.37ms
i Compiled tailwind/expose/theme/spacing.mjs in 825.4ms
i Compiled tailwind/expose/theme/stroke.mjs in 825.43ms
i Compiled tailwind/expose/theme/strokeWidth.mjs in 825.37ms
i Compiled tailwind/expose/theme/supports.mjs in 825.41ms
i Compiled tailwind/expose/theme/data.mjs in 825.45ms
i Compiled tailwind/expose/theme/textColor.mjs in 825.5ms
i Compiled tailwind/expose/theme/textDecorationColor.mjs in 825.46ms
i Compiled tailwind/expose/theme/textDecorationThickness.mjs in 825.51ms
i Compiled tailwind/expose/theme/textIndent.mjs in 825.54ms
i Compiled tailwind/expose/theme/textOpacity.mjs in 825.57ms
i Compiled tailwind/expose/theme/textUnderlineOffset.mjs in 825.6ms
i Compiled tailwind/expose/theme/transformOrigin.mjs in 825.64ms
i Compiled tailwind/expose/theme/transitionDelay.mjs in 825.67ms
i Compiled tailwind/expose/theme/transitionDuration.mjs in 825.7ms
i Compiled tailwind/expose/theme/transitionProperty.mjs in 825.8ms
i Compiled tailwind/expose/theme/transitionTimingFunction.mjs in 825.86ms
i Compiled tailwind/expose/theme/translate.mjs in 825.89ms
i Compiled tailwind/expose/theme/size.mjs in 825.92ms
i Compiled tailwind/expose/theme/width.mjs in 825.95ms
i Compiled tailwind/expose/theme/willChange.mjs in 826.03ms
i Compiled tailwind/expose/theme/zIndex.mjs in 826.09ms
i Compiled tailwind/expose/theme.mjs in 826.13ms
i Compiled tailwind/expose/corePlugins.mjs in 847.67ms
i Compiled tailwind/expose/plugins.mjs in 720.18ms
i Compiled tailwind/expose/content/relative.mjs in 720.2ms
i Compiled tailwind/expose/content/files.mjs in 726.4ms
i Compiled tailwind/expose/content/extract.mjs in 695.15ms
i Compiled tailwind/expose/content/transform.mjs in 695.16ms
i Compiled tailwind/expose/content.mjs in 695.18ms
i Compiled tailwind/expose/presets.mjs in 695.21ms
i Compiled tailwind/expose/darkMode.mjs in 695.23ms
i Compiled tailwind/expose/prefix.mjs in 695.25ms
i Compiled tailwind/expose/important.mjs in 695.3ms
i Compiled tailwind/expose/separator.mjs in 695.33ms
i Compiled tailwind/expose/safelist.mjs in 695.36ms
i Compiled tailwind/expose/blocklist.mjs in 695.39ms
i Compiled tailwind/expose/index.mjs in 695.43ms
i Compiled types/tailwind.config.d.ts in 723.69ms
i Compiled tailwind/expose/theme/accentColor.mjs in 662.68ms
i Compiled tailwind/expose/theme/animation.mjs in 667.78ms
i Compiled tailwind/expose/theme/aria.mjs in 667.86ms
i Compiled tailwind/expose/theme/aspectRatio.mjs in 667.89ms
i Compiled tailwind/expose/theme/backdropBlur.mjs in 667.92ms
i Compiled tailwind/expose/theme/backdropBrightness.mjs in 667.95ms
i Compiled tailwind/expose/theme/backdropContrast.mjs in 673.07ms
i Compiled tailwind/expose/theme/backdropGrayscale.mjs in 673.21ms
i Compiled tailwind/expose/theme/backdropHueRotate.mjs in 673.24ms
i Compiled tailwind/expose/theme/backdropInvert.mjs in 673.3ms
i Compiled tailwind/expose/theme/backdropOpacity.mjs in 673.33ms
i Compiled tailwind/expose/theme/backdropSaturate.mjs in 847.82ms
i Compiled tailwind/expose/theme/backdropSepia.mjs in 847.99ms
i Compiled tailwind/expose/theme/backgroundColor.mjs in 848.02ms
i Compiled tailwind/expose/theme/backgroundImage.mjs in 847.98ms
i Compiled tailwind/expose/theme/backgroundOpacity.mjs in 848.02ms
i Compiled tailwind/expose/theme/backgroundPosition.mjs in 848.05ms
i Compiled tailwind/expose/theme/backgroundSize.mjs in 848.08ms
i Compiled tailwind/expose/theme/blur.mjs in 848.13ms
i Compiled tailwind/expose/theme/borderColor.mjs in 848.17ms
i Compiled tailwind/expose/theme/borderOpacity.mjs in 848.11ms
i Compiled tailwind/expose/theme/borderRadius.mjs in 848.16ms
i Compiled tailwind/expose/theme/borderSpacing.mjs in 848.19ms
i Compiled tailwind/expose/theme/borderWidth.mjs in 848.21ms
i Compiled tailwind/expose/theme/boxShadow.mjs in 848.24ms
i Compiled tailwind/expose/theme/boxShadowColor.mjs in 848.26ms
i Compiled tailwind/expose/theme/brightness.mjs in 848.2ms
i Compiled tailwind/expose/theme/caretColor.mjs in 848.23ms
i Compiled tailwind/expose/theme/colors.mjs in 848.17ms
i Compiled tailwind/expose/theme/columns.mjs in 848.11ms
i Compiled tailwind/expose/theme/container.mjs in 848.15ms
i Compiled tailwind/expose/theme/content.mjs in 848.2ms
i Compiled tailwind/expose/theme/contrast.mjs in 848.23ms
i Compiled tailwind/expose/theme/cursor.mjs in 848.3ms
i Compiled tailwind/expose/theme/divideColor.mjs in 848.33ms
i Compiled tailwind/expose/theme/divideOpacity.mjs in 848.29ms
i Compiled tailwind/expose/theme/divideWidth.mjs in 848.32ms
i Compiled tailwind/expose/theme/dropShadow.mjs in 849.09ms
i Compiled tailwind/expose/theme/fill.mjs in 841.17ms
i Compiled tailwind/expose/theme/flex.mjs in 841.08ms
i Compiled tailwind/expose/theme/flexBasis.mjs in 841.11ms
i Compiled tailwind/expose/theme/flexGrow.mjs in 841.11ms
i Compiled tailwind/expose/theme/flexShrink.mjs in 841.14ms
i Compiled tailwind/expose/theme/fontFamily.mjs in 842.05ms
i Compiled tailwind/expose/theme/fontSize.mjs in 833.38ms
i Compiled tailwind/expose/theme/fontWeight.mjs in 813.5ms
i Compiled tailwind/expose/theme/gap.mjs in 813.52ms
i Compiled tailwind/expose/theme/gradientColorStops.mjs in 813.54ms
i Compiled tailwind/expose/theme/gradientColorStopPositions.mjs in 813.47ms
i Compiled tailwind/expose/theme/grayscale.mjs in 813.5ms
i Compiled tailwind/expose/theme/gridAutoColumns.mjs in 813.52ms
i Compiled tailwind/expose/theme/gridAutoRows.mjs in 813.55ms
i Compiled tailwind/expose/theme/gridColumn.mjs in 813.58ms
i Compiled tailwind/expose/theme/gridColumnEnd.mjs in 813.61ms
i Compiled tailwind/expose/theme/gridColumnStart.mjs in 813.65ms
i Compiled tailwind/expose/theme/gridRow.mjs in 813.7ms
i Compiled tailwind/expose/theme/gridRowEnd.mjs in 813.74ms
i Compiled tailwind/expose/theme/gridRowStart.mjs in 813.77ms
i Compiled tailwind/expose/theme/gridTemplateColumns.mjs in 813.81ms
i Compiled tailwind/expose/theme/gridTemplateRows.mjs in 813.87ms
i Compiled tailwind/expose/theme/height.mjs in 813.95ms
i Compiled tailwind/expose/theme/hueRotate.mjs in 813.98ms
i Compiled tailwind/expose/theme/inset.mjs in 814.02ms
i Compiled tailwind/expose/theme/invert.mjs in 814.05ms
i Compiled tailwind/expose/theme/keyframes.mjs in 814.08ms
i Compiled tailwind/expose/theme/letterSpacing.mjs in 814.12ms
i Compiled tailwind/expose/theme/lineHeight.mjs in 814.16ms
i Compiled tailwind/expose/theme/listStyleType.mjs in 814.18ms
i Compiled tailwind/expose/theme/listStyleImage.mjs in 814.21ms
i Compiled tailwind/expose/theme/margin.mjs in 814.25ms
i Compiled tailwind/expose/theme/lineClamp.mjs in 814.27ms
i Compiled tailwind/expose/theme/maxHeight.mjs in 814.3ms
i Compiled tailwind/expose/theme/maxWidth.mjs in 814.31ms
i Compiled tailwind/expose/theme/minHeight.mjs in 814.33ms
i Compiled tailwind/expose/theme/minWidth.mjs in 814.37ms
i Compiled tailwind/expose/theme/objectPosition.mjs in 814.4ms
i Compiled tailwind/expose/theme/opacity.mjs in 814.43ms
i Compiled tailwind/expose/theme/order.mjs in 814.46ms
i Compiled tailwind/expose/theme/outlineColor.mjs in 814.51ms
i Compiled tailwind/expose/theme/outlineOffset.mjs in 814.49ms
i Compiled tailwind/expose/theme/outlineWidth.mjs in 814.53ms
i Compiled tailwind/expose/theme/padding.mjs in 814.58ms
i Compiled tailwind/expose/theme/placeholderColor.mjs in 814.62ms
i Compiled tailwind/expose/theme/placeholderOpacity.mjs in 814.57ms
i Compiled tailwind/expose/theme/ringColor.mjs in 814.61ms
i Compiled tailwind/expose/theme/ringOffsetColor.mjs in 814.56ms
i Compiled tailwind/expose/theme/ringOffsetWidth.mjs in 814.51ms
i Compiled tailwind/expose/theme/ringOpacity.mjs in 814.57ms
i Compiled tailwind/expose/theme/ringWidth.mjs in 814.63ms
i Compiled tailwind/expose/theme/rotate.mjs in 814.7ms
i Compiled tailwind/expose/theme/saturate.mjs in 814.75ms
i Compiled tailwind/expose/theme/scale.mjs in 814.79ms
i Compiled tailwind/expose/theme/screens.mjs in 814.82ms
i Compiled tailwind/expose/theme/scrollMargin.mjs in 814.87ms
i Compiled tailwind/expose/theme/scrollPadding.mjs in 814.9ms
i Compiled tailwind/expose/theme/sepia.mjs in 814.93ms
i Compiled tailwind/expose/theme/skew.mjs in 814.99ms
i Compiled tailwind/expose/theme/space.mjs in 815.02ms
i Compiled tailwind/expose/theme/spacing.mjs in 815.05ms
i Compiled tailwind/expose/theme/stroke.mjs in 815.08ms
i Compiled tailwind/expose/theme/strokeWidth.mjs in 815.03ms
i Compiled tailwind/expose/theme/supports.mjs in 815.07ms
i Compiled tailwind/expose/theme/data.mjs in 815.11ms
i Compiled tailwind/expose/theme/textColor.mjs in 815.15ms
i Compiled tailwind/expose/theme/textDecorationColor.mjs in 815.1ms
i Compiled tailwind/expose/theme/textDecorationThickness.mjs in 815.05ms
i Compiled tailwind/expose/theme/textIndent.mjs in 815.07ms
i Compiled tailwind/expose/theme/textOpacity.mjs in 815.09ms
i Compiled tailwind/expose/theme/textUnderlineOffset.mjs in 815.11ms
i Compiled tailwind/expose/theme/transformOrigin.mjs in 815.13ms
i Compiled tailwind/expose/theme/transitionDelay.mjs in 815.16ms
i Compiled tailwind/expose/theme/transitionDuration.mjs in 815.19ms
i Compiled tailwind/expose/theme/transitionProperty.mjs in 815.23ms
i Compiled tailwind/expose/theme/transitionTimingFunction.mjs in 815.26ms
i Compiled tailwind/expose/theme/translate.mjs in 815.31ms
i Compiled tailwind/expose/theme/size.mjs in 815.34ms
i Compiled tailwind/expose/theme/width.mjs in 815.37ms
i Compiled tailwind/expose/theme/willChange.mjs in 815.39ms
i Compiled tailwind/expose/theme/zIndex.mjs in 815.42ms
i Compiled tailwind/expose/theme.mjs in 815.46ms
i Compiled tailwind/expose/corePlugins.mjs in 840.51ms
i Compiled tailwind/expose/plugins.mjs in 712.48ms
i Compiled tailwind/expose/content/relative.mjs in 712.52ms
i Compiled tailwind/expose/content/files.mjs in 719.41ms
i Compiled tailwind/expose/content/extract.mjs in 688.15ms
i Compiled tailwind/expose/content/transform.mjs in 688.17ms
i Compiled tailwind/expose/content.mjs in 688.2ms
i Compiled tailwind/expose/presets.mjs in 688.23ms
i Compiled tailwind/expose/darkMode.mjs in 688.27ms
i Compiled tailwind/expose/prefix.mjs in 688.31ms
i Compiled tailwind/expose/important.mjs in 688.35ms
i Compiled tailwind/expose/separator.mjs in 688.39ms
i Compiled tailwind/expose/safelist.mjs in 688.42ms
i Compiled tailwind/expose/blocklist.mjs in 688.45ms
i Compiled tailwind/expose/index.mjs in 688.49ms
i Compiled types/tailwind.config.d.ts in 716.07ms
i Compiled tailwind/expose/theme/accentColor.mjs in 649.66ms
i Compiled tailwind/expose/theme/animation.mjs in 654.77ms
i Compiled tailwind/expose/theme/aria.mjs in 654.87ms
i Compiled tailwind/expose/theme/aspectRatio.mjs in 654.9ms
i Compiled tailwind/expose/theme/backdropBlur.mjs in 654.94ms
i Compiled tailwind/expose/theme/backdropBrightness.mjs in 654.96ms
i Compiled tailwind/expose/theme/backdropContrast.mjs in 660.07ms
i Compiled tailwind/expose/theme/backdropGrayscale.mjs in 660.18ms
i Compiled tailwind/expose/theme/backdropHueRotate.mjs in 660.22ms
i Compiled tailwind/expose/theme/backdropInvert.mjs in 660.25ms
i Compiled tailwind/expose/theme/backdropOpacity.mjs in 660.28ms
i Compiled tailwind/expose/theme/backdropSaturate.mjs in 665.38ms
i Compiled tailwind/expose/theme/backdropSepia.mjs in 665.49ms
i Compiled tailwind/expose/theme/backgroundColor.mjs in 665.53ms
i Compiled tailwind/expose/theme/backgroundImage.mjs in 665.47ms
i Compiled tailwind/expose/theme/backgroundOpacity.mjs in 665.5ms
i Compiled tailwind/expose/theme/backgroundPosition.mjs in 670.62ms
i Compiled tailwind/expose/theme/backgroundSize.mjs in 670.77ms
i Compiled tailwind/expose/theme/blur.mjs in 670.8ms
i Compiled tailwind/expose/theme/borderColor.mjs in 670.84ms
i Compiled tailwind/expose/theme/borderOpacity.mjs in 670.77ms
i Compiled tailwind/expose/theme/borderRadius.mjs in 675.87ms
i Compiled tailwind/expose/theme/borderSpacing.mjs in 675.98ms
i Compiled tailwind/expose/theme/borderWidth.mjs in 676.01ms
i Compiled tailwind/expose/theme/boxShadow.mjs in 676.05ms
i Compiled tailwind/expose/theme/boxShadowColor.mjs in 676.07ms
i Compiled tailwind/expose/theme/brightness.mjs in 676.23ms
i Compiled tailwind/expose/theme/caretColor.mjs in 676.27ms
i Compiled tailwind/expose/theme/colors.mjs in 676.2ms
i Compiled tailwind/expose/theme/columns.mjs in 676.13ms
i Compiled tailwind/expose/theme/container.mjs in 676.17ms
i Compiled tailwind/expose/theme/content.mjs in 844.97ms
i Compiled tailwind/expose/theme/contrast.mjs in 845.14ms
i Compiled tailwind/expose/theme/cursor.mjs in 845.18ms
i Compiled tailwind/expose/theme/divideColor.mjs in 845.2ms
i Compiled tailwind/expose/theme/divideOpacity.mjs in 845.15ms
i Compiled tailwind/expose/theme/divideWidth.mjs in 845.18ms
i Compiled tailwind/expose/theme/dropShadow.mjs in 845.92ms
i Compiled tailwind/expose/theme/fill.mjs in 837.88ms
i Compiled tailwind/expose/theme/flex.mjs in 837.79ms
i Compiled tailwind/expose/theme/flexBasis.mjs in 837.81ms
i Compiled tailwind/expose/theme/flexGrow.mjs in 837.83ms
i Compiled tailwind/expose/theme/flexShrink.mjs in 837.85ms
i Compiled tailwind/expose/theme/fontFamily.mjs in 838.57ms
i Compiled tailwind/expose/theme/fontSize.mjs in 829.86ms
i Compiled tailwind/expose/theme/fontWeight.mjs in 810.15ms
i Compiled tailwind/expose/theme/gap.mjs in 810.18ms
i Compiled tailwind/expose/theme/gradientColorStops.mjs in 810.21ms
i Compiled tailwind/expose/theme/gradientColorStopPositions.mjs in 810.15ms
i Compiled tailwind/expose/theme/grayscale.mjs in 810.19ms
i Compiled tailwind/expose/theme/gridAutoColumns.mjs in 810.24ms
i Compiled tailwind/expose/theme/gridAutoRows.mjs in 810.3ms
i Compiled tailwind/expose/theme/gridColumn.mjs in 810.44ms
i Compiled tailwind/expose/theme/gridColumnEnd.mjs in 810.54ms
i Compiled tailwind/expose/theme/gridColumnStart.mjs in 810.59ms
i Compiled tailwind/expose/theme/gridRow.mjs in 810.64ms
i Compiled tailwind/expose/theme/gridRowEnd.mjs in 810.67ms
i Compiled tailwind/expose/theme/gridRowStart.mjs in 810.71ms
i Compiled tailwind/expose/theme/gridTemplateColumns.mjs in 810.75ms
i Compiled tailwind/expose/theme/gridTemplateRows.mjs in 810.78ms
i Compiled tailwind/expose/theme/height.mjs in 810.82ms
i Compiled tailwind/expose/theme/hueRotate.mjs in 810.84ms
i Compiled tailwind/expose/theme/inset.mjs in 810.88ms
i Compiled tailwind/expose/theme/invert.mjs in 810.9ms
i Compiled tailwind/expose/theme/keyframes.mjs in 810.93ms
i Compiled tailwind/expose/theme/letterSpacing.mjs in 810.95ms
i Compiled tailwind/expose/theme/lineHeight.mjs in 810.98ms
i Compiled tailwind/expose/theme/listStyleType.mjs in 811ms
i Compiled tailwind/expose/theme/listStyleImage.mjs in 811.02ms
i Compiled tailwind/expose/theme/margin.mjs in 811.06ms
i Compiled tailwind/expose/theme/lineClamp.mjs in 811.07ms
i Compiled tailwind/expose/theme/maxHeight.mjs in 811.1ms
i Compiled tailwind/expose/theme/maxWidth.mjs in 811.11ms
i Compiled tailwind/expose/theme/minHeight.mjs in 811.12ms
i Compiled tailwind/expose/theme/minWidth.mjs in 811.14ms
i Compiled tailwind/expose/theme/objectPosition.mjs in 811.18ms
i Compiled tailwind/expose/theme/opacity.mjs in 811.22ms
i Compiled tailwind/expose/theme/order.mjs in 811.24ms
i Compiled tailwind/expose/theme/outlineColor.mjs in 811.26ms
i Compiled tailwind/expose/theme/outlineOffset.mjs in 811.19ms
i Compiled tailwind/expose/theme/outlineWidth.mjs in 811.22ms
i Compiled tailwind/expose/theme/padding.mjs in 811.25ms
i Compiled tailwind/expose/theme/placeholderColor.mjs in 811.27ms
i Compiled tailwind/expose/theme/placeholderOpacity.mjs in 811.2ms
i Compiled tailwind/expose/theme/ringColor.mjs in 811.23ms
i Compiled tailwind/expose/theme/ringOffsetColor.mjs in 811.17ms
i Compiled tailwind/expose/theme/ringOffsetWidth.mjs in 811.1ms
i Compiled tailwind/expose/theme/ringOpacity.mjs in 811.16ms
i Compiled tailwind/expose/theme/ringWidth.mjs in 811.19ms
i Compiled tailwind/expose/theme/rotate.mjs in 811.21ms
i Compiled tailwind/expose/theme/saturate.mjs in 811.26ms
i Compiled tailwind/expose/theme/scale.mjs in 811.3ms
i Compiled tailwind/expose/theme/screens.mjs in 811.33ms
i Compiled tailwind/expose/theme/scrollMargin.mjs in 811.37ms
i Compiled tailwind/expose/theme/scrollPadding.mjs in 811.4ms
i Compiled tailwind/expose/theme/sepia.mjs in 811.43ms
i Compiled tailwind/expose/theme/skew.mjs in 811.46ms
i Compiled tailwind/expose/theme/space.mjs in 811.5ms
i Compiled tailwind/expose/theme/spacing.mjs in 811.53ms
i Compiled tailwind/expose/theme/stroke.mjs in 811.57ms
i Compiled tailwind/expose/theme/strokeWidth.mjs in 811.51ms
i Compiled tailwind/expose/theme/supports.mjs in 811.55ms
i Compiled tailwind/expose/theme/data.mjs in 811.58ms
i Compiled tailwind/expose/theme/textColor.mjs in 811.61ms
i Compiled tailwind/expose/theme/textDecorationColor.mjs in 811.55ms
i Compiled tailwind/expose/theme/textDecorationThickness.mjs in 811.49ms
i Compiled tailwind/expose/theme/textIndent.mjs in 811.52ms
i Compiled tailwind/expose/theme/textOpacity.mjs in 811.53ms
i Compiled tailwind/expose/theme/textUnderlineOffset.mjs in 811.56ms
i Compiled tailwind/expose/theme/transformOrigin.mjs in 811.59ms
i Compiled tailwind/expose/theme/transitionDelay.mjs in 811.61ms
i Compiled tailwind/expose/theme/transitionDuration.mjs in 811.64ms
i Compiled tailwind/expose/theme/transitionProperty.mjs in 811.66ms
i Compiled tailwind/expose/theme/transitionTimingFunction.mjs in 811.68ms
i Compiled tailwind/expose/theme/translate.mjs in 811.71ms
i Compiled tailwind/expose/theme/size.mjs in 811.73ms
i Compiled tailwind/expose/theme/width.mjs in 811.74ms
i Compiled tailwind/expose/theme/willChange.mjs in 811.76ms
i Compiled tailwind/expose/theme/zIndex.mjs in 811.78ms
i Compiled tailwind/expose/theme.mjs in 811.83ms
i Compiled tailwind/expose/corePlugins.mjs in 832.58ms
i Compiled tailwind/expose/plugins.mjs in 706.85ms
i Compiled tailwind/expose/content/relative.mjs in 706.87ms
i Compiled tailwind/expose/content/files.mjs in 713.26ms
i Compiled tailwind/expose/content/extract.mjs in 682.09ms
i Compiled tailwind/expose/content/transform.mjs in 682.1ms
i Compiled tailwind/expose/content.mjs in 682.13ms
i Compiled tailwind/expose/presets.mjs in 682.15ms
i Compiled tailwind/expose/darkMode.mjs in 682.19ms
i Compiled tailwind/expose/prefix.mjs in 682.21ms
i Compiled tailwind/expose/important.mjs in 682.24ms
i Compiled tailwind/expose/separator.mjs in 682.26ms
i Compiled tailwind/expose/safelist.mjs in 682.29ms
i Compiled tailwind/expose/blocklist.mjs in 682.31ms
i Compiled tailwind/expose/index.mjs in 682.35ms
i Compiled types/tailwind.config.d.ts in 710.67ms
i Compiled tailwind/expose/theme/accentColor.mjs in 652.45ms
i Compiled tailwind/expose/theme/animation.mjs in 657.54ms
i Compiled tailwind/expose/theme/aria.mjs in 657.63ms
i Compiled tailwind/expose/theme/aspectRatio.mjs in 657.66ms
i Compiled tailwind/expose/theme/backdropBlur.mjs in 657.69ms
i Compiled tailwind/expose/theme/backdropBrightness.mjs in 657.72ms
i Compiled tailwind/expose/theme/backdropContrast.mjs in 662.87ms
i Compiled tailwind/expose/theme/backdropGrayscale.mjs in 663.06ms
i Compiled tailwind/expose/theme/backdropHueRotate.mjs in 663.11ms
i Compiled tailwind/expose/theme/backdropInvert.mjs in 663.15ms
i Compiled tailwind/expose/theme/backdropOpacity.mjs in 663.19ms
i Compiled tailwind/expose/theme/backdropSaturate.mjs in 668.33ms
i Compiled tailwind/expose/theme/backdropSepia.mjs in 668.51ms
i Compiled tailwind/expose/theme/backgroundColor.mjs in 668.57ms
i Compiled tailwind/expose/theme/backgroundImage.mjs in 668.52ms
i Compiled tailwind/expose/theme/backgroundOpacity.mjs in 668.57ms
i Compiled tailwind/expose/theme/backgroundPosition.mjs in 840.3ms
i Compiled tailwind/expose/theme/backgroundSize.mjs in 840.46ms
i Compiled tailwind/expose/theme/blur.mjs in 840.49ms
i Compiled tailwind/expose/theme/borderColor.mjs in 840.55ms
i Compiled tailwind/expose/theme/borderOpacity.mjs in 840.5ms
i Compiled tailwind/expose/theme/borderRadius.mjs in 840.53ms
i Compiled tailwind/expose/theme/borderSpacing.mjs in 840.56ms
i Compiled tailwind/expose/theme/borderWidth.mjs in 840.59ms
i Compiled tailwind/expose/theme/boxShadow.mjs in 840.62ms
i Compiled tailwind/expose/theme/boxShadowColor.mjs in 840.64ms
i Compiled tailwind/expose/theme/brightness.mjs in 840.57ms
i Compiled tailwind/expose/theme/caretColor.mjs in 840.6ms
i Compiled tailwind/expose/theme/colors.mjs in 840.54ms
i Compiled tailwind/expose/theme/columns.mjs in 840.46ms
i Compiled tailwind/expose/theme/container.mjs in 840.48ms
i Compiled tailwind/expose/theme/content.mjs in 840.5ms
i Compiled tailwind/expose/theme/contrast.mjs in 840.53ms
i Compiled tailwind/expose/theme/cursor.mjs in 840.56ms
i Compiled tailwind/expose/theme/divideColor.mjs in 840.58ms
i Compiled tailwind/expose/theme/divideOpacity.mjs in 840.52ms
i Compiled tailwind/expose/theme/divideWidth.mjs in 840.54ms
i Compiled tailwind/expose/theme/dropShadow.mjs in 841.2ms
i Compiled tailwind/expose/theme/fill.mjs in 833.22ms
i Compiled tailwind/expose/theme/flex.mjs in 833.13ms
i Compiled tailwind/expose/theme/flexBasis.mjs in 833.15ms
i Compiled tailwind/expose/theme/flexGrow.mjs in 833.16ms
i Compiled tailwind/expose/theme/flexShrink.mjs in 833.2ms
i Compiled tailwind/expose/theme/fontFamily.mjs in 833.83ms
i Compiled tailwind/expose/theme/fontSize.mjs in 824.66ms
i Compiled tailwind/expose/theme/fontWeight.mjs in 804.87ms
i Compiled tailwind/expose/theme/gap.mjs in 804.9ms
i Compiled tailwind/expose/theme/gradientColorStops.mjs in 804.97ms
i Compiled tailwind/expose/theme/gradientColorStopPositions.mjs in 804.91ms
i Compiled tailwind/expose/theme/grayscale.mjs in 804.95ms
i Compiled tailwind/expose/theme/gridAutoColumns.mjs in 804.98ms
i Compiled tailwind/expose/theme/gridAutoRows.mjs in 805.02ms
i Compiled tailwind/expose/theme/gridColumn.mjs in 805.08ms
i Compiled tailwind/expose/theme/gridColumnEnd.mjs in 805.13ms
i Compiled tailwind/expose/theme/gridColumnStart.mjs in 805.18ms
i Compiled tailwind/expose/theme/gridRow.mjs in 805.23ms
i Compiled tailwind/expose/theme/gridRowEnd.mjs in 805.28ms
i Compiled tailwind/expose/theme/gridRowStart.mjs in 805.37ms
i Compiled tailwind/expose/theme/gridTemplateColumns.mjs in 805.45ms
i Compiled tailwind/expose/theme/gridTemplateRows.mjs in 805.52ms
i Compiled tailwind/expose/theme/height.mjs in 805.57ms
i Compiled tailwind/expose/theme/hueRotate.mjs in 805.61ms
i Compiled tailwind/expose/theme/inset.mjs in 805.66ms
i Compiled tailwind/expose/theme/invert.mjs in 805.71ms
i Compiled tailwind/expose/theme/keyframes.mjs in 805.77ms
i Compiled tailwind/expose/theme/letterSpacing.mjs in 805.83ms
i Compiled tailwind/expose/theme/lineHeight.mjs in 805.9ms
i Compiled tailwind/expose/theme/listStyleType.mjs in 805.96ms
i Compiled tailwind/expose/theme/listStyleImage.mjs in 806.02ms
i Compiled tailwind/expose/theme/margin.mjs in 806.09ms
i Compiled tailwind/expose/theme/lineClamp.mjs in 806.14ms
i Compiled tailwind/expose/theme/maxHeight.mjs in 806.19ms
i Compiled tailwind/expose/theme/maxWidth.mjs in 806.24ms
i Compiled tailwind/expose/theme/minHeight.mjs in 806.27ms
i Compiled tailwind/expose/theme/minWidth.mjs in 806.32ms
i Compiled tailwind/expose/theme/objectPosition.mjs in 806.36ms
i Compiled tailwind/expose/theme/opacity.mjs in 806.41ms
i Compiled tailwind/expose/theme/order.mjs in 806.47ms
i Compiled tailwind/expose/theme/outlineColor.mjs in 806.56ms
i Compiled tailwind/expose/theme/outlineOffset.mjs in 806.51ms
i Compiled tailwind/expose/theme/outlineWidth.mjs in 806.57ms
i Compiled tailwind/expose/theme/padding.mjs in 806.61ms
i Compiled tailwind/expose/theme/placeholderColor.mjs in 806.65ms
i Compiled tailwind/expose/theme/placeholderOpacity.mjs in 806.59ms
i Compiled tailwind/expose/theme/ringColor.mjs in 806.63ms
i Compiled tailwind/expose/theme/ringOffsetColor.mjs in 806.59ms
i Compiled tailwind/expose/theme/ringOffsetWidth.mjs in 806.52ms
i Compiled tailwind/expose/theme/ringOpacity.mjs in 806.56ms
i Compiled tailwind/expose/theme/ringWidth.mjs in 806.58ms
i Compiled tailwind/expose/theme/rotate.mjs in 806.61ms
i Compiled tailwind/expose/theme/saturate.mjs in 806.64ms
i Compiled tailwind/expose/theme/scale.mjs in 806.68ms
i Compiled tailwind/expose/theme/screens.mjs in 806.71ms
i Compiled tailwind/expose/theme/scrollMargin.mjs in 806.75ms
i Compiled tailwind/expose/theme/scrollPadding.mjs in 806.78ms
i Compiled tailwind/expose/theme/sepia.mjs in 806.82ms
i Compiled tailwind/expose/theme/skew.mjs in 806.87ms
i Compiled tailwind/expose/theme/space.mjs in 806.9ms
i Compiled tailwind/expose/theme/spacing.mjs in 806.93ms
i Compiled tailwind/expose/theme/stroke.mjs in 806.98ms
i Compiled tailwind/expose/theme/strokeWidth.mjs in 806.92ms
i Compiled tailwind/expose/theme/supports.mjs in 806.99ms
i Compiled tailwind/expose/theme/data.mjs in 807.09ms
i Compiled tailwind/expose/theme/textColor.mjs in 807.14ms
i Compiled tailwind/expose/theme/textDecorationColor.mjs in 807.08ms
i Compiled tailwind/expose/theme/textDecorationThickness.mjs in 807.05ms
i Compiled tailwind/expose/theme/textIndent.mjs in 807.08ms
i Compiled tailwind/expose/theme/textOpacity.mjs in 807.12ms
i Compiled tailwind/expose/theme/textUnderlineOffset.mjs in 807.14ms
i Compiled tailwind/expose/theme/transformOrigin.mjs in 807.19ms
i Compiled tailwind/expose/theme/transitionDelay.mjs in 807.24ms
i Compiled tailwind/expose/theme/transitionDuration.mjs in 807.27ms
i Compiled tailwind/expose/theme/transitionProperty.mjs in 807.31ms
i Compiled tailwind/expose/theme/transitionTimingFunction.mjs in 807.34ms
i Compiled tailwind/expose/theme/translate.mjs in 807.37ms
i Compiled tailwind/expose/theme/size.mjs in 807.38ms
i Compiled tailwind/expose/theme/width.mjs in 807.39ms
i Compiled tailwind/expose/theme/willChange.mjs in 807.39ms
i Compiled tailwind/expose/theme/zIndex.mjs in 807.43ms
i Compiled tailwind/expose/theme.mjs in 807.47ms
i Compiled tailwind/expose/corePlugins.mjs in 827.76ms
i Compiled tailwind/expose/plugins.mjs in 701.41ms
i Compiled tailwind/expose/content/relative.mjs in 701.42ms
i Compiled tailwind/expose/content/files.mjs in 707.59ms
i Compiled tailwind/expose/content/extract.mjs in 676.49ms
i Compiled tailwind/expose/content/transform.mjs in 676.51ms
i Compiled tailwind/expose/content.mjs in 676.54ms
i Compiled tailwind/expose/presets.mjs in 676.57ms
i Compiled tailwind/expose/darkMode.mjs in 676.6ms
i Compiled tailwind/expose/prefix.mjs in 676.64ms
i Compiled tailwind/expose/important.mjs in 676.67ms
i Compiled tailwind/expose/separator.mjs in 676.7ms
i Compiled tailwind/expose/safelist.mjs in 676.73ms
i Compiled tailwind/expose/blocklist.mjs in 676.76ms
i Compiled tailwind/expose/index.mjs in 676.8ms
i Compiled types/tailwind.config.d.ts in 705.52ms
i Compiled tailwind/expose/theme/accentColor.mjs in 647.96ms
i Compiled tailwind/expose/theme/animation.mjs in 653.06ms
i Compiled tailwind/expose/theme/aria.mjs in 653.15ms
i Compiled tailwind/expose/theme/aspectRatio.mjs in 653.19ms
i Compiled tailwind/expose/theme/backdropBlur.mjs in 653.23ms
i Compiled tailwind/expose/theme/backdropBrightness.mjs in 653.26ms
i Compiled tailwind/expose/theme/backdropContrast.mjs in 658.41ms
i Compiled tailwind/expose/theme/backdropGrayscale.mjs in 658.57ms
i Compiled tailwind/expose/theme/backdropHueRotate.mjs in 658.63ms
i Compiled tailwind/expose/theme/backdropInvert.mjs in 658.69ms
i Compiled tailwind/expose/theme/backdropOpacity.mjs in 658.73ms
i Compiled tailwind/expose/theme/backdropSaturate.mjs in 663.87ms
i Compiled tailwind/expose/theme/backdropSepia.mjs in 664.04ms
i Compiled tailwind/expose/theme/backgroundColor.mjs in 664.09ms
i Compiled tailwind/expose/theme/backgroundImage.mjs in 664.04ms
i Compiled tailwind/expose/theme/backgroundOpacity.mjs in 664.08ms
i Compiled tailwind/expose/theme/backgroundPosition.mjs in 833.21ms
i Compiled tailwind/expose/theme/backgroundSize.mjs in 833.39ms
i Compiled tailwind/expose/theme/blur.mjs in 833.43ms
i Compiled tailwind/expose/theme/borderColor.mjs in 833.46ms
i Compiled tailwind/expose/theme/borderOpacity.mjs in 833.4ms
i Compiled tailwind/expose/theme/borderRadius.mjs in 833.42ms
i Compiled tailwind/expose/theme/borderSpacing.mjs in 833.46ms
i Compiled tailwind/expose/theme/borderWidth.mjs in 833.48ms
i Compiled tailwind/expose/theme/boxShadow.mjs in 833.51ms
i Compiled tailwind/expose/theme/boxShadowColor.mjs in 833.54ms
i Compiled tailwind/expose/theme/brightness.mjs in 833.48ms
i Compiled tailwind/expose/theme/caretColor.mjs in 833.51ms
i Compiled tailwind/expose/theme/colors.mjs in 833.46ms
i Compiled tailwind/expose/theme/columns.mjs in 833.42ms
i Compiled tailwind/expose/theme/container.mjs in 833.47ms
i Compiled tailwind/expose/theme/content.mjs in 833.52ms
i Compiled tailwind/expose/theme/contrast.mjs in 833.54ms
i Compiled tailwind/expose/theme/cursor.mjs in 833.57ms
i Compiled tailwind/expose/theme/divideColor.mjs in 833.59ms
i Compiled tailwind/expose/theme/divideOpacity.mjs in 833.52ms
i Compiled tailwind/expose/theme/divideWidth.mjs in 833.55ms
i Compiled tailwind/expose/theme/dropShadow.mjs in 834.31ms
i Compiled tailwind/expose/theme/fill.mjs in 826.49ms
i Compiled tailwind/expose/theme/flex.mjs in 826.38ms
i Compiled tailwind/expose/theme/flexBasis.mjs in 826.41ms
i Compiled tailwind/expose/theme/flexGrow.mjs in 826.41ms
i Compiled tailwind/expose/theme/flexShrink.mjs in 826.43ms
i Compiled tailwind/expose/theme/fontFamily.mjs in 827.3ms
i Compiled tailwind/expose/theme/fontSize.mjs in 818.72ms
i Compiled tailwind/expose/theme/fontWeight.mjs in 799.04ms
i Compiled tailwind/expose/theme/gap.mjs in 799.05ms
i Compiled tailwind/expose/theme/gradientColorStops.mjs in 799.06ms
i Compiled tailwind/expose/theme/gradientColorStopPositions.mjs in 799ms
i Compiled tailwind/expose/theme/grayscale.mjs in 799.03ms
i Compiled tailwind/expose/theme/gridAutoColumns.mjs in 799.05ms
i Compiled tailwind/expose/theme/gridAutoRows.mjs in 799.09ms
i Compiled tailwind/expose/theme/gridColumn.mjs in 799.13ms
i Compiled tailwind/expose/theme/gridColumnEnd.mjs in 799.19ms
i Compiled tailwind/expose/theme/gridColumnStart.mjs in 799.23ms
i Compiled tailwind/expose/theme/gridRow.mjs in 799.25ms
i Compiled tailwind/expose/theme/gridRowEnd.mjs in 799.29ms
i Compiled tailwind/expose/theme/gridRowStart.mjs in 799.34ms
i Compiled tailwind/expose/theme/gridTemplateColumns.mjs in 799.38ms
i Compiled tailwind/expose/theme/gridTemplateRows.mjs in 799.41ms
i Compiled tailwind/expose/theme/height.mjs in 799.44ms
i Compiled tailwind/expose/theme/hueRotate.mjs in 799.45ms
i Compiled tailwind/expose/theme/inset.mjs in 799.48ms
i Compiled tailwind/expose/theme/invert.mjs in 799.5ms
i Compiled tailwind/expose/theme/keyframes.mjs in 799.55ms
i Compiled tailwind/expose/theme/letterSpacing.mjs in 799.6ms
i Compiled tailwind/expose/theme/lineHeight.mjs in 799.65ms
i Compiled tailwind/expose/theme/listStyleType.mjs in 799.67ms
i Compiled tailwind/expose/theme/listStyleImage.mjs in 799.7ms
i Compiled tailwind/expose/theme/margin.mjs in 799.73ms
i Compiled tailwind/expose/theme/lineClamp.mjs in 799.75ms
i Compiled tailwind/expose/theme/maxHeight.mjs in 799.78ms
i Compiled tailwind/expose/theme/maxWidth.mjs in 799.79ms
i Compiled tailwind/expose/theme/minHeight.mjs in 799.8ms
i Compiled tailwind/expose/theme/minWidth.mjs in 799.83ms
i Compiled tailwind/expose/theme/objectPosition.mjs in 799.86ms
i Compiled tailwind/expose/theme/opacity.mjs in 799.89ms
i Compiled tailwind/expose/theme/order.mjs in 799.92ms
i Compiled tailwind/expose/theme/outlineColor.mjs in 799.94ms
i Compiled tailwind/expose/theme/outlineOffset.mjs in 799.89ms
i Compiled tailwind/expose/theme/outlineWidth.mjs in 799.94ms
i Compiled tailwind/expose/theme/padding.mjs in 799.97ms
i Compiled tailwind/expose/theme/placeholderColor.mjs in 800ms
i Compiled tailwind/expose/theme/placeholderOpacity.mjs in 799.95ms
i Compiled tailwind/expose/theme/ringColor.mjs in 799.98ms
i Compiled tailwind/expose/theme/ringOffsetColor.mjs in 799.93ms
i Compiled tailwind/expose/theme/ringOffsetWidth.mjs in 799.87ms
i Compiled tailwind/expose/theme/ringOpacity.mjs in 799.9ms
i Compiled tailwind/expose/theme/ringWidth.mjs in 799.92ms
i Compiled tailwind/expose/theme/rotate.mjs in 799.95ms
i Compiled tailwind/expose/theme/saturate.mjs in 799.98ms
i Compiled tailwind/expose/theme/scale.mjs in 800ms
i Compiled tailwind/expose/theme/screens.mjs in 800.02ms
i Compiled tailwind/expose/theme/scrollMargin.mjs in 800.06ms
i Compiled tailwind/expose/theme/scrollPadding.mjs in 800.1ms
i Compiled tailwind/expose/theme/sepia.mjs in 803.58ms
i Compiled tailwind/expose/theme/skew.mjs in 803.93ms
i Compiled tailwind/expose/theme/space.mjs in 804.02ms
i Compiled tailwind/expose/theme/spacing.mjs in 804.08ms
i Compiled tailwind/expose/theme/stroke.mjs in 804.14ms
i Compiled tailwind/expose/theme/strokeWidth.mjs in 804.11ms
i Compiled tailwind/expose/theme/supports.mjs in 804.2ms
i Compiled tailwind/expose/theme/data.mjs in 804.28ms
i Compiled tailwind/expose/theme/textColor.mjs in 804.38ms
i Compiled tailwind/expose/theme/textDecorationColor.mjs in 804.35ms
i Compiled tailwind/expose/theme/textDecorationThickness.mjs in 804.31ms
i Compiled tailwind/expose/theme/textIndent.mjs in 804.37ms
i Compiled tailwind/expose/theme/textOpacity.mjs in 804.42ms
i Compiled tailwind/expose/theme/textUnderlineOffset.mjs in 804.47ms
i Compiled tailwind/expose/theme/transformOrigin.mjs in 804.52ms
i Compiled tailwind/expose/theme/transitionDelay.mjs in 804.62ms
i Compiled tailwind/expose/theme/transitionDuration.mjs in 804.7ms
i Compiled tailwind/expose/theme/transitionProperty.mjs in 804.73ms
i Compiled tailwind/expose/theme/transitionTimingFunction.mjs in 804.75ms
i Compiled tailwind/expose/theme/translate.mjs in 804.79ms
i Compiled tailwind/expose/theme/size.mjs in 804.81ms
i Compiled tailwind/expose/theme/width.mjs in 804.83ms
i Compiled tailwind/expose/theme/willChange.mjs in 804.85ms
i Compiled tailwind/expose/theme/zIndex.mjs in 804.89ms
i Compiled tailwind/expose/theme.mjs in 804.94ms
i Compiled tailwind/expose/corePlugins.mjs in 826.92ms
i Compiled tailwind/expose/plugins.mjs in 701.03ms
i Compiled tailwind/expose/content/relative.mjs in 701.04ms
i Compiled tailwind/expose/content/files.mjs in 707.12ms
i Compiled tailwind/expose/content/extract.mjs in 675.6ms
i Compiled tailwind/expose/content/transform.mjs in 675.61ms
i Compiled tailwind/expose/content.mjs in 675.64ms
i Compiled tailwind/expose/presets.mjs in 675.66ms
i Compiled tailwind/expose/darkMode.mjs in 675.7ms
i Compiled tailwind/expose/prefix.mjs in 675.73ms
i Compiled tailwind/expose/important.mjs in 675.77ms
i Compiled tailwind/expose/separator.mjs in 675.8ms
i Compiled tailwind/expose/safelist.mjs in 675.84ms
i Compiled tailwind/expose/blocklist.mjs in 675.89ms
i Compiled tailwind/expose/index.mjs in 675.93ms
i Compiled types/tailwind.config.d.ts in 704.66ms
i Compiled tailwind/expose/theme/accentColor.mjs in 518.41ms
i Compiled tailwind/expose/theme/animation.mjs in 523.52ms
i Compiled tailwind/expose/theme/aria.mjs in 523.66ms
i Compiled tailwind/expose/theme/aspectRatio.mjs in 523.68ms
i Compiled tailwind/expose/theme/backdropBlur.mjs in 523.71ms
i Compiled tailwind/expose/theme/backdropBrightness.mjs in 523.74ms
i Compiled tailwind/expose/theme/backdropContrast.mjs in 528.87ms
i Compiled tailwind/expose/theme/backdropGrayscale.mjs in 529.04ms
i Compiled tailwind/expose/theme/backdropHueRotate.mjs in 529.09ms
i Compiled tailwind/expose/theme/backdropInvert.mjs in 529.13ms
i Compiled tailwind/expose/theme/backdropOpacity.mjs in 529.17ms
i Compiled tailwind/expose/theme/backdropSaturate.mjs in 534.32ms
i Compiled tailwind/expose/theme/backdropSepia.mjs in 534.48ms
i Compiled tailwind/expose/theme/backgroundColor.mjs in 534.56ms
i Compiled tailwind/expose/theme/backgroundImage.mjs in 534.51ms
i Compiled tailwind/expose/theme/backgroundOpacity.mjs in 534.55ms
i Compiled tailwind/expose/theme/backgroundPosition.mjs in 539.68ms
i Compiled tailwind/expose/theme/backgroundSize.mjs in 539.8ms
i Compiled tailwind/expose/theme/blur.mjs in 539.83ms
i Compiled tailwind/expose/theme/borderColor.mjs in 539.87ms
i Compiled tailwind/expose/theme/borderOpacity.mjs in 539.81ms
i Compiled tailwind/expose/theme/borderRadius.mjs in 544.94ms
i Compiled tailwind/expose/theme/borderSpacing.mjs in 545.06ms
i Compiled tailwind/expose/theme/borderWidth.mjs in 545.08ms
i Compiled tailwind/expose/theme/boxShadow.mjs in 545.11ms
i Compiled tailwind/expose/theme/boxShadowColor.mjs in 545.14ms
i Compiled tailwind/expose/theme/brightness.mjs in 550.18ms
i Compiled tailwind/expose/theme/caretColor.mjs in 550.35ms
i Compiled tailwind/expose/theme/colors.mjs in 550.3ms
i Compiled tailwind/expose/theme/columns.mjs in 550.26ms
i Compiled tailwind/expose/theme/container.mjs in 550.29ms
i Compiled tailwind/expose/theme/content.mjs in 555.44ms
i Compiled tailwind/expose/theme/contrast.mjs in 555.62ms
i Compiled tailwind/expose/theme/cursor.mjs in 555.67ms
i Compiled tailwind/expose/theme/divideColor.mjs in 555.71ms
i Compiled tailwind/expose/theme/divideOpacity.mjs in 555.67ms
i Compiled tailwind/expose/theme/divideWidth.mjs in 555.7ms
i Compiled tailwind/expose/theme/dropShadow.mjs in 561.54ms
i Compiled tailwind/expose/theme/fill.mjs in 553.16ms
i Compiled tailwind/expose/theme/flex.mjs in 553.05ms
i Compiled tailwind/expose/theme/flexBasis.mjs in 553.09ms
i Compiled tailwind/expose/theme/flexGrow.mjs in 553.12ms
i Compiled tailwind/expose/theme/flexShrink.mjs in 558.3ms
i Compiled tailwind/expose/theme/fontFamily.mjs in 559.1ms
i Compiled tailwind/expose/theme/fontSize.mjs in 549.91ms
i Compiled tailwind/expose/theme/fontWeight.mjs in 529.78ms
i Compiled tailwind/expose/theme/gap.mjs in 529.8ms
i Compiled tailwind/expose/theme/gradientColorStops.mjs in 534.95ms
i Compiled tailwind/expose/theme/gradientColorStopPositions.mjs in 534.98ms
i Compiled tailwind/expose/theme/grayscale.mjs in 535.02ms
i Compiled tailwind/expose/theme/gridAutoColumns.mjs in 535.06ms
i Compiled tailwind/expose/theme/gridAutoRows.mjs in 535.08ms
i Compiled tailwind/expose/theme/gridColumn.mjs in 540.25ms
i Compiled tailwind/expose/theme/gridColumnEnd.mjs in 540.43ms
i Compiled tailwind/expose/theme/gridColumnStart.mjs in 540.5ms
i Compiled tailwind/expose/theme/gridRow.mjs in 540.56ms
i Compiled tailwind/expose/theme/gridRowEnd.mjs in 540.61ms
i Compiled tailwind/expose/theme/gridRowStart.mjs in 545.75ms
i Compiled tailwind/expose/theme/gridTemplateColumns.mjs in 545.93ms
i Compiled tailwind/expose/theme/gridTemplateRows.mjs in 545.99ms
i Compiled tailwind/expose/theme/height.mjs in 546.06ms
i Compiled tailwind/expose/theme/hueRotate.mjs in 546.09ms
i Compiled tailwind/expose/theme/inset.mjs in 551.23ms
i Compiled tailwind/expose/theme/invert.mjs in 551.36ms
i Compiled tailwind/expose/theme/keyframes.mjs in 551.4ms
i Compiled tailwind/expose/theme/letterSpacing.mjs in 551.45ms
i Compiled tailwind/expose/theme/lineHeight.mjs in 551.5ms
i Compiled tailwind/expose/theme/listStyleType.mjs in 551.55ms
i Compiled tailwind/expose/theme/listStyleImage.mjs in 556.72ms
i Compiled tailwind/expose/theme/margin.mjs in 556.83ms
i Compiled tailwind/expose/theme/lineClamp.mjs in 556.86ms
i Compiled tailwind/expose/theme/maxHeight.mjs in 556.91ms
i Compiled tailwind/expose/theme/maxWidth.mjs in 556.95ms
i Compiled tailwind/expose/theme/minHeight.mjs in 562.07ms
i Compiled tailwind/expose/theme/minWidth.mjs in 562.21ms
i Compiled tailwind/expose/theme/objectPosition.mjs in 562.24ms
i Compiled tailwind/expose/theme/opacity.mjs in 562.26ms
i Compiled tailwind/expose/theme/order.mjs in 562.29ms
i Compiled tailwind/expose/theme/outlineColor.mjs in 567.42ms
i Compiled tailwind/expose/theme/outlineOffset.mjs in 567.46ms
i Compiled tailwind/expose/theme/outlineWidth.mjs in 567.49ms
i Compiled tailwind/expose/theme/padding.mjs in 567.51ms
i Compiled tailwind/expose/theme/placeholderColor.mjs in 567.54ms
i Compiled tailwind/expose/theme/placeholderOpacity.mjs in 572.6ms
i Compiled tailwind/expose/theme/ringColor.mjs in 572.77ms
i Compiled tailwind/expose/theme/ringOffsetColor.mjs in 572.73ms
i Compiled tailwind/expose/theme/ringOffsetWidth.mjs in 572.67ms
i Compiled tailwind/expose/theme/ringOpacity.mjs in 572.74ms
i Compiled tailwind/expose/theme/ringWidth.mjs in 577.89ms
i Compiled tailwind/expose/theme/rotate.mjs in 578.02ms
i Compiled tailwind/expose/theme/saturate.mjs in 578.06ms
i Compiled tailwind/expose/theme/scale.mjs in 578.08ms
i Compiled tailwind/expose/theme/screens.mjs in 578.11ms
i Compiled tailwind/expose/theme/scrollMargin.mjs in 578.13ms
i Compiled tailwind/expose/theme/scrollPadding.mjs in 583.32ms
i Compiled tailwind/expose/theme/sepia.mjs in 583.48ms
i Compiled tailwind/expose/theme/skew.mjs in 583.53ms
i Compiled tailwind/expose/theme/space.mjs in 583.58ms
i Compiled tailwind/expose/theme/spacing.mjs in 583.62ms
i Compiled tailwind/expose/theme/stroke.mjs in 588.78ms
i Compiled tailwind/expose/theme/strokeWidth.mjs in 588.87ms
i Compiled tailwind/expose/theme/supports.mjs in 588.92ms
i Compiled tailwind/expose/theme/data.mjs in 588.97ms
i Compiled tailwind/expose/theme/textColor.mjs in 589.02ms
i Compiled tailwind/expose/theme/textDecorationColor.mjs in 594.07ms
i Compiled tailwind/expose/theme/textDecorationThickness.mjs in 594.13ms
i Compiled tailwind/expose/theme/textIndent.mjs in 594.16ms
i Compiled tailwind/expose/theme/textOpacity.mjs in 594.19ms
i Compiled tailwind/expose/theme/textUnderlineOffset.mjs in 594.22ms
i Compiled tailwind/expose/theme/transformOrigin.mjs in 599.35ms
i Compiled tailwind/expose/theme/transitionDelay.mjs in 599.47ms
i Compiled tailwind/expose/theme/transitionDuration.mjs in 599.5ms
i Compiled tailwind/expose/theme/transitionProperty.mjs in 599.53ms
i Compiled tailwind/expose/theme/transitionTimingFunction.mjs in 599.63ms
i Compiled tailwind/expose/theme/translate.mjs in 604.76ms
i Compiled tailwind/expose/theme/size.mjs in 604.91ms
i Compiled tailwind/expose/theme/width.mjs in 604.93ms
i Compiled tailwind/expose/theme/willChange.mjs in 604.95ms
i Compiled tailwind/expose/theme/zIndex.mjs in 604.99ms
i Compiled tailwind/expose/theme.mjs in 610.13ms
i Compiled tailwind/expose/corePlugins.mjs in 633.42ms
i Compiled tailwind/expose/plugins.mjs in 507.02ms
i Compiled tailwind/expose/content/relative.mjs in 507.03ms
i Compiled tailwind/expose/content/files.mjs in 517.41ms
i Compiled types/tailwind.config.d.ts in 515.29ms

<--- Last few GCs --->

[17644:00000202E376D000]  3549605 ms: Mark-Compact 4088.1 (4101.7) -> 4085.3 (4100.9) MB, pooled: 4 MB, 1021.37 / 0.00 ms  (average mu = 0.150, current mu = 0.027) allocation failure; scavenge might not succeed
[17644:00000202E376D000]  3550618 ms: Mark-Compact 4089.4 (4100.9) -> 4086.2 (4109.9) MB, pooled: 0 MB, 991.87 / 0.00 ms  (average mu = 0.088, current mu = 0.020) allocation failure; scavenge might not succeed

FATAL ERROR: Ineffective mark-compacts near heap limit Allocation failed - JavaScript heap out of memory
----- Native stack trace -----

 1: 00007FF7470C7DBF node::OnFatalError+1343
 2: 00007FF747D0B017 v8::Function::NewInstance+423
 3: 00007FF747B0B8C7 v8::base::AddressSpaceReservation::AddressSpaceReservation+322071
 4: 00007FF747B0F5D4 v8::base::AddressSpaceReservation::AddressSpaceReservation+337700
 5: 00007FF747B1E56C v8::internal::StrongRootAllocatorBase::deallocate_impl+16604
 6: 00007FF747B1DDAB v8::internal::StrongRootAllocatorBase::deallocate_impl+14619
 7: 00007FF748F85B6D v8::base::UnsignedDivisionByConstant<unsigned __int64>+2791341
 8: 00007FF747B09390 v8::base::AddressSpaceReservation::AddressSpaceReservation+312544
 9: 00007FF747B23C1A X509_STORE_set_cleanup+5098
10: 00007FF747B30036 uv_timer_set_repeat+20566
11: 00007FF747702F67 v8::String::Value::~Value+143495
12: 000002029FE7733A 
